unit_id,experiment,run_id,model,arm,split,item_key,seed,paraphrases,section,kind,lane,cut_rank,est_cost,est_unit,est_raw,status,gate,hash_verified,result_file,result_sha256,scores_sha256,n_rows,n_expected,updated_utc,notes
smoke_20__gemma-3-1b-it__nfc,smoke,smoke_20,gemma-3-1b-it,nfc,dev,noilai_dev,backend_seed=20261203,p0,Prerequisite,prerequisite,kaggle_gpu,1,0.1787,gpu_hours,0.179,planned,none,no,,,,,,2026-10-07T14:35:19Z,
smoke_20__llama-3.1-8b-instruct__nfc,smoke,smoke_20,llama-3.1-8b-instruct,nfc,dev,noilai_dev,backend_seed=20261203,p0,Prerequisite,prerequisite,kaggle_gpu,2,0.1589,gpu_hours,0.159,planned,none,no,,,,,,2026-10-07T14:35:19Z,
smoke_20__phogpt-4b-chat__nfc,smoke,smoke_20,phogpt-4b-chat,nfc,dev,noilai_dev,backend_seed=20261203,p0,Prerequisite,prerequisite,kaggle_gpu,3,0.1162,gpu_hours,0.116,planned,none,no,,,,,,2026-10-07T14:35:19Z,
smoke_20__vistral-7b-chat__nfc,smoke,smoke_20,vistral-7b-chat,nfc,dev,noilai_dev,backend_seed=20261203,p0,Prerequisite,prerequisite,kaggle_gpu,4,0.1519,gpu_hours,0.152,planned,none,no,,,,,,2026-10-07T14:35:19Z,
smoke_20__qwen3.5-2b__nfc,smoke,smoke_20,qwen3.5-2b,nfc,dev,noilai_dev,backend_seed=20261203,p0,Prerequisite,prerequisite,kaggle_gpu,5,0.0993,gpu_hours,0.099,planned,none,no,,,,,,2026-10-07T14:35:19Z,
smoke_20__gemma-4-e2b__nfc,smoke,smoke_20,gemma-4-e2b,nfc,dev,noilai_dev,backend_seed=20261203,p0,Prerequisite,prerequisite,kaggle_gpu,6,0.0993,gpu_hours,0.099,planned,none,no,,,,,,2026-10-07T14:35:19Z,
smoke_20__sailor2-8b-chat__nfc,smoke,smoke_20,sailor2-8b-chat,nfc,dev,noilai_dev,backend_seed=20261203,p0,Prerequisite,prerequisite,kaggle_gpu,7,0.1589,gpu_hours,0.159,planned,none,no,,,,,,2026-10-07T14:35:19Z,
smoke_20__gemma-sea-lion-v4.5-e2b-it__nfc,smoke,smoke_20,gemma-sea-lion-v4.5-e2b-it,nfc,dev,noilai_dev,backend_seed=20261203,p0,Prerequisite,prerequisite,kaggle_gpu,8,0.0993,gpu_hours,0.099,planned,none,no,,,,,,2026-10-07T14:35:19Z,
smoke_20__gemma-3-4b-it__nfc,smoke,smoke_20,gemma-3-4b-it,nfc,dev,noilai_dev,backend_seed=20261203,p0,Prerequisite,prerequisite,kaggle_gpu,9,0.2443,gpu_hours,0.244,planned,none,no,,,,,,2026-10-07T14:35:19Z,
smoke_20__qwen3.5-4b__nfc,smoke,smoke_20,qwen3.5-4b,nfc,dev,noilai_dev,backend_seed=20261203,p0,Prerequisite,prerequisite,kaggle_gpu,10,0.1192,gpu_hours,0.119,planned,none,no,,,,,,2026-10-07T14:35:19Z,
smoke_20__gemma-4-e4b__nfc,smoke,smoke_20,gemma-4-e4b,nfc,dev,noilai_dev,backend_seed=20261203,p0,Prerequisite,prerequisite,kaggle_gpu,11,0.1192,gpu_hours,0.119,planned,none,no,,,,,,2026-10-07T14:35:19Z,
smoke_20__qwen3.5-9b__nfc,smoke,smoke_20,qwen3.5-9b,nfc,dev,noilai_dev,backend_seed=20261203,p0,Prerequisite,prerequisite,kaggle_gpu,12,0.1688,gpu_hours,0.169,planned,none,no,,,,,,2026-10-07T14:35:19Z,
smoke_20_tpu__qwen3.8-27b__nfc,smoke,smoke_20_tpu,qwen3.8-27b,nfc,dev,noilai_dev,backend_seed=20261203,p0,Prerequisite,prerequisite,kaggle_tpu,13,0.388,tpu_hours,0.388,planned,none,no,,,,,,2026-10-07T14:35:19Z,
smoke_20_tpu__qwen-sea-lion-v4.5-27b-it__nfc,smoke,smoke_20_tpu,qwen-sea-lion-v4.5-27b-it,nfc,dev,noilai_dev,backend_seed=20261203,p0,Prerequisite,prerequisite,kaggle_tpu,14,0.388,tpu_hours,0.388,planned,none,no,,,,,,2026-10-07T14:35:19Z,
smoke_20_tpu__gemma-3-12b-it__nfc,smoke,smoke_20_tpu,gemma-3-12b-it,nfc,dev,noilai_dev,backend_seed=20261203,p0,Prerequisite,prerequisite,kaggle_tpu,15,0.2239,tpu_hours,0.224,planned,none,no,,,,,,2026-10-07T14:35:19Z,
smoke_20__qwen3.5-0.8b__nfc,smoke,smoke_20,qwen3.5-0.8b,nfc,dev,noilai_dev,backend_seed=20261203,p0,Prerequisite,prerequisite,kaggle_gpu,16,0.0874,gpu_hours,0.087,planned,none,no,,,,,,2026-10-07T14:35:19Z,
smoke_20__gemma-4-12b__nfc,smoke,smoke_20,gemma-4-12b,nfc,dev,noilai_dev,backend_seed=20261203,p0,Prerequisite,prerequisite,kaggle_gpu,17,0.1986,gpu_hours,0.199,planned,none,no,,,,,,2026-10-07T14:35:19Z,
floor_pilot_dev__gemma-3-1b-it__nfc,pilot_exploratory,floor_pilot_dev,gemma-3-1b-it,nfc,dev,pilot_t1t3_dev,backend_seed=20261203;sample_seed=20261012,p0,Exploratory,exploratory,kaggle_gpu,101,0.6338,gpu_hours,0.634,planned,none,n/a,,,,,,2026-10-07T14:49:49Z,
pilot_t1_200__gemma-3-1b-it__nfc,pilot,pilot_t1_200,gemma-3-1b-it,nfc,dev,pilot_t1_200,backend_seed=20261203;sample_seed=20261009,p0,Prerequisite,prerequisite,kaggle_gpu,101,0.3401,gpu_hours,0.34,planned,none,no,,,,,,2026-10-07T14:35:19Z,
pilot_t1_200__gemma-3-1b-it__nfd,pilot,pilot_t1_200,gemma-3-1b-it,nfd,dev,pilot_t1_200,backend_seed=20261203;sample_seed=20261009,p0,Prerequisite,prerequisite,kaggle_gpu,101,0.3401,gpu_hours,0.34,planned,none,no,,,,,,2026-10-07T14:35:19Z,
pilot_xcopa_200__gemma-3-1b-it__nfc,pilot,pilot_xcopa_200,gemma-3-1b-it,nfc,xcopa,pilot_xcopa_200,backend_seed=20261203;sample_seed=20261010,p0,Prerequisite,prerequisite,kaggle_gpu,101,0.2267,gpu_hours,0.227,planned,none,no,,,,,,2026-10-07T14:35:19Z,
pilot_xcopa_200__gemma-3-1b-it__nfd,pilot,pilot_xcopa_200,gemma-3-1b-it,nfd,xcopa,pilot_xcopa_200,backend_seed=20261203;sample_seed=20261010,p0,Prerequisite,prerequisite,kaggle_gpu,101,0.2267,gpu_hours,0.227,planned,none,no,,,,,,2026-10-07T14:35:19Z,
throughput_dev__gemma-3-1b-it__nfc,throughput,throughput_dev,gemma-3-1b-it,nfc,test,throughput_t1_300,backend_seed=20261203;sample_seed=20261013,p0,Exploratory,exploratory,kaggle_gpu,101,0.3362,gpu_hours,0.336,planned,none,n/a,,,,,,2026-10-07T14:49:49Z,
throughput_dev__llama-3.1-8b-instruct__nfc,throughput,throughput_dev,llama-3.1-8b-instruct,nfc,test,throughput_t1_300,backend_seed=20261203;sample_seed=20261013,p0,Exploratory,exploratory,kaggle_gpu,102,0.2989,gpu_hours,0.299,planned,none,n/a,,,,,,2026-10-07T14:49:49Z,
pilot_t1_200__phogpt-4b-chat__nfc,pilot,pilot_t1_200,phogpt-4b-chat,nfc,dev,pilot_t1_200,backend_seed=20261203;sample_seed=20261009,p0,Prerequisite,prerequisite,kaggle_gpu,103,0.221,gpu_hours,0.221,planned,none,no,,,,,,2026-10-07T14:35:19Z,
pilot_t1_200__phogpt-4b-chat__nfd,pilot,pilot_t1_200,phogpt-4b-chat,nfd,dev,pilot_t1_200,backend_seed=20261203;sample_seed=20261009,p0,Prerequisite,prerequisite,kaggle_gpu,103,0.221,gpu_hours,0.221,planned,none,no,,,,,,2026-10-07T14:35:19Z,
pilot_xcopa_200__phogpt-4b-chat__nfc,pilot,pilot_xcopa_200,phogpt-4b-chat,nfc,xcopa,pilot_xcopa_200,backend_seed=20261203;sample_seed=20261010,p0,Prerequisite,prerequisite,kaggle_gpu,103,0.1474,gpu_hours,0.147,planned,none,no,,,,,,2026-10-07T14:35:19Z,
pilot_xcopa_200__phogpt-4b-chat__nfd,pilot,pilot_xcopa_200,phogpt-4b-chat,nfd,xcopa,pilot_xcopa_200,backend_seed=20261203;sample_seed=20261010,p0,Prerequisite,prerequisite,kaggle_gpu,103,0.1474,gpu_hours,0.147,planned,none,no,,,,,,2026-10-07T14:35:19Z,
throughput_dev__phogpt-4b-chat__nfc,throughput,throughput_dev,phogpt-4b-chat,nfc,test,throughput_t1_300,backend_seed=20261203;sample_seed=20261013,p0,Exploratory,exploratory,kaggle_gpu,103,0.2186,gpu_hours,0.219,planned,none,n/a,,,,,,2026-10-07T14:49:49Z,
floor_pilot_dev__qwen3.5-2b__nfc,pilot_exploratory,floor_pilot_dev,qwen3.5-2b,nfc,dev,pilot_t1t3_dev,backend_seed=20261203;sample_seed=20261012,p0,Exploratory,exploratory,kaggle_gpu,105,0.3521,gpu_hours,0.352,planned,none,n/a,,,,,,2026-10-07T14:49:49Z,
pilot_t1_200__qwen3.5-2b__nfc,pilot,pilot_t1_200,qwen3.5-2b,nfc,dev,pilot_t1_200,backend_seed=20261203;sample_seed=20261009,p0,Prerequisite,prerequisite,kaggle_gpu,105,0.1889,gpu_hours,0.189,planned,none,no,,,,,,2026-10-07T14:35:19Z,
pilot_xcopa_200__qwen3.5-2b__nfc,pilot,pilot_xcopa_200,qwen3.5-2b,nfc,xcopa,pilot_xcopa_200,backend_seed=20261203;sample_seed=20261010,p0,Prerequisite,prerequisite,kaggle_gpu,105,0.1259,gpu_hours,0.126,planned,none,no,,,,,,2026-10-07T14:35:19Z,
throughput_dev__qwen3.5-2b__nfc,throughput,throughput_dev,qwen3.5-2b,nfc,test,throughput_t1_300,backend_seed=20261203;sample_seed=20261013,p0,Exploratory,exploratory,kaggle_gpu,105,0.1868,gpu_hours,0.187,planned,none,n/a,,,,,,2026-10-07T14:49:49Z,
floor_pilot_dev__gemma-4-e2b__nfc,pilot_exploratory,floor_pilot_dev,gemma-4-e2b,nfc,dev,pilot_t1t3_dev,backend_seed=20261203;sample_seed=20261012,p0,Exploratory,exploratory,kaggle_gpu,106,0.3521,gpu_hours,0.352,planned,none,n/a,,,,,,2026-10-07T14:49:49Z,
floor_pilot_dev__gemma-sea-lion-v4.5-e2b-it__nfc,pilot_exploratory,floor_pilot_dev,gemma-sea-lion-v4.5-e2b-it,nfc,dev,pilot_t1t3_dev,backend_seed=20261203;sample_seed=20261012,p0,Exploratory,exploratory,kaggle_gpu,108,0.3521,gpu_hours,0.352,planned,none,n/a,,,,,,2026-10-07T14:49:49Z,
throughput_dev__gemma-3-4b-it__nfc,throughput,throughput_dev,gemma-3-4b-it,nfc,test,throughput_t1_300,backend_seed=20261203;sample_seed=20261013,p0,Exploratory,exploratory,kaggle_gpu,109,0.4595,gpu_hours,0.46,planned,none,n/a,,,,,,2026-10-07T14:49:49Z,
floor_pilot_dev__qwen3.5-0.8b__nfc,pilot_exploratory,floor_pilot_dev,qwen3.5-0.8b,nfc,dev,pilot_t1t3_dev,backend_seed=20261203;sample_seed=20261012,p0,Exploratory,exploratory,kaggle_gpu,116,0.3099,gpu_hours,0.31,planned,none,n/a,,,,,,2026-10-07T14:49:49Z,
pilot_t1_200__qwen3.5-2b__nfd,pilot,pilot_t1_200,qwen3.5-2b,nfd,dev,pilot_t1_200,backend_seed=20261203;sample_seed=20261009,p0,Prerequisite,prerequisite,kaggle_gpu,155,0.1889,gpu_hours,0.189,planned,none,no,,,,,,2026-10-07T14:35:19Z,DD 7.2: tokenizer expected to normalize; this cell is 0 by construction once the census confirms it
pilot_xcopa_200__qwen3.5-2b__nfd,pilot,pilot_xcopa_200,qwen3.5-2b,nfd,xcopa,pilot_xcopa_200,backend_seed=20261203;sample_seed=20261010,p0,Prerequisite,prerequisite,kaggle_gpu,155,0.1259,gpu_hours,0.126,planned,none,no,,,,,,2026-10-07T14:35:19Z,DD 7.2: tokenizer expected to normalize; this cell is 0 by construction once the census confirms it
validation__A,human_validation,validation,,,human,validation_sample,,,Human,confirmatory,human,500,8.0,person_hours,8.0,planned,none,n/a,,,,,,2026-10-07T14:35:19Z,"validator A: 1,000-item sample share + 200-item overlap"
validation__B,human_validation,validation,,,human,validation_sample,,,Human,confirmatory,human,500,8.0,person_hours,8.0,planned,none,n/a,,,,,,2026-10-07T14:35:19Z,validator B
validation__C,human_validation,validation,,,human,validation_sample,,,Human,confirmatory,human,500,8.0,person_hours,8.0,planned,none,n/a,,,,,,2026-10-07T14:35:19Z,validator C
attested__expansion,data,attested,,,human,attested_seed,,,Human,confirmatory,human,550,12.0,person_hours,12.0,planned,none,n/a,,,,,,2026-10-07T14:35:19Z,attested set to >= 100 native-verified exact rows from >= 3 collections (H6 floor)
baseline__form01,human_baseline,baseline,,,human,noilai_main,,,Human,confirmatory,human,600,0.42,person_hours,0.42,planned,none,n/a,,,,,,2026-10-07T14:35:19Z,"human-baseline form 1 of 20 (30 items, ~25 min)"
baseline__form02,human_baseline,baseline,,,human,noilai_main,,,Human,confirmatory,human,600,0.42,person_hours,0.42,planned,none,n/a,,,,,,2026-10-07T14:35:19Z,"human-baseline form 2 of 20 (30 items, ~25 min)"
baseline__form03,human_baseline,baseline,,,human,noilai_main,,,Human,confirmatory,human,600,0.42,person_hours,0.42,planned,none,n/a,,,,,,2026-10-07T14:35:19Z,"human-baseline form 3 of 20 (30 items, ~25 min)"
baseline__form04,human_baseline,baseline,,,human,noilai_main,,,Human,confirmatory,human,600,0.42,person_hours,0.42,planned,none,n/a,,,,,,2026-10-07T14:35:19Z,"human-baseline form 4 of 20 (30 items, ~25 min)"
baseline__form05,human_baseline,baseline,,,human,noilai_main,,,Human,confirmatory,human,600,0.42,person_hours,0.42,planned,none,n/a,,,,,,2026-10-07T14:35:19Z,"human-baseline form 5 of 20 (30 items, ~25 min)"
baseline__form06,human_baseline,baseline,,,human,noilai_main,,,Human,confirmatory,human,600,0.42,person_hours,0.42,planned,none,n/a,,,,,,2026-10-07T14:35:19Z,"human-baseline form 6 of 20 (30 items, ~25 min)"
baseline__form07,human_baseline,baseline,,,human,noilai_main,,,Human,confirmatory,human,600,0.42,person_hours,0.42,planned,none,n/a,,,,,,2026-10-07T14:35:19Z,"human-baseline form 7 of 20 (30 items, ~25 min)"
baseline__form08,human_baseline,baseline,,,human,noilai_main,,,Human,confirmatory,human,600,0.42,person_hours,0.42,planned,none,n/a,,,,,,2026-10-07T14:35:19Z,"human-baseline form 8 of 20 (30 items, ~25 min)"
baseline__form09,human_baseline,baseline,,,human,noilai_main,,,Human,confirmatory,human,600,0.42,person_hours,0.42,planned,none,n/a,,,,,,2026-10-07T14:35:19Z,"human-baseline form 9 of 20 (30 items, ~25 min)"
baseline__form10,human_baseline,baseline,,,human,noilai_main,,,Human,confirmatory,human,600,0.42,person_hours,0.42,planned,none,n/a,,,,,,2026-10-07T14:35:19Z,"human-baseline form 10 of 20 (30 items, ~25 min)"
baseline__form11,human_baseline,baseline,,,human,noilai_main,,,Human,confirmatory,human,600,0.42,person_hours,0.42,planned,none,n/a,,,,,,2026-10-07T14:35:19Z,"human-baseline form 11 of 20 (30 items, ~25 min)"
baseline__form12,human_baseline,baseline,,,human,noilai_main,,,Human,confirmatory,human,600,0.42,person_hours,0.42,planned,none,n/a,,,,,,2026-10-07T14:35:19Z,"human-baseline form 12 of 20 (30 items, ~25 min)"
baseline__form13,human_baseline,baseline,,,human,noilai_main,,,Human,confirmatory,human,600,0.42,person_hours,0.42,planned,none,n/a,,,,,,2026-10-07T14:35:19Z,"human-baseline form 13 of 20 (30 items, ~25 min)"
baseline__form14,human_baseline,baseline,,,human,noilai_main,,,Human,confirmatory,human,600,0.42,person_hours,0.42,planned,none,n/a,,,,,,2026-10-07T14:35:19Z,"human-baseline form 14 of 20 (30 items, ~25 min)"
baseline__form15,human_baseline,baseline,,,human,noilai_main,,,Human,confirmatory,human,600,0.42,person_hours,0.42,planned,none,n/a,,,,,,2026-10-07T14:35:19Z,"human-baseline form 15 of 20 (30 items, ~25 min)"
baseline__form16,human_baseline,baseline,,,human,noilai_main,,,Human,confirmatory,human,600,0.42,person_hours,0.42,planned,none,n/a,,,,,,2026-10-07T14:35:19Z,"human-baseline form 16 of 20 (30 items, ~25 min)"
baseline__form17,human_baseline,baseline,,,human,noilai_main,,,Human,confirmatory,human,600,0.42,person_hours,0.42,planned,none,n/a,,,,,,2026-10-07T14:35:19Z,"human-baseline form 17 of 20 (30 items, ~25 min)"
baseline__form18,human_baseline,baseline,,,human,noilai_main,,,Human,confirmatory,human,600,0.42,person_hours,0.42,planned,none,n/a,,,,,,2026-10-07T14:35:19Z,"human-baseline form 18 of 20 (30 items, ~25 min)"
baseline__form19,human_baseline,baseline,,,human,noilai_main,,,Human,confirmatory,human,600,0.42,person_hours,0.42,planned,none,n/a,,,,,,2026-10-07T14:35:19Z,"human-baseline form 19 of 20 (30 items, ~25 min)"
baseline__form20,human_baseline,baseline,,,human,noilai_main,,,Human,confirmatory,human,600,0.42,person_hours,0.42,planned,none,n/a,,,,,,2026-10-07T14:35:19Z,"human-baseline form 20 of 20 (30 items, ~25 min)"
E1_main__gemma-3-1b-it__nfc,E1,E1_main,gemma-3-1b-it,nfc,test,noilai_main,backend_seed=20261203,p0|p1|p2,Results,confirmatory,kaggle_gpu,1001,1.7428,gpu_hours,1.743,planned,prereg+qu+iy,no,,,,,,2026-10-07T14:35:19Z,
E1_main__llama-3.1-8b-instruct__nfc,E1,E1_main,llama-3.1-8b-instruct,nfc,test,noilai_main,backend_seed=20261203,p0|p1|p2,Results,confirmatory,kaggle_gpu,1002,1.5492,gpu_hours,1.549,planned,prereg+qu+iy,no,,,,,,2026-10-07T14:35:19Z,
E1_main__phogpt-4b-chat__nfc,E1,E1_main,phogpt-4b-chat,nfc,test,noilai_main,backend_seed=20261203,p0|p1|p2,Results,confirmatory,kaggle_gpu,1003,1.1328,gpu_hours,1.133,planned,prereg+qu+iy,no,,,,,,2026-10-07T14:35:19Z,
E1_main__vistral-7b-chat__nfc,E1,E1_main,vistral-7b-chat,nfc,test,noilai_main,backend_seed=20261203,p0|p1|p2,Results,confirmatory,kaggle_gpu,1004,1.4814,gpu_hours,1.481,planned,prereg+qu+iy,no,,,,,,2026-10-07T14:35:19Z,
E1_main__qwen3.5-2b__nfc,E1,E1_main,qwen3.5-2b,nfc,test,noilai_main,backend_seed=20261203,p0|p1|p2,Results,confirmatory,kaggle_gpu,1005,0.9682,gpu_hours,0.968,planned,prereg+qu+iy,no,,,,,,2026-10-07T14:35:19Z,
E1_main__gemma-4-e2b__nfc,E1,E1_main,gemma-4-e2b,nfc,test,noilai_main,backend_seed=20261203,p0|p1|p2,Results,confirmatory,kaggle_gpu,1006,0.9682,gpu_hours,0.968,planned,prereg+qu+iy,no,,,,,,2026-10-07T14:35:19Z,
E1_main__sailor2-8b-chat__nfc,E1,E1_main,sailor2-8b-chat,nfc,test,noilai_main,backend_seed=20261203,p0|p1|p2,Results,confirmatory,kaggle_gpu,1007,1.5492,gpu_hours,1.549,planned,prereg+qu+iy,no,,,,,,2026-10-07T14:35:19Z,
E1_main__gemma-sea-lion-v4.5-e2b-it__nfc,E1,E1_main,gemma-sea-lion-v4.5-e2b-it,nfc,test,noilai_main,backend_seed=20261203,p0|p1|p2,Results,confirmatory,kaggle_gpu,1008,0.9682,gpu_hours,0.968,planned,prereg+qu+iy,no,,,,,,2026-10-07T14:35:19Z,
E1_main__gemma-3-4b-it__nfc,E1,E1_main,gemma-3-4b-it,nfc,test,noilai_main,backend_seed=20261203,p0|p1|p2,Results,confirmatory,kaggle_gpu,1009,2.3818,gpu_hours,2.382,planned,prereg+qu+iy,no,,,,,,2026-10-07T14:35:19Z,
E1_main__qwen3.5-4b__nfc,E1,E1_main,qwen3.5-4b,nfc,test,noilai_main,backend_seed=20261203,p0|p1|p2,Results,confirmatory,kaggle_gpu,1010,1.1619,gpu_hours,1.162,planned,prereg+qu+iy,no,,,,,,2026-10-07T14:35:19Z,
E1_main__gemma-4-e4b__nfc,E1,E1_main,gemma-4-e4b,nfc,test,noilai_main,backend_seed=20261203,p0|p1|p2,Results,confirmatory,kaggle_gpu,1011,1.1619,gpu_hours,1.162,planned,prereg+qu+iy,no,,,,,,2026-10-07T14:35:19Z,
E1_main__qwen3.5-9b__nfc,E1,E1_main,qwen3.5-9b,nfc,test,noilai_main,backend_seed=20261203,p0|p1|p2,Results,confirmatory,kaggle_gpu,1012,1.646,gpu_hours,1.646,planned,prereg+qu+iy,no,,,,,,2026-10-07T14:35:19Z,
E1_main__qwen3.8-27b__nfc,E1,E1_main,qwen3.8-27b,nfc,test,noilai_main,backend_seed=20261203,p0|p1|p2,Results,confirmatory,kaggle_tpu,1013,2.3282,tpu_hours,2.328,planned,prereg+qu+iy,no,,,,,,2026-10-07T14:35:19Z,booked under tpu_main (identical command; --resume makes the other a no-op)
E1_main__qwen-sea-lion-v4.5-27b-it__nfc,E1,E1_main,qwen-sea-lion-v4.5-27b-it,nfc,test,noilai_main,backend_seed=20261203,p0|p1|p2,Results,confirmatory,kaggle_tpu,1014,2.3282,tpu_hours,2.328,planned,prereg+qu+iy,no,,,,,,2026-10-07T14:35:19Z,booked under tpu_main (identical command; --resume makes the other a no-op)
E1_main__gemma-3-12b-it__nfc,E1,E1_main,gemma-3-12b-it,nfc,test,noilai_main,backend_seed=20261203,p0|p1|p2,Results,confirmatory,kaggle_tpu,1015,1.3437,tpu_hours,1.344,planned,prereg+qu+iy,no,,,,,,2026-10-07T14:35:19Z,booked under tpu_main (identical command; --resume makes the other a no-op)
E1_main__qwen3.5-0.8b__nfc,E1,E1_main,qwen3.5-0.8b,nfc,test,noilai_main,backend_seed=20261203,p0|p1|p2,Results,confirmatory,kaggle_gpu,1016,0.852,gpu_hours,0.852,planned,prereg+qu+iy,no,,,,,,2026-10-07T14:35:19Z,
E1_main__gemma-4-12b__nfc,E1,E1_main,gemma-4-12b,nfc,test,noilai_main,backend_seed=20261203,p0|p1|p2,Results,confirmatory,kaggle_gpu,1017,1.9364,gpu_hours,1.936,planned,prereg+qu+iy,no,,,,,,2026-10-07T14:35:19Z,
E1_explicit_input__gemma-3-1b-it__nfc,E1,E1_explicit_input,gemma-3-1b-it,nfc,core,noilai_core,backend_seed=20261203,p0,Results,confirmatory,kaggle_gpu,1201,0.1852,gpu_hours,0.185,planned,prereg+qu+iy,no,,,,,,2026-10-07T14:35:19Z,
E1_explicit_input__llama-3.1-8b-instruct__nfc,E1,E1_explicit_input,llama-3.1-8b-instruct,nfc,core,noilai_core,backend_seed=20261203,p0,Results,confirmatory,kaggle_gpu,1202,0.1646,gpu_hours,0.165,planned,prereg+qu+iy,no,,,,,,2026-10-07T14:35:19Z,
E1_explicit_input__phogpt-4b-chat__nfc,E1,E1_explicit_input,phogpt-4b-chat,nfc,core,noilai_core,backend_seed=20261203,p0,Results,confirmatory,kaggle_gpu,1203,0.1204,gpu_hours,0.12,planned,prereg+qu+iy,no,,,,,,2026-10-07T14:35:19Z,
E1_explicit_input__vistral-7b-chat__nfc,E1,E1_explicit_input,vistral-7b-chat,nfc,core,noilai_core,backend_seed=20261203,p0,Results,confirmatory,kaggle_gpu,1204,0.1574,gpu_hours,0.157,planned,prereg+qu+iy,no,,,,,,2026-10-07T14:35:19Z,
E1_explicit_input__qwen3.5-2b__nfc,E1,E1_explicit_input,qwen3.5-2b,nfc,core,noilai_core,backend_seed=20261203,p0,Results,confirmatory,kaggle_gpu,1205,0.1029,gpu_hours,0.103,planned,prereg+qu+iy,no,,,,,,2026-10-07T14:35:19Z,
E1_explicit_input__gemma-4-e2b__nfc,E1,E1_explicit_input,gemma-4-e2b,nfc,core,noilai_core,backend_seed=20261203,p0,Results,confirmatory,kaggle_gpu,1206,0.1029,gpu_hours,0.103,planned,prereg+qu+iy,no,,,,,,2026-10-07T14:35:19Z,
E1_explicit_input__sailor2-8b-chat__nfc,E1,E1_explicit_input,sailor2-8b-chat,nfc,core,noilai_core,backend_seed=20261203,p0,Results,confirmatory,kaggle_gpu,1207,0.1646,gpu_hours,0.165,planned,prereg+qu+iy,no,,,,,,2026-10-07T14:35:19Z,
E1_explicit_input__gemma-sea-lion-v4.5-e2b-it__nfc,E1,E1_explicit_input,gemma-sea-lion-v4.5-e2b-it,nfc,core,noilai_core,backend_seed=20261203,p0,Results,confirmatory,kaggle_gpu,1208,0.1029,gpu_hours,0.103,planned,prereg+qu+iy,no,,,,,,2026-10-07T14:35:19Z,
E1_explicit_input__gemma-3-4b-it__nfc,E1,E1_explicit_input,gemma-3-4b-it,nfc,core,noilai_core,backend_seed=20261203,p0,Results,confirmatory,kaggle_gpu,1209,0.2531,gpu_hours,0.253,planned,prereg+qu+iy,no,,,,,,2026-10-07T14:35:19Z,
E1_explicit_input__qwen3.5-4b__nfc,E1,E1_explicit_input,qwen3.5-4b,nfc,core,noilai_core,backend_seed=20261203,p0,Results,confirmatory,kaggle_gpu,1210,0.1235,gpu_hours,0.123,planned,prereg+qu+iy,no,,,,,,2026-10-07T14:35:19Z,
E1_explicit_input__gemma-4-e4b__nfc,E1,E1_explicit_input,gemma-4-e4b,nfc,core,noilai_core,backend_seed=20261203,p0,Results,confirmatory,kaggle_gpu,1211,0.1235,gpu_hours,0.123,planned,prereg+qu+iy,no,,,,,,2026-10-07T14:35:19Z,
E1_explicit_input__qwen3.5-9b__nfc,E1,E1_explicit_input,qwen3.5-9b,nfc,core,noilai_core,backend_seed=20261203,p0,Results,confirmatory,kaggle_gpu,1212,0.1749,gpu_hours,0.175,planned,prereg+qu+iy,no,,,,,,2026-10-07T14:35:19Z,
E1_explicit_input__qwen3.8-27b__nfc,E1,E1_explicit_input,qwen3.8-27b,nfc,core,noilai_core,backend_seed=20261203,p0,Results,confirmatory,kaggle_tpu,1213,0.3601,tpu_hours,0.36,planned,prereg+qu+iy,no,,,,,,2026-10-07T14:35:19Z,
E1_explicit_input__qwen-sea-lion-v4.5-27b-it__nfc,E1,E1_explicit_input,qwen-sea-lion-v4.5-27b-it,nfc,core,noilai_core,backend_seed=20261203,p0,Results,confirmatory,kaggle_tpu,1214,0.3601,tpu_hours,0.36,planned,prereg+qu+iy,no,,,,,,2026-10-07T14:35:19Z,
E1_explicit_input__gemma-3-12b-it__nfc,E1,E1_explicit_input,gemma-3-12b-it,nfc,core,noilai_core,backend_seed=20261203,p0,Results,confirmatory,kaggle_tpu,1215,0.2078,tpu_hours,0.208,planned,prereg+qu+iy,no,,,,,,2026-10-07T14:35:19Z,
E1_explicit_input__qwen3.5-0.8b__nfc,E1,E1_explicit_input,qwen3.5-0.8b,nfc,core,noilai_core,backend_seed=20261203,p0,Results,confirmatory,kaggle_gpu,1216,0.0905,gpu_hours,0.091,planned,prereg+qu+iy,no,,,,,,2026-10-07T14:35:19Z,
E1_explicit_input__gemma-4-12b__nfc,E1,E1_explicit_input,gemma-4-12b,nfc,core,noilai_core,backend_seed=20261203,p0,Results,confirmatory,kaggle_gpu,1217,0.2058,gpu_hours,0.206,planned,prereg+qu+iy,no,,,,,,2026-10-07T14:35:19Z,
E3_noilai__gemma-3-1b-it__nfc,E3,E3_noilai,gemma-3-1b-it,nfc,test,noilai_main,backend_seed=20261203,p0,Counterfactuals,confirmatory,kaggle_gpu,2001,0.2469,gpu_hours,0.247,planned,prereg+qu+iy,no,,,,,,2026-10-07T14:35:19Z,
E3_noilai__gemma-3-1b-it__nfd,E3,E3_noilai,gemma-3-1b-it,nfd,test,noilai_main,backend_seed=20261203,p0,Counterfactuals,confirmatory,kaggle_gpu,2001,0.2469,gpu_hours,0.247,planned,prereg+qu+iy,no,,,,,,2026-10-07T14:35:19Z,
E3_noilai__gemma-3-1b-it__pc,E3,E3_noilai,gemma-3-1b-it,pc,test,noilai_main,backend_seed=20261203,p0,Counterfactuals,confirmatory,kaggle_gpu,2001,0.2469,gpu_hours,0.247,planned,prereg+qu+iy,no,,,,,,2026-10-07T14:35:19Z,
E3_noilai__gemma-3-1b-it__strip_all,E3,E3_noilai,gemma-3-1b-it,strip_all,test,noilai_main,backend_seed=20261203,p0,Counterfactuals,confirmatory,kaggle_gpu,2001,0.2469,gpu_hours,0.247,planned,prereg+qu+iy,no,,,,,,2026-10-07T14:35:19Z,
E3_noilai__gemma-3-1b-it__strip_tones,E3,E3_noilai,gemma-3-1b-it,strip_tones,test,noilai_main,backend_seed=20261203,p0,Counterfactuals,confirmatory,kaggle_gpu,2001,0.2469,gpu_hours,0.247,planned,prereg+qu+iy,no,,,,,,2026-10-07T14:35:19Z,
E3_noilai__llama-3.1-8b-instruct__nfc,E3,E3_noilai,llama-3.1-8b-instruct,nfc,test,noilai_main,backend_seed=20261203,p0,Counterfactuals,confirmatory,kaggle_gpu,2002,0.2195,gpu_hours,0.219,planned,prereg+qu+iy,no,,,,,,2026-10-07T14:35:19Z,
E3_noilai__llama-3.1-8b-instruct__nfd,E3,E3_noilai,llama-3.1-8b-instruct,nfd,test,noilai_main,backend_seed=20261203,p0,Counterfactuals,confirmatory,kaggle_gpu,2002,0.2195,gpu_hours,0.219,planned,prereg+qu+iy,no,,,,,,2026-10-07T14:35:19Z,
E3_noilai__llama-3.1-8b-instruct__pc,E3,E3_noilai,llama-3.1-8b-instruct,pc,test,noilai_main,backend_seed=20261203,p0,Counterfactuals,confirmatory,kaggle_gpu,2002,0.2195,gpu_hours,0.219,planned,prereg+qu+iy,no,,,,,,2026-10-07T14:35:19Z,
E3_noilai__llama-3.1-8b-instruct__strip_all,E3,E3_noilai,llama-3.1-8b-instruct,strip_all,test,noilai_main,backend_seed=20261203,p0,Counterfactuals,confirmatory,kaggle_gpu,2002,0.2195,gpu_hours,0.219,planned,prereg+qu+iy,no,,,,,,2026-10-07T14:35:19Z,
E3_noilai__llama-3.1-8b-instruct__strip_tones,E3,E3_noilai,llama-3.1-8b-instruct,strip_tones,test,noilai_main,backend_seed=20261203,p0,Counterfactuals,confirmatory,kaggle_gpu,2002,0.2195,gpu_hours,0.219,planned,prereg+qu+iy,no,,,,,,2026-10-07T14:35:19Z,
E3_noilai__phogpt-4b-chat__nfc,E3,E3_noilai,phogpt-4b-chat,nfc,test,noilai_main,backend_seed=20261203,p0,Counterfactuals,confirmatory,kaggle_gpu,2003,0.1605,gpu_hours,0.16,planned,prereg+qu+iy,no,,,,,,2026-10-07T14:35:19Z,
E3_noilai__phogpt-4b-chat__nfd,E3,E3_noilai,phogpt-4b-chat,nfd,test,noilai_main,backend_seed=20261203,p0,Counterfactuals,confirmatory,kaggle_gpu,2003,0.1605,gpu_hours,0.16,planned,prereg+qu+iy,no,,,,,,2026-10-07T14:35:19Z,
E3_noilai__phogpt-4b-chat__pc,E3,E3_noilai,phogpt-4b-chat,pc,test,noilai_main,backend_seed=20261203,p0,Counterfactuals,confirmatory,kaggle_gpu,2003,0.1605,gpu_hours,0.16,planned,prereg+qu+iy,no,,,,,,2026-10-07T14:35:19Z,
E3_noilai__phogpt-4b-chat__strip_all,E3,E3_noilai,phogpt-4b-chat,strip_all,test,noilai_main,backend_seed=20261203,p0,Counterfactuals,confirmatory,kaggle_gpu,2003,0.1605,gpu_hours,0.16,planned,prereg+qu+iy,no,,,,,,2026-10-07T14:35:19Z,
E3_noilai__phogpt-4b-chat__strip_tones,E3,E3_noilai,phogpt-4b-chat,strip_tones,test,noilai_main,backend_seed=20261203,p0,Counterfactuals,confirmatory,kaggle_gpu,2003,0.1605,gpu_hours,0.16,planned,prereg+qu+iy,no,,,,,,2026-10-07T14:35:19Z,
E3_noilai__vistral-7b-chat__nfc,E3,E3_noilai,vistral-7b-chat,nfc,test,noilai_main,backend_seed=20261203,p0,Counterfactuals,confirmatory,kaggle_gpu,2004,0.2099,gpu_hours,0.21,planned,prereg+qu+iy,no,,,,,,2026-10-07T14:35:19Z,
E3_noilai__vistral-7b-chat__nfd,E3,E3_noilai,vistral-7b-chat,nfd,test,noilai_main,backend_seed=20261203,p0,Counterfactuals,confirmatory,kaggle_gpu,2004,0.2099,gpu_hours,0.21,planned,prereg+qu+iy,no,,,,,,2026-10-07T14:35:19Z,
E3_noilai__vistral-7b-chat__pc,E3,E3_noilai,vistral-7b-chat,pc,test,noilai_main,backend_seed=20261203,p0,Counterfactuals,confirmatory,kaggle_gpu,2004,0.2099,gpu_hours,0.21,planned,prereg+qu+iy,no,,,,,,2026-10-07T14:35:19Z,
E3_noilai__vistral-7b-chat__strip_all,E3,E3_noilai,vistral-7b-chat,strip_all,test,noilai_main,backend_seed=20261203,p0,Counterfactuals,confirmatory,kaggle_gpu,2004,0.2099,gpu_hours,0.21,planned,prereg+qu+iy,no,,,,,,2026-10-07T14:35:19Z,
E3_noilai__vistral-7b-chat__strip_tones,E3,E3_noilai,vistral-7b-chat,strip_tones,test,noilai_main,backend_seed=20261203,p0,Counterfactuals,confirmatory,kaggle_gpu,2004,0.2099,gpu_hours,0.21,planned,prereg+qu+iy,no,,,,,,2026-10-07T14:35:19Z,
E3_noilai__qwen3.5-2b__nfc,E3,E3_noilai,qwen3.5-2b,nfc,test,noilai_main,backend_seed=20261203,p0,Counterfactuals,confirmatory,kaggle_gpu,2005,0.1372,gpu_hours,0.137,planned,prereg+qu+iy,no,,,,,,2026-10-07T14:35:19Z,
E3_noilai__qwen3.5-2b__strip_all,E3,E3_noilai,qwen3.5-2b,strip_all,test,noilai_main,backend_seed=20261203,p0,Counterfactuals,confirmatory,kaggle_gpu,2005,0.1372,gpu_hours,0.137,planned,prereg+qu+iy,no,,,,,,2026-10-07T14:35:19Z,
E3_noilai__qwen3.5-2b__strip_tones,E3,E3_noilai,qwen3.5-2b,strip_tones,test,noilai_main,backend_seed=20261203,p0,Counterfactuals,confirmatory,kaggle_gpu,2005,0.1372,gpu_hours,0.137,planned,prereg+qu+iy,no,,,,,,2026-10-07T14:35:19Z,
E3_noilai__gemma-4-e2b__nfc,E3,E3_noilai,gemma-4-e2b,nfc,test,noilai_main,backend_seed=20261203,p0,Counterfactuals,confirmatory,kaggle_gpu,2006,0.1372,gpu_hours,0.137,planned,prereg+qu+iy,no,,,,,,2026-10-07T14:35:19Z,
E3_noilai__gemma-4-e2b__nfd,E3,E3_noilai,gemma-4-e2b,nfd,test,noilai_main,backend_seed=20261203,p0,Counterfactuals,confirmatory,kaggle_gpu,2006,0.1372,gpu_hours,0.137,planned,prereg+qu+iy,no,,,,,,2026-10-07T14:35:19Z,
E3_noilai__gemma-4-e2b__pc,E3,E3_noilai,gemma-4-e2b,pc,test,noilai_main,backend_seed=20261203,p0,Counterfactuals,confirmatory,kaggle_gpu,2006,0.1372,gpu_hours,0.137,planned,prereg+qu+iy,no,,,,,,2026-10-07T14:35:19Z,
E3_noilai__gemma-4-e2b__strip_all,E3,E3_noilai,gemma-4-e2b,strip_all,test,noilai_main,backend_seed=20261203,p0,Counterfactuals,confirmatory,kaggle_gpu,2006,0.1372,gpu_hours,0.137,planned,prereg+qu+iy,no,,,,,,2026-10-07T14:35:19Z,
E3_noilai__gemma-4-e2b__strip_tones,E3,E3_noilai,gemma-4-e2b,strip_tones,test,noilai_main,backend_seed=20261203,p0,Counterfactuals,confirmatory,kaggle_gpu,2006,0.1372,gpu_hours,0.137,planned,prereg+qu+iy,no,,,,,,2026-10-07T14:35:19Z,
E3_noilai__sailor2-8b-chat__nfc,E3,E3_noilai,sailor2-8b-chat,nfc,test,noilai_main,backend_seed=20261203,p0,Counterfactuals,confirmatory,kaggle_gpu,2007,0.2195,gpu_hours,0.219,planned,prereg+qu+iy,no,,,,,,2026-10-07T14:35:19Z,
E3_noilai__sailor2-8b-chat__strip_all,E3,E3_noilai,sailor2-8b-chat,strip_all,test,noilai_main,backend_seed=20261203,p0,Counterfactuals,confirmatory,kaggle_gpu,2007,0.2195,gpu_hours,0.219,planned,prereg+qu+iy,no,,,,,,2026-10-07T14:35:19Z,
E3_noilai__sailor2-8b-chat__strip_tones,E3,E3_noilai,sailor2-8b-chat,strip_tones,test,noilai_main,backend_seed=20261203,p0,Counterfactuals,confirmatory,kaggle_gpu,2007,0.2195,gpu_hours,0.219,planned,prereg+qu+iy,no,,,,,,2026-10-07T14:35:19Z,
E3_noilai__gemma-sea-lion-v4.5-e2b-it__nfc,E3,E3_noilai,gemma-sea-lion-v4.5-e2b-it,nfc,test,noilai_main,backend_seed=20261203,p0,Counterfactuals,confirmatory,kaggle_gpu,2008,0.1372,gpu_hours,0.137,planned,prereg+qu+iy,no,,,,,,2026-10-07T14:35:19Z,
E3_noilai__gemma-sea-lion-v4.5-e2b-it__nfd,E3,E3_noilai,gemma-sea-lion-v4.5-e2b-it,nfd,test,noilai_main,backend_seed=20261203,p0,Counterfactuals,confirmatory,kaggle_gpu,2008,0.1372,gpu_hours,0.137,planned,prereg+qu+iy,no,,,,,,2026-10-07T14:35:19Z,
E3_noilai__gemma-sea-lion-v4.5-e2b-it__pc,E3,E3_noilai,gemma-sea-lion-v4.5-e2b-it,pc,test,noilai_main,backend_seed=20261203,p0,Counterfactuals,confirmatory,kaggle_gpu,2008,0.1372,gpu_hours,0.137,planned,prereg+qu+iy,no,,,,,,2026-10-07T14:35:19Z,
E3_noilai__gemma-sea-lion-v4.5-e2b-it__strip_all,E3,E3_noilai,gemma-sea-lion-v4.5-e2b-it,strip_all,test,noilai_main,backend_seed=20261203,p0,Counterfactuals,confirmatory,kaggle_gpu,2008,0.1372,gpu_hours,0.137,planned,prereg+qu+iy,no,,,,,,2026-10-07T14:35:19Z,
E3_noilai__gemma-sea-lion-v4.5-e2b-it__strip_tones,E3,E3_noilai,gemma-sea-lion-v4.5-e2b-it,strip_tones,test,noilai_main,backend_seed=20261203,p0,Counterfactuals,confirmatory,kaggle_gpu,2008,0.1372,gpu_hours,0.137,planned,prereg+qu+iy,no,,,,,,2026-10-07T14:35:19Z,
E3_noilai__gemma-3-4b-it__nfc,E3,E3_noilai,gemma-3-4b-it,nfc,test,noilai_main,backend_seed=20261203,p0,Counterfactuals,confirmatory,kaggle_gpu,2009,0.3374,gpu_hours,0.337,planned,prereg+qu+iy,no,,,,,,2026-10-07T14:35:19Z,
E3_noilai__gemma-3-4b-it__nfd,E3,E3_noilai,gemma-3-4b-it,nfd,test,noilai_main,backend_seed=20261203,p0,Counterfactuals,confirmatory,kaggle_gpu,2009,0.3374,gpu_hours,0.337,planned,prereg+qu+iy,no,,,,,,2026-10-07T14:35:19Z,
E3_noilai__gemma-3-4b-it__pc,E3,E3_noilai,gemma-3-4b-it,pc,test,noilai_main,backend_seed=20261203,p0,Counterfactuals,confirmatory,kaggle_gpu,2009,0.3374,gpu_hours,0.337,planned,prereg+qu+iy,no,,,,,,2026-10-07T14:35:19Z,
E3_noilai__gemma-3-4b-it__strip_all,E3,E3_noilai,gemma-3-4b-it,strip_all,test,noilai_main,backend_seed=20261203,p0,Counterfactuals,confirmatory,kaggle_gpu,2009,0.3374,gpu_hours,0.337,planned,prereg+qu+iy,no,,,,,,2026-10-07T14:35:19Z,
E3_noilai__gemma-3-4b-it__strip_tones,E3,E3_noilai,gemma-3-4b-it,strip_tones,test,noilai_main,backend_seed=20261203,p0,Counterfactuals,confirmatory,kaggle_gpu,2009,0.3374,gpu_hours,0.337,planned,prereg+qu+iy,no,,,,,,2026-10-07T14:35:19Z,
E3_noilai__qwen3.5-4b__nfc,E3,E3_noilai,qwen3.5-4b,nfc,test,noilai_main,backend_seed=20261203,p0,Counterfactuals,confirmatory,kaggle_gpu,2010,0.1646,gpu_hours,0.165,planned,prereg+qu+iy,no,,,,,,2026-10-07T14:35:19Z,
E3_noilai__qwen3.5-4b__strip_all,E3,E3_noilai,qwen3.5-4b,strip_all,test,noilai_main,backend_seed=20261203,p0,Counterfactuals,confirmatory,kaggle_gpu,2010,0.1646,gpu_hours,0.165,planned,prereg+qu+iy,no,,,,,,2026-10-07T14:35:19Z,
E3_noilai__qwen3.5-4b__strip_tones,E3,E3_noilai,qwen3.5-4b,strip_tones,test,noilai_main,backend_seed=20261203,p0,Counterfactuals,confirmatory,kaggle_gpu,2010,0.1646,gpu_hours,0.165,planned,prereg+qu+iy,no,,,,,,2026-10-07T14:35:19Z,
E3_noilai__gemma-4-e4b__nfc,E3,E3_noilai,gemma-4-e4b,nfc,test,noilai_main,backend_seed=20261203,p0,Counterfactuals,confirmatory,kaggle_gpu,2011,0.1646,gpu_hours,0.165,planned,prereg+qu+iy,no,,,,,,2026-10-07T14:35:19Z,
E3_noilai__gemma-4-e4b__nfd,E3,E3_noilai,gemma-4-e4b,nfd,test,noilai_main,backend_seed=20261203,p0,Counterfactuals,confirmatory,kaggle_gpu,2011,0.1646,gpu_hours,0.165,planned,prereg+qu+iy,no,,,,,,2026-10-07T14:35:19Z,
E3_noilai__gemma-4-e4b__pc,E3,E3_noilai,gemma-4-e4b,pc,test,noilai_main,backend_seed=20261203,p0,Counterfactuals,confirmatory,kaggle_gpu,2011,0.1646,gpu_hours,0.165,planned,prereg+qu+iy,no,,,,,,2026-10-07T14:35:19Z,
E3_noilai__gemma-4-e4b__strip_all,E3,E3_noilai,gemma-4-e4b,strip_all,test,noilai_main,backend_seed=20261203,p0,Counterfactuals,confirmatory,kaggle_gpu,2011,0.1646,gpu_hours,0.165,planned,prereg+qu+iy,no,,,,,,2026-10-07T14:35:19Z,
E3_noilai__gemma-4-e4b__strip_tones,E3,E3_noilai,gemma-4-e4b,strip_tones,test,noilai_main,backend_seed=20261203,p0,Counterfactuals,confirmatory,kaggle_gpu,2011,0.1646,gpu_hours,0.165,planned,prereg+qu+iy,no,,,,,,2026-10-07T14:35:19Z,
E3_noilai__qwen3.5-9b__nfc,E3,E3_noilai,qwen3.5-9b,nfc,test,noilai_main,backend_seed=20261203,p0,Counterfactuals,confirmatory,kaggle_gpu,2012,0.2332,gpu_hours,0.233,planned,prereg+qu+iy,no,,,,,,2026-10-07T14:35:19Z,
E3_noilai__qwen3.5-9b__strip_all,E3,E3_noilai,qwen3.5-9b,strip_all,test,noilai_main,backend_seed=20261203,p0,Counterfactuals,confirmatory,kaggle_gpu,2012,0.2332,gpu_hours,0.233,planned,prereg+qu+iy,no,,,,,,2026-10-07T14:35:19Z,
E3_noilai__qwen3.5-9b__strip_tones,E3,E3_noilai,qwen3.5-9b,strip_tones,test,noilai_main,backend_seed=20261203,p0,Counterfactuals,confirmatory,kaggle_gpu,2012,0.2332,gpu_hours,0.233,planned,prereg+qu+iy,no,,,,,,2026-10-07T14:35:19Z,
E3_noilai__qwen3.8-27b__nfc,E3,E3_noilai,qwen3.8-27b,nfc,test,noilai_main,backend_seed=20261203,p0,Counterfactuals,confirmatory,kaggle_tpu,2013,0.4801,tpu_hours,0.48,planned,prereg+qu+iy,no,,,,,,2026-10-07T14:35:19Z,
E3_noilai__qwen3.8-27b__strip_all,E3,E3_noilai,qwen3.8-27b,strip_all,test,noilai_main,backend_seed=20261203,p0,Counterfactuals,confirmatory,kaggle_tpu,2013,0.4801,tpu_hours,0.48,planned,prereg+qu+iy,no,,,,,,2026-10-07T14:35:19Z,
E3_noilai__qwen3.8-27b__strip_tones,E3,E3_noilai,qwen3.8-27b,strip_tones,test,noilai_main,backend_seed=20261203,p0,Counterfactuals,confirmatory,kaggle_tpu,2013,0.4801,tpu_hours,0.48,planned,prereg+qu+iy,no,,,,,,2026-10-07T14:35:19Z,
E3_noilai__qwen-sea-lion-v4.5-27b-it__nfc,E3,E3_noilai,qwen-sea-lion-v4.5-27b-it,nfc,test,noilai_main,backend_seed=20261203,p0,Counterfactuals,confirmatory,kaggle_tpu,2014,0.4801,tpu_hours,0.48,planned,prereg+qu+iy,no,,,,,,2026-10-07T14:35:19Z,
E3_noilai__qwen-sea-lion-v4.5-27b-it__nfd,E3,E3_noilai,qwen-sea-lion-v4.5-27b-it,nfd,test,noilai_main,backend_seed=20261203,p0,Counterfactuals,confirmatory,kaggle_tpu,2014,0.4801,tpu_hours,0.48,planned,prereg+qu+iy,no,,,,,,2026-10-07T14:35:19Z,
E3_noilai__qwen-sea-lion-v4.5-27b-it__pc,E3,E3_noilai,qwen-sea-lion-v4.5-27b-it,pc,test,noilai_main,backend_seed=20261203,p0,Counterfactuals,confirmatory,kaggle_tpu,2014,0.4801,tpu_hours,0.48,planned,prereg+qu+iy,no,,,,,,2026-10-07T14:35:19Z,
E3_noilai__qwen-sea-lion-v4.5-27b-it__strip_all,E3,E3_noilai,qwen-sea-lion-v4.5-27b-it,strip_all,test,noilai_main,backend_seed=20261203,p0,Counterfactuals,confirmatory,kaggle_tpu,2014,0.4801,tpu_hours,0.48,planned,prereg+qu+iy,no,,,,,,2026-10-07T14:35:19Z,
E3_noilai__qwen-sea-lion-v4.5-27b-it__strip_tones,E3,E3_noilai,qwen-sea-lion-v4.5-27b-it,strip_tones,test,noilai_main,backend_seed=20261203,p0,Counterfactuals,confirmatory,kaggle_tpu,2014,0.4801,tpu_hours,0.48,planned,prereg+qu+iy,no,,,,,,2026-10-07T14:35:19Z,
E3_noilai__gemma-3-12b-it__nfc,E3,E3_noilai,gemma-3-12b-it,nfc,test,noilai_main,backend_seed=20261203,p0,Counterfactuals,confirmatory,kaggle_tpu,2015,0.2771,tpu_hours,0.277,planned,prereg+qu+iy,no,,,,,,2026-10-07T14:35:19Z,
E3_noilai__gemma-3-12b-it__nfd,E3,E3_noilai,gemma-3-12b-it,nfd,test,noilai_main,backend_seed=20261203,p0,Counterfactuals,confirmatory,kaggle_tpu,2015,0.2771,tpu_hours,0.277,planned,prereg+qu+iy,no,,,,,,2026-10-07T14:35:19Z,
E3_noilai__gemma-3-12b-it__pc,E3,E3_noilai,gemma-3-12b-it,pc,test,noilai_main,backend_seed=20261203,p0,Counterfactuals,confirmatory,kaggle_tpu,2015,0.2771,tpu_hours,0.277,planned,prereg+qu+iy,no,,,,,,2026-10-07T14:35:19Z,
E3_noilai__gemma-3-12b-it__strip_all,E3,E3_noilai,gemma-3-12b-it,strip_all,test,noilai_main,backend_seed=20261203,p0,Counterfactuals,confirmatory,kaggle_tpu,2015,0.2771,tpu_hours,0.277,planned,prereg+qu+iy,no,,,,,,2026-10-07T14:35:19Z,
E3_noilai__gemma-3-12b-it__strip_tones,E3,E3_noilai,gemma-3-12b-it,strip_tones,test,noilai_main,backend_seed=20261203,p0,Counterfactuals,confirmatory,kaggle_tpu,2015,0.2771,tpu_hours,0.277,planned,prereg+qu+iy,no,,,,,,2026-10-07T14:35:19Z,
E3_noilai__qwen3.5-0.8b__nfc,E3,E3_noilai,qwen3.5-0.8b,nfc,test,noilai_main,backend_seed=20261203,p0,Counterfactuals,confirmatory,kaggle_gpu,2016,0.1207,gpu_hours,0.121,planned,prereg+qu+iy,no,,,,,,2026-10-07T14:35:19Z,
E3_noilai__qwen3.5-0.8b__strip_all,E3,E3_noilai,qwen3.5-0.8b,strip_all,test,noilai_main,backend_seed=20261203,p0,Counterfactuals,confirmatory,kaggle_gpu,2016,0.1207,gpu_hours,0.121,planned,prereg+qu+iy,no,,,,,,2026-10-07T14:35:19Z,
E3_noilai__qwen3.5-0.8b__strip_tones,E3,E3_noilai,qwen3.5-0.8b,strip_tones,test,noilai_main,backend_seed=20261203,p0,Counterfactuals,confirmatory,kaggle_gpu,2016,0.1207,gpu_hours,0.121,planned,prereg+qu+iy,no,,,,,,2026-10-07T14:35:19Z,
E3_noilai__gemma-4-12b__nfc,E3,E3_noilai,gemma-4-12b,nfc,test,noilai_main,backend_seed=20261203,p0,Counterfactuals,confirmatory,kaggle_gpu,2017,0.2743,gpu_hours,0.274,planned,prereg+qu+iy,no,,,,,,2026-10-07T14:35:19Z,
E3_noilai__gemma-4-12b__nfd,E3,E3_noilai,gemma-4-12b,nfd,test,noilai_main,backend_seed=20261203,p0,Counterfactuals,confirmatory,kaggle_gpu,2017,0.2743,gpu_hours,0.274,planned,prereg+qu+iy,no,,,,,,2026-10-07T14:35:19Z,
E3_noilai__gemma-4-12b__pc,E3,E3_noilai,gemma-4-12b,pc,test,noilai_main,backend_seed=20261203,p0,Counterfactuals,confirmatory,kaggle_gpu,2017,0.2743,gpu_hours,0.274,planned,prereg+qu+iy,no,,,,,,2026-10-07T14:35:19Z,
E3_noilai__gemma-4-12b__strip_all,E3,E3_noilai,gemma-4-12b,strip_all,test,noilai_main,backend_seed=20261203,p0,Counterfactuals,confirmatory,kaggle_gpu,2017,0.2743,gpu_hours,0.274,planned,prereg+qu+iy,no,,,,,,2026-10-07T14:35:19Z,
E3_noilai__gemma-4-12b__strip_tones,E3,E3_noilai,gemma-4-12b,strip_tones,test,noilai_main,backend_seed=20261203,p0,Counterfactuals,confirmatory,kaggle_gpu,2017,0.2743,gpu_hours,0.274,planned,prereg+qu+iy,no,,,,,,2026-10-07T14:35:19Z,
E3_noilai__qwen3.5-2b__nfd,E3,E3_noilai,qwen3.5-2b,nfd,test,noilai_main,backend_seed=20261203,p0,Counterfactuals,confirmatory,kaggle_gpu,2055,0.1372,gpu_hours,0.137,planned,prereg+qu+iy,no,,,,,,2026-10-07T14:35:19Z,DD 7.2: tokenizer expected to normalize; this cell is 0 by construction once the census confirms it
E3_noilai__qwen3.5-2b__pc,E3,E3_noilai,qwen3.5-2b,pc,test,noilai_main,backend_seed=20261203,p0,Counterfactuals,confirmatory,kaggle_gpu,2055,0.1372,gpu_hours,0.137,planned,prereg+qu+iy,no,,,,,,2026-10-07T14:35:19Z,DD 7.2: tokenizer expected to normalize; this cell is 0 by construction once the census confirms it
E3_noilai__sailor2-8b-chat__nfd,E3,E3_noilai,sailor2-8b-chat,nfd,test,noilai_main,backend_seed=20261203,p0,Counterfactuals,confirmatory,kaggle_gpu,2057,0.2195,gpu_hours,0.219,planned,prereg+qu+iy,no,,,,,,2026-10-07T14:35:19Z,DD 7.2: tokenizer expected to normalize; this cell is 0 by construction once the census confirms it
E3_noilai__sailor2-8b-chat__pc,E3,E3_noilai,sailor2-8b-chat,pc,test,noilai_main,backend_seed=20261203,p0,Counterfactuals,confirmatory,kaggle_gpu,2057,0.2195,gpu_hours,0.219,planned,prereg+qu+iy,no,,,,,,2026-10-07T14:35:19Z,DD 7.2: tokenizer expected to normalize; this cell is 0 by construction once the census confirms it
E3_noilai__qwen3.5-4b__nfd,E3,E3_noilai,qwen3.5-4b,nfd,test,noilai_main,backend_seed=20261203,p0,Counterfactuals,confirmatory,kaggle_gpu,2060,0.1646,gpu_hours,0.165,planned,prereg+qu+iy,no,,,,,,2026-10-07T14:35:19Z,DD 7.2: tokenizer expected to normalize; this cell is 0 by construction once the census confirms it
E3_noilai__qwen3.5-4b__pc,E3,E3_noilai,qwen3.5-4b,pc,test,noilai_main,backend_seed=20261203,p0,Counterfactuals,confirmatory,kaggle_gpu,2060,0.1646,gpu_hours,0.165,planned,prereg+qu+iy,no,,,,,,2026-10-07T14:35:19Z,DD 7.2: tokenizer expected to normalize; this cell is 0 by construction once the census confirms it
E3_noilai__qwen3.5-9b__nfd,E3,E3_noilai,qwen3.5-9b,nfd,test,noilai_main,backend_seed=20261203,p0,Counterfactuals,confirmatory,kaggle_gpu,2062,0.2332,gpu_hours,0.233,planned,prereg+qu+iy,no,,,,,,2026-10-07T14:35:19Z,DD 7.2: tokenizer expected to normalize; this cell is 0 by construction once the census confirms it
E3_noilai__qwen3.5-9b__pc,E3,E3_noilai,qwen3.5-9b,pc,test,noilai_main,backend_seed=20261203,p0,Counterfactuals,confirmatory,kaggle_gpu,2062,0.2332,gpu_hours,0.233,planned,prereg+qu+iy,no,,,,,,2026-10-07T14:35:19Z,DD 7.2: tokenizer expected to normalize; this cell is 0 by construction once the census confirms it
E3_noilai__qwen3.8-27b__nfd,E3,E3_noilai,qwen3.8-27b,nfd,test,noilai_main,backend_seed=20261203,p0,Counterfactuals,confirmatory,kaggle_tpu,2063,0.4801,tpu_hours,0.48,planned,prereg+qu+iy,no,,,,,,2026-10-07T14:35:19Z,DD 7.2: tokenizer expected to normalize; this cell is 0 by construction once the census confirms it
E3_noilai__qwen3.8-27b__pc,E3,E3_noilai,qwen3.8-27b,pc,test,noilai_main,backend_seed=20261203,p0,Counterfactuals,confirmatory,kaggle_tpu,2063,0.4801,tpu_hours,0.48,planned,prereg+qu+iy,no,,,,,,2026-10-07T14:35:19Z,DD 7.2: tokenizer expected to normalize; this cell is 0 by construction once the census confirms it
E3_noilai__qwen3.5-0.8b__nfd,E3,E3_noilai,qwen3.5-0.8b,nfd,test,noilai_main,backend_seed=20261203,p0,Counterfactuals,confirmatory,kaggle_gpu,2066,0.1207,gpu_hours,0.121,planned,prereg+qu+iy,no,,,,,,2026-10-07T14:35:19Z,DD 7.2: tokenizer expected to normalize; this cell is 0 by construction once the census confirms it
E3_noilai__qwen3.5-0.8b__pc,E3,E3_noilai,qwen3.5-0.8b,pc,test,noilai_main,backend_seed=20261203,p0,Counterfactuals,confirmatory,kaggle_gpu,2066,0.1207,gpu_hours,0.121,planned,prereg+qu+iy,no,,,,,,2026-10-07T14:35:19Z,DD 7.2: tokenizer expected to normalize; this cell is 0 by construction once the census confirms it
E3_c2_enriched__gemma-3-1b-it__nfc,E3,E3_c2_enriched,gemma-3-1b-it,nfc,test,noilai_c2,backend_seed=20261203,p0,Counterfactuals,confirmatory,kaggle_gpu,2101,0.0617,gpu_hours,0.062,planned,prereg+qu+iy,no,,,,,,2026-10-07T14:35:19Z,
E3_c2_enriched__gemma-3-1b-it__placement_new,E3,E3_c2_enriched,gemma-3-1b-it,placement_new,test,noilai_c2,backend_seed=20261203,p0,Counterfactuals,confirmatory,kaggle_gpu,2101,0.0617,gpu_hours,0.062,planned,prereg+qu+iy,no,,,,,,2026-10-07T14:35:19Z,
E3_c2_enriched__llama-3.1-8b-instruct__nfc,E3,E3_c2_enriched,llama-3.1-8b-instruct,nfc,test,noilai_c2,backend_seed=20261203,p0,Counterfactuals,confirmatory,kaggle_gpu,2102,0.0549,gpu_hours,0.055,planned,prereg+qu+iy,no,,,,,,2026-10-07T14:35:19Z,
E3_c2_enriched__llama-3.1-8b-instruct__placement_new,E3,E3_c2_enriched,llama-3.1-8b-instruct,placement_new,test,noilai_c2,backend_seed=20261203,p0,Counterfactuals,confirmatory,kaggle_gpu,2102,0.0549,gpu_hours,0.055,planned,prereg+qu+iy,no,,,,,,2026-10-07T14:35:19Z,
E3_c2_enriched__phogpt-4b-chat__nfc,E3,E3_c2_enriched,phogpt-4b-chat,nfc,test,noilai_c2,backend_seed=20261203,p0,Counterfactuals,confirmatory,kaggle_gpu,2103,0.0401,gpu_hours,0.04,planned,prereg+qu+iy,no,,,,,,2026-10-07T14:35:19Z,
E3_c2_enriched__phogpt-4b-chat__placement_new,E3,E3_c2_enriched,phogpt-4b-chat,placement_new,test,noilai_c2,backend_seed=20261203,p0,Counterfactuals,confirmatory,kaggle_gpu,2103,0.0401,gpu_hours,0.04,planned,prereg+qu+iy,no,,,,,,2026-10-07T14:35:19Z,
E3_c2_enriched__vistral-7b-chat__nfc,E3,E3_c2_enriched,vistral-7b-chat,nfc,test,noilai_c2,backend_seed=20261203,p0,Counterfactuals,confirmatory,kaggle_gpu,2104,0.0525,gpu_hours,0.052,planned,prereg+qu+iy,no,,,,,,2026-10-07T14:35:19Z,
E3_c2_enriched__vistral-7b-chat__placement_new,E3,E3_c2_enriched,vistral-7b-chat,placement_new,test,noilai_c2,backend_seed=20261203,p0,Counterfactuals,confirmatory,kaggle_gpu,2104,0.0525,gpu_hours,0.052,planned,prereg+qu+iy,no,,,,,,2026-10-07T14:35:19Z,
E3_c2_enriched__qwen3.5-2b__nfc,E3,E3_c2_enriched,qwen3.5-2b,nfc,test,noilai_c2,backend_seed=20261203,p0,Counterfactuals,confirmatory,kaggle_gpu,2105,0.0343,gpu_hours,0.034,planned,prereg+qu+iy,no,,,,,,2026-10-07T14:35:19Z,
E3_c2_enriched__qwen3.5-2b__placement_new,E3,E3_c2_enriched,qwen3.5-2b,placement_new,test,noilai_c2,backend_seed=20261203,p0,Counterfactuals,confirmatory,kaggle_gpu,2105,0.0343,gpu_hours,0.034,planned,prereg+qu+iy,no,,,,,,2026-10-07T14:35:19Z,
E3_c2_enriched__gemma-4-e2b__nfc,E3,E3_c2_enriched,gemma-4-e2b,nfc,test,noilai_c2,backend_seed=20261203,p0,Counterfactuals,confirmatory,kaggle_gpu,2106,0.0343,gpu_hours,0.034,planned,prereg+qu+iy,no,,,,,,2026-10-07T14:35:19Z,
E3_c2_enriched__gemma-4-e2b__placement_new,E3,E3_c2_enriched,gemma-4-e2b,placement_new,test,noilai_c2,backend_seed=20261203,p0,Counterfactuals,confirmatory,kaggle_gpu,2106,0.0343,gpu_hours,0.034,planned,prereg+qu+iy,no,,,,,,2026-10-07T14:35:19Z,
E3_c2_enriched__sailor2-8b-chat__nfc,E3,E3_c2_enriched,sailor2-8b-chat,nfc,test,noilai_c2,backend_seed=20261203,p0,Counterfactuals,confirmatory,kaggle_gpu,2107,0.0549,gpu_hours,0.055,planned,prereg+qu+iy,no,,,,,,2026-10-07T14:35:19Z,
E3_c2_enriched__sailor2-8b-chat__placement_new,E3,E3_c2_enriched,sailor2-8b-chat,placement_new,test,noilai_c2,backend_seed=20261203,p0,Counterfactuals,confirmatory,kaggle_gpu,2107,0.0549,gpu_hours,0.055,planned,prereg+qu+iy,no,,,,,,2026-10-07T14:35:19Z,
E3_c2_enriched__gemma-sea-lion-v4.5-e2b-it__nfc,E3,E3_c2_enriched,gemma-sea-lion-v4.5-e2b-it,nfc,test,noilai_c2,backend_seed=20261203,p0,Counterfactuals,confirmatory,kaggle_gpu,2108,0.0343,gpu_hours,0.034,planned,prereg+qu+iy,no,,,,,,2026-10-07T14:35:19Z,
E3_c2_enriched__gemma-sea-lion-v4.5-e2b-it__placement_new,E3,E3_c2_enriched,gemma-sea-lion-v4.5-e2b-it,placement_new,test,noilai_c2,backend_seed=20261203,p0,Counterfactuals,confirmatory,kaggle_gpu,2108,0.0343,gpu_hours,0.034,planned,prereg+qu+iy,no,,,,,,2026-10-07T14:35:19Z,
E3_c2_enriched__gemma-3-4b-it__nfc,E3,E3_c2_enriched,gemma-3-4b-it,nfc,test,noilai_c2,backend_seed=20261203,p0,Counterfactuals,confirmatory,kaggle_gpu,2109,0.0844,gpu_hours,0.084,planned,prereg+qu+iy,no,,,,,,2026-10-07T14:35:19Z,
E3_c2_enriched__gemma-3-4b-it__placement_new,E3,E3_c2_enriched,gemma-3-4b-it,placement_new,test,noilai_c2,backend_seed=20261203,p0,Counterfactuals,confirmatory,kaggle_gpu,2109,0.0844,gpu_hours,0.084,planned,prereg+qu+iy,no,,,,,,2026-10-07T14:35:19Z,
E3_c2_enriched__qwen3.5-4b__nfc,E3,E3_c2_enriched,qwen3.5-4b,nfc,test,noilai_c2,backend_seed=20261203,p0,Counterfactuals,confirmatory,kaggle_gpu,2110,0.0412,gpu_hours,0.041,planned,prereg+qu+iy,no,,,,,,2026-10-07T14:35:19Z,
E3_c2_enriched__qwen3.5-4b__placement_new,E3,E3_c2_enriched,qwen3.5-4b,placement_new,test,noilai_c2,backend_seed=20261203,p0,Counterfactuals,confirmatory,kaggle_gpu,2110,0.0412,gpu_hours,0.041,planned,prereg+qu+iy,no,,,,,,2026-10-07T14:35:19Z,
E3_c2_enriched__gemma-4-e4b__nfc,E3,E3_c2_enriched,gemma-4-e4b,nfc,test,noilai_c2,backend_seed=20261203,p0,Counterfactuals,confirmatory,kaggle_gpu,2111,0.0412,gpu_hours,0.041,planned,prereg+qu+iy,no,,,,,,2026-10-07T14:35:19Z,
E3_c2_enriched__gemma-4-e4b__placement_new,E3,E3_c2_enriched,gemma-4-e4b,placement_new,test,noilai_c2,backend_seed=20261203,p0,Counterfactuals,confirmatory,kaggle_gpu,2111,0.0412,gpu_hours,0.041,planned,prereg+qu+iy,no,,,,,,2026-10-07T14:35:19Z,
E3_c2_enriched__qwen3.5-9b__nfc,E3,E3_c2_enriched,qwen3.5-9b,nfc,test,noilai_c2,backend_seed=20261203,p0,Counterfactuals,confirmatory,kaggle_gpu,2112,0.0583,gpu_hours,0.058,planned,prereg+qu+iy,no,,,,,,2026-10-07T14:35:19Z,
E3_c2_enriched__qwen3.5-9b__placement_new,E3,E3_c2_enriched,qwen3.5-9b,placement_new,test,noilai_c2,backend_seed=20261203,p0,Counterfactuals,confirmatory,kaggle_gpu,2112,0.0583,gpu_hours,0.058,planned,prereg+qu+iy,no,,,,,,2026-10-07T14:35:19Z,
E3_c2_enriched__qwen3.8-27b__nfc,E3,E3_c2_enriched,qwen3.8-27b,nfc,test,noilai_c2,backend_seed=20261203,p0,Counterfactuals,confirmatory,kaggle_tpu,2113,0.12,tpu_hours,0.12,planned,prereg+qu+iy,no,,,,,,2026-10-07T14:35:19Z,
E3_c2_enriched__qwen3.8-27b__placement_new,E3,E3_c2_enriched,qwen3.8-27b,placement_new,test,noilai_c2,backend_seed=20261203,p0,Counterfactuals,confirmatory,kaggle_tpu,2113,0.12,tpu_hours,0.12,planned,prereg+qu+iy,no,,,,,,2026-10-07T14:35:19Z,
E3_c2_enriched__qwen-sea-lion-v4.5-27b-it__nfc,E3,E3_c2_enriched,qwen-sea-lion-v4.5-27b-it,nfc,test,noilai_c2,backend_seed=20261203,p0,Counterfactuals,confirmatory,kaggle_tpu,2114,0.12,tpu_hours,0.12,planned,prereg+qu+iy,no,,,,,,2026-10-07T14:35:19Z,
E3_c2_enriched__qwen-sea-lion-v4.5-27b-it__placement_new,E3,E3_c2_enriched,qwen-sea-lion-v4.5-27b-it,placement_new,test,noilai_c2,backend_seed=20261203,p0,Counterfactuals,confirmatory,kaggle_tpu,2114,0.12,tpu_hours,0.12,planned,prereg+qu+iy,no,,,,,,2026-10-07T14:35:19Z,
E3_c2_enriched__gemma-3-12b-it__nfc,E3,E3_c2_enriched,gemma-3-12b-it,nfc,test,noilai_c2,backend_seed=20261203,p0,Counterfactuals,confirmatory,kaggle_tpu,2115,0.0693,tpu_hours,0.069,planned,prereg+qu+iy,no,,,,,,2026-10-07T14:35:19Z,
E3_c2_enriched__gemma-3-12b-it__placement_new,E3,E3_c2_enriched,gemma-3-12b-it,placement_new,test,noilai_c2,backend_seed=20261203,p0,Counterfactuals,confirmatory,kaggle_tpu,2115,0.0693,tpu_hours,0.069,planned,prereg+qu+iy,no,,,,,,2026-10-07T14:35:19Z,
E3_c2_enriched__qwen3.5-0.8b__nfc,E3,E3_c2_enriched,qwen3.5-0.8b,nfc,test,noilai_c2,backend_seed=20261203,p0,Counterfactuals,confirmatory,kaggle_gpu,2116,0.0302,gpu_hours,0.03,planned,prereg+qu+iy,no,,,,,,2026-10-07T14:35:19Z,
E3_c2_enriched__qwen3.5-0.8b__placement_new,E3,E3_c2_enriched,qwen3.5-0.8b,placement_new,test,noilai_c2,backend_seed=20261203,p0,Counterfactuals,confirmatory,kaggle_gpu,2116,0.0302,gpu_hours,0.03,planned,prereg+qu+iy,no,,,,,,2026-10-07T14:35:19Z,
E3_c2_enriched__gemma-4-12b__nfc,E3,E3_c2_enriched,gemma-4-12b,nfc,test,noilai_c2,backend_seed=20261203,p0,Counterfactuals,confirmatory,kaggle_gpu,2117,0.0686,gpu_hours,0.069,planned,prereg+qu+iy,no,,,,,,2026-10-07T14:35:19Z,
E3_c2_enriched__gemma-4-12b__placement_new,E3,E3_c2_enriched,gemma-4-12b,placement_new,test,noilai_c2,backend_seed=20261203,p0,Counterfactuals,confirmatory,kaggle_gpu,2117,0.0686,gpu_hours,0.069,planned,prereg+qu+iy,no,,,,,,2026-10-07T14:35:19Z,
E3_xcopa__gemma-3-1b-it__nfc,E3,E3_xcopa,gemma-3-1b-it,nfc,xcopa,xcopa_vi_test,backend_seed=20261203,p0,Counterfactuals,confirmatory,kaggle_gpu,2201,0.0864,gpu_hours,0.086,planned,prereg+qu+iy,no,,,,,,2026-10-07T14:35:19Z,
E3_xcopa__gemma-3-1b-it__nfd,E3,E3_xcopa,gemma-3-1b-it,nfd,xcopa,xcopa_vi_test,backend_seed=20261203,p0,Counterfactuals,confirmatory,kaggle_gpu,2201,0.0864,gpu_hours,0.086,planned,prereg+qu+iy,no,,,,,,2026-10-07T14:35:19Z,
E3_xcopa__gemma-3-1b-it__pc,E3,E3_xcopa,gemma-3-1b-it,pc,xcopa,xcopa_vi_test,backend_seed=20261203,p0,Counterfactuals,confirmatory,kaggle_gpu,2201,0.0864,gpu_hours,0.086,planned,prereg+qu+iy,no,,,,,,2026-10-07T14:35:19Z,
E3_xcopa__gemma-3-1b-it__strip_all,E3,E3_xcopa,gemma-3-1b-it,strip_all,xcopa,xcopa_vi_test,backend_seed=20261203,p0,Counterfactuals,confirmatory,kaggle_gpu,2201,0.0864,gpu_hours,0.086,planned,prereg+qu+iy,no,,,,,,2026-10-07T14:35:19Z,
E3_xcopa__gemma-3-1b-it__strip_tones,E3,E3_xcopa,gemma-3-1b-it,strip_tones,xcopa,xcopa_vi_test,backend_seed=20261203,p0,Counterfactuals,confirmatory,kaggle_gpu,2201,0.0864,gpu_hours,0.086,planned,prereg+qu+iy,no,,,,,,2026-10-07T14:35:19Z,
E3_xcopa__llama-3.1-8b-instruct__nfc,E3,E3_xcopa,llama-3.1-8b-instruct,nfc,xcopa,xcopa_vi_test,backend_seed=20261203,p0,Counterfactuals,confirmatory,kaggle_gpu,2202,0.0768,gpu_hours,0.077,planned,prereg+qu+iy,no,,,,,,2026-10-07T14:35:19Z,
E3_xcopa__llama-3.1-8b-instruct__nfd,E3,E3_xcopa,llama-3.1-8b-instruct,nfd,xcopa,xcopa_vi_test,backend_seed=20261203,p0,Counterfactuals,confirmatory,kaggle_gpu,2202,0.0768,gpu_hours,0.077,planned,prereg+qu+iy,no,,,,,,2026-10-07T14:35:19Z,
E3_xcopa__llama-3.1-8b-instruct__pc,E3,E3_xcopa,llama-3.1-8b-instruct,pc,xcopa,xcopa_vi_test,backend_seed=20261203,p0,Counterfactuals,confirmatory,kaggle_gpu,2202,0.0768,gpu_hours,0.077,planned,prereg+qu+iy,no,,,,,,2026-10-07T14:35:19Z,
E3_xcopa__llama-3.1-8b-instruct__strip_all,E3,E3_xcopa,llama-3.1-8b-instruct,strip_all,xcopa,xcopa_vi_test,backend_seed=20261203,p0,Counterfactuals,confirmatory,kaggle_gpu,2202,0.0768,gpu_hours,0.077,planned,prereg+qu+iy,no,,,,,,2026-10-07T14:35:19Z,
E3_xcopa__llama-3.1-8b-instruct__strip_tones,E3,E3_xcopa,llama-3.1-8b-instruct,strip_tones,xcopa,xcopa_vi_test,backend_seed=20261203,p0,Counterfactuals,confirmatory,kaggle_gpu,2202,0.0768,gpu_hours,0.077,planned,prereg+qu+iy,no,,,,,,2026-10-07T14:35:19Z,
E3_xcopa__phogpt-4b-chat__nfc,E3,E3_xcopa,phogpt-4b-chat,nfc,xcopa,xcopa_vi_test,backend_seed=20261203,p0,Counterfactuals,confirmatory,kaggle_gpu,2203,0.0562,gpu_hours,0.056,planned,prereg+qu+iy,no,,,,,,2026-10-07T14:35:19Z,
E3_xcopa__phogpt-4b-chat__nfd,E3,E3_xcopa,phogpt-4b-chat,nfd,xcopa,xcopa_vi_test,backend_seed=20261203,p0,Counterfactuals,confirmatory,kaggle_gpu,2203,0.0562,gpu_hours,0.056,planned,prereg+qu+iy,no,,,,,,2026-10-07T14:35:19Z,
E3_xcopa__phogpt-4b-chat__pc,E3,E3_xcopa,phogpt-4b-chat,pc,xcopa,xcopa_vi_test,backend_seed=20261203,p0,Counterfactuals,confirmatory,kaggle_gpu,2203,0.0562,gpu_hours,0.056,planned,prereg+qu+iy,no,,,,,,2026-10-07T14:35:19Z,
E3_xcopa__phogpt-4b-chat__strip_all,E3,E3_xcopa,phogpt-4b-chat,strip_all,xcopa,xcopa_vi_test,backend_seed=20261203,p0,Counterfactuals,confirmatory,kaggle_gpu,2203,0.0562,gpu_hours,0.056,planned,prereg+qu+iy,no,,,,,,2026-10-07T14:35:19Z,
E3_xcopa__phogpt-4b-chat__strip_tones,E3,E3_xcopa,phogpt-4b-chat,strip_tones,xcopa,xcopa_vi_test,backend_seed=20261203,p0,Counterfactuals,confirmatory,kaggle_gpu,2203,0.0562,gpu_hours,0.056,planned,prereg+qu+iy,no,,,,,,2026-10-07T14:35:19Z,
E3_xcopa__vistral-7b-chat__nfc,E3,E3_xcopa,vistral-7b-chat,nfc,xcopa,xcopa_vi_test,backend_seed=20261203,p0,Counterfactuals,confirmatory,kaggle_gpu,2204,0.0735,gpu_hours,0.073,planned,prereg+qu+iy,no,,,,,,2026-10-07T14:35:19Z,
E3_xcopa__vistral-7b-chat__nfd,E3,E3_xcopa,vistral-7b-chat,nfd,xcopa,xcopa_vi_test,backend_seed=20261203,p0,Counterfactuals,confirmatory,kaggle_gpu,2204,0.0735,gpu_hours,0.073,planned,prereg+qu+iy,no,,,,,,2026-10-07T14:35:19Z,
E3_xcopa__vistral-7b-chat__pc,E3,E3_xcopa,vistral-7b-chat,pc,xcopa,xcopa_vi_test,backend_seed=20261203,p0,Counterfactuals,confirmatory,kaggle_gpu,2204,0.0735,gpu_hours,0.073,planned,prereg+qu+iy,no,,,,,,2026-10-07T14:35:19Z,
E3_xcopa__vistral-7b-chat__strip_all,E3,E3_xcopa,vistral-7b-chat,strip_all,xcopa,xcopa_vi_test,backend_seed=20261203,p0,Counterfactuals,confirmatory,kaggle_gpu,2204,0.0735,gpu_hours,0.073,planned,prereg+qu+iy,no,,,,,,2026-10-07T14:35:19Z,
E3_xcopa__vistral-7b-chat__strip_tones,E3,E3_xcopa,vistral-7b-chat,strip_tones,xcopa,xcopa_vi_test,backend_seed=20261203,p0,Counterfactuals,confirmatory,kaggle_gpu,2204,0.0735,gpu_hours,0.073,planned,prereg+qu+iy,no,,,,,,2026-10-07T14:35:19Z,
E3_xcopa__qwen3.5-2b__nfc,E3,E3_xcopa,qwen3.5-2b,nfc,xcopa,xcopa_vi_test,backend_seed=20261203,p0,Counterfactuals,confirmatory,kaggle_gpu,2205,0.048,gpu_hours,0.048,planned,prereg+qu+iy,no,,,,,,2026-10-07T14:35:19Z,
E3_xcopa__qwen3.5-2b__strip_all,E3,E3_xcopa,qwen3.5-2b,strip_all,xcopa,xcopa_vi_test,backend_seed=20261203,p0,Counterfactuals,confirmatory,kaggle_gpu,2205,0.048,gpu_hours,0.048,planned,prereg+qu+iy,no,,,,,,2026-10-07T14:35:19Z,
E3_xcopa__qwen3.5-2b__strip_tones,E3,E3_xcopa,qwen3.5-2b,strip_tones,xcopa,xcopa_vi_test,backend_seed=20261203,p0,Counterfactuals,confirmatory,kaggle_gpu,2205,0.048,gpu_hours,0.048,planned,prereg+qu+iy,no,,,,,,2026-10-07T14:35:19Z,
E3_xcopa__gemma-4-e2b__nfc,E3,E3_xcopa,gemma-4-e2b,nfc,xcopa,xcopa_vi_test,backend_seed=20261203,p0,Counterfactuals,confirmatory,kaggle_gpu,2206,0.048,gpu_hours,0.048,planned,prereg+qu+iy,no,,,,,,2026-10-07T14:35:19Z,
E3_xcopa__gemma-4-e2b__nfd,E3,E3_xcopa,gemma-4-e2b,nfd,xcopa,xcopa_vi_test,backend_seed=20261203,p0,Counterfactuals,confirmatory,kaggle_gpu,2206,0.048,gpu_hours,0.048,planned,prereg+qu+iy,no,,,,,,2026-10-07T14:35:19Z,
E3_xcopa__gemma-4-e2b__pc,E3,E3_xcopa,gemma-4-e2b,pc,xcopa,xcopa_vi_test,backend_seed=20261203,p0,Counterfactuals,confirmatory,kaggle_gpu,2206,0.048,gpu_hours,0.048,planned,prereg+qu+iy,no,,,,,,2026-10-07T14:35:19Z,
E3_xcopa__gemma-4-e2b__strip_all,E3,E3_xcopa,gemma-4-e2b,strip_all,xcopa,xcopa_vi_test,backend_seed=20261203,p0,Counterfactuals,confirmatory,kaggle_gpu,2206,0.048,gpu_hours,0.048,planned,prereg+qu+iy,no,,,,,,2026-10-07T14:35:19Z,
E3_xcopa__gemma-4-e2b__strip_tones,E3,E3_xcopa,gemma-4-e2b,strip_tones,xcopa,xcopa_vi_test,backend_seed=20261203,p0,Counterfactuals,confirmatory,kaggle_gpu,2206,0.048,gpu_hours,0.048,planned,prereg+qu+iy,no,,,,,,2026-10-07T14:35:19Z,
E3_xcopa__sailor2-8b-chat__nfc,E3,E3_xcopa,sailor2-8b-chat,nfc,xcopa,xcopa_vi_test,backend_seed=20261203,p0,Counterfactuals,confirmatory,kaggle_gpu,2207,0.0768,gpu_hours,0.077,planned,prereg+qu+iy,no,,,,,,2026-10-07T14:35:19Z,
E3_xcopa__sailor2-8b-chat__strip_all,E3,E3_xcopa,sailor2-8b-chat,strip_all,xcopa,xcopa_vi_test,backend_seed=20261203,p0,Counterfactuals,confirmatory,kaggle_gpu,2207,0.0768,gpu_hours,0.077,planned,prereg+qu+iy,no,,,,,,2026-10-07T14:35:19Z,
E3_xcopa__sailor2-8b-chat__strip_tones,E3,E3_xcopa,sailor2-8b-chat,strip_tones,xcopa,xcopa_vi_test,backend_seed=20261203,p0,Counterfactuals,confirmatory,kaggle_gpu,2207,0.0768,gpu_hours,0.077,planned,prereg+qu+iy,no,,,,,,2026-10-07T14:35:19Z,
E3_xcopa__gemma-sea-lion-v4.5-e2b-it__nfc,E3,E3_xcopa,gemma-sea-lion-v4.5-e2b-it,nfc,xcopa,xcopa_vi_test,backend_seed=20261203,p0,Counterfactuals,confirmatory,kaggle_gpu,2208,0.048,gpu_hours,0.048,planned,prereg+qu+iy,no,,,,,,2026-10-07T14:35:19Z,
E3_xcopa__gemma-sea-lion-v4.5-e2b-it__nfd,E3,E3_xcopa,gemma-sea-lion-v4.5-e2b-it,nfd,xcopa,xcopa_vi_test,backend_seed=20261203,p0,Counterfactuals,confirmatory,kaggle_gpu,2208,0.048,gpu_hours,0.048,planned,prereg+qu+iy,no,,,,,,2026-10-07T14:35:19Z,
E3_xcopa__gemma-sea-lion-v4.5-e2b-it__pc,E3,E3_xcopa,gemma-sea-lion-v4.5-e2b-it,pc,xcopa,xcopa_vi_test,backend_seed=20261203,p0,Counterfactuals,confirmatory,kaggle_gpu,2208,0.048,gpu_hours,0.048,planned,prereg+qu+iy,no,,,,,,2026-10-07T14:35:19Z,
E3_xcopa__gemma-sea-lion-v4.5-e2b-it__strip_all,E3,E3_xcopa,gemma-sea-lion-v4.5-e2b-it,strip_all,xcopa,xcopa_vi_test,backend_seed=20261203,p0,Counterfactuals,confirmatory,kaggle_gpu,2208,0.048,gpu_hours,0.048,planned,prereg+qu+iy,no,,,,,,2026-10-07T14:35:19Z,
E3_xcopa__gemma-sea-lion-v4.5-e2b-it__strip_tones,E3,E3_xcopa,gemma-sea-lion-v4.5-e2b-it,strip_tones,xcopa,xcopa_vi_test,backend_seed=20261203,p0,Counterfactuals,confirmatory,kaggle_gpu,2208,0.048,gpu_hours,0.048,planned,prereg+qu+iy,no,,,,,,2026-10-07T14:35:19Z,
E3_xcopa__gemma-3-4b-it__nfc,E3,E3_xcopa,gemma-3-4b-it,nfc,xcopa,xcopa_vi_test,backend_seed=20261203,p0,Counterfactuals,confirmatory,kaggle_gpu,2209,0.1181,gpu_hours,0.118,planned,prereg+qu+iy,no,,,,,,2026-10-07T14:35:19Z,
E3_xcopa__gemma-3-4b-it__nfd,E3,E3_xcopa,gemma-3-4b-it,nfd,xcopa,xcopa_vi_test,backend_seed=20261203,p0,Counterfactuals,confirmatory,kaggle_gpu,2209,0.1181,gpu_hours,0.118,planned,prereg+qu+iy,no,,,,,,2026-10-07T14:35:19Z,
E3_xcopa__gemma-3-4b-it__pc,E3,E3_xcopa,gemma-3-4b-it,pc,xcopa,xcopa_vi_test,backend_seed=20261203,p0,Counterfactuals,confirmatory,kaggle_gpu,2209,0.1181,gpu_hours,0.118,planned,prereg+qu+iy,no,,,,,,2026-10-07T14:35:19Z,
E3_xcopa__gemma-3-4b-it__strip_all,E3,E3_xcopa,gemma-3-4b-it,strip_all,xcopa,xcopa_vi_test,backend_seed=20261203,p0,Counterfactuals,confirmatory,kaggle_gpu,2209,0.1181,gpu_hours,0.118,planned,prereg+qu+iy,no,,,,,,2026-10-07T14:35:19Z,
E3_xcopa__gemma-3-4b-it__strip_tones,E3,E3_xcopa,gemma-3-4b-it,strip_tones,xcopa,xcopa_vi_test,backend_seed=20261203,p0,Counterfactuals,confirmatory,kaggle_gpu,2209,0.1181,gpu_hours,0.118,planned,prereg+qu+iy,no,,,,,,2026-10-07T14:35:19Z,
E3_xcopa__qwen3.5-4b__nfc,E3,E3_xcopa,qwen3.5-4b,nfc,xcopa,xcopa_vi_test,backend_seed=20261203,p0,Counterfactuals,confirmatory,kaggle_gpu,2210,0.0576,gpu_hours,0.058,planned,prereg+qu+iy,no,,,,,,2026-10-07T14:35:19Z,
E3_xcopa__qwen3.5-4b__strip_all,E3,E3_xcopa,qwen3.5-4b,strip_all,xcopa,xcopa_vi_test,backend_seed=20261203,p0,Counterfactuals,confirmatory,kaggle_gpu,2210,0.0576,gpu_hours,0.058,planned,prereg+qu+iy,no,,,,,,2026-10-07T14:35:19Z,
E3_xcopa__qwen3.5-4b__strip_tones,E3,E3_xcopa,qwen3.5-4b,strip_tones,xcopa,xcopa_vi_test,backend_seed=20261203,p0,Counterfactuals,confirmatory,kaggle_gpu,2210,0.0576,gpu_hours,0.058,planned,prereg+qu+iy,no,,,,,,2026-10-07T14:35:19Z,
E3_xcopa__gemma-4-e4b__nfc,E3,E3_xcopa,gemma-4-e4b,nfc,xcopa,xcopa_vi_test,backend_seed=20261203,p0,Counterfactuals,confirmatory,kaggle_gpu,2211,0.0576,gpu_hours,0.058,planned,prereg+qu+iy,no,,,,,,2026-10-07T14:35:19Z,
E3_xcopa__gemma-4-e4b__nfd,E3,E3_xcopa,gemma-4-e4b,nfd,xcopa,xcopa_vi_test,backend_seed=20261203,p0,Counterfactuals,confirmatory,kaggle_gpu,2211,0.0576,gpu_hours,0.058,planned,prereg+qu+iy,no,,,,,,2026-10-07T14:35:19Z,
E3_xcopa__gemma-4-e4b__pc,E3,E3_xcopa,gemma-4-e4b,pc,xcopa,xcopa_vi_test,backend_seed=20261203,p0,Counterfactuals,confirmatory,kaggle_gpu,2211,0.0576,gpu_hours,0.058,planned,prereg+qu+iy,no,,,,,,2026-10-07T14:35:19Z,
E3_xcopa__gemma-4-e4b__strip_all,E3,E3_xcopa,gemma-4-e4b,strip_all,xcopa,xcopa_vi_test,backend_seed=20261203,p0,Counterfactuals,confirmatory,kaggle_gpu,2211,0.0576,gpu_hours,0.058,planned,prereg+qu+iy,no,,,,,,2026-10-07T14:35:19Z,
E3_xcopa__gemma-4-e4b__strip_tones,E3,E3_xcopa,gemma-4-e4b,strip_tones,xcopa,xcopa_vi_test,backend_seed=20261203,p0,Counterfactuals,confirmatory,kaggle_gpu,2211,0.0576,gpu_hours,0.058,planned,prereg+qu+iy,no,,,,,,2026-10-07T14:35:19Z,
E3_xcopa__qwen3.5-9b__nfc,E3,E3_xcopa,qwen3.5-9b,nfc,xcopa,xcopa_vi_test,backend_seed=20261203,p0,Counterfactuals,confirmatory,kaggle_gpu,2212,0.0816,gpu_hours,0.082,planned,prereg+qu+iy,no,,,,,,2026-10-07T14:35:19Z,
E3_xcopa__qwen3.5-9b__strip_all,E3,E3_xcopa,qwen3.5-9b,strip_all,xcopa,xcopa_vi_test,backend_seed=20261203,p0,Counterfactuals,confirmatory,kaggle_gpu,2212,0.0816,gpu_hours,0.082,planned,prereg+qu+iy,no,,,,,,2026-10-07T14:35:19Z,
E3_xcopa__qwen3.5-9b__strip_tones,E3,E3_xcopa,qwen3.5-9b,strip_tones,xcopa,xcopa_vi_test,backend_seed=20261203,p0,Counterfactuals,confirmatory,kaggle_gpu,2212,0.0816,gpu_hours,0.082,planned,prereg+qu+iy,no,,,,,,2026-10-07T14:35:19Z,
E3_xcopa__qwen3.8-27b__nfc,E3,E3_xcopa,qwen3.8-27b,nfc,xcopa,xcopa_vi_test,backend_seed=20261203,p0,Counterfactuals,confirmatory,kaggle_tpu,2213,0.168,tpu_hours,0.168,planned,prereg+qu+iy,no,,,,,,2026-10-07T14:35:19Z,
E3_xcopa__qwen3.8-27b__strip_all,E3,E3_xcopa,qwen3.8-27b,strip_all,xcopa,xcopa_vi_test,backend_seed=20261203,p0,Counterfactuals,confirmatory,kaggle_tpu,2213,0.168,tpu_hours,0.168,planned,prereg+qu+iy,no,,,,,,2026-10-07T14:35:19Z,
E3_xcopa__qwen3.8-27b__strip_tones,E3,E3_xcopa,qwen3.8-27b,strip_tones,xcopa,xcopa_vi_test,backend_seed=20261203,p0,Counterfactuals,confirmatory,kaggle_tpu,2213,0.168,tpu_hours,0.168,planned,prereg+qu+iy,no,,,,,,2026-10-07T14:35:19Z,
E3_xcopa__qwen-sea-lion-v4.5-27b-it__nfc,E3,E3_xcopa,qwen-sea-lion-v4.5-27b-it,nfc,xcopa,xcopa_vi_test,backend_seed=20261203,p0,Counterfactuals,confirmatory,kaggle_tpu,2214,0.168,tpu_hours,0.168,planned,prereg+qu+iy,no,,,,,,2026-10-07T14:35:19Z,
E3_xcopa__qwen-sea-lion-v4.5-27b-it__nfd,E3,E3_xcopa,qwen-sea-lion-v4.5-27b-it,nfd,xcopa,xcopa_vi_test,backend_seed=20261203,p0,Counterfactuals,confirmatory,kaggle_tpu,2214,0.168,tpu_hours,0.168,planned,prereg+qu+iy,no,,,,,,2026-10-07T14:35:19Z,
E3_xcopa__qwen-sea-lion-v4.5-27b-it__pc,E3,E3_xcopa,qwen-sea-lion-v4.5-27b-it,pc,xcopa,xcopa_vi_test,backend_seed=20261203,p0,Counterfactuals,confirmatory,kaggle_tpu,2214,0.168,tpu_hours,0.168,planned,prereg+qu+iy,no,,,,,,2026-10-07T14:35:19Z,
E3_xcopa__qwen-sea-lion-v4.5-27b-it__strip_all,E3,E3_xcopa,qwen-sea-lion-v4.5-27b-it,strip_all,xcopa,xcopa_vi_test,backend_seed=20261203,p0,Counterfactuals,confirmatory,kaggle_tpu,2214,0.168,tpu_hours,0.168,planned,prereg+qu+iy,no,,,,,,2026-10-07T14:35:19Z,
E3_xcopa__qwen-sea-lion-v4.5-27b-it__strip_tones,E3,E3_xcopa,qwen-sea-lion-v4.5-27b-it,strip_tones,xcopa,xcopa_vi_test,backend_seed=20261203,p0,Counterfactuals,confirmatory,kaggle_tpu,2214,0.168,tpu_hours,0.168,planned,prereg+qu+iy,no,,,,,,2026-10-07T14:35:19Z,
E3_xcopa__gemma-3-12b-it__nfc,E3,E3_xcopa,gemma-3-12b-it,nfc,xcopa,xcopa_vi_test,backend_seed=20261203,p0,Counterfactuals,confirmatory,kaggle_tpu,2215,0.097,tpu_hours,0.097,planned,prereg+qu+iy,no,,,,,,2026-10-07T14:35:19Z,
E3_xcopa__gemma-3-12b-it__nfd,E3,E3_xcopa,gemma-3-12b-it,nfd,xcopa,xcopa_vi_test,backend_seed=20261203,p0,Counterfactuals,confirmatory,kaggle_tpu,2215,0.097,tpu_hours,0.097,planned,prereg+qu+iy,no,,,,,,2026-10-07T14:35:19Z,
E3_xcopa__gemma-3-12b-it__pc,E3,E3_xcopa,gemma-3-12b-it,pc,xcopa,xcopa_vi_test,backend_seed=20261203,p0,Counterfactuals,confirmatory,kaggle_tpu,2215,0.097,tpu_hours,0.097,planned,prereg+qu+iy,no,,,,,,2026-10-07T14:35:19Z,
E3_xcopa__gemma-3-12b-it__strip_all,E3,E3_xcopa,gemma-3-12b-it,strip_all,xcopa,xcopa_vi_test,backend_seed=20261203,p0,Counterfactuals,confirmatory,kaggle_tpu,2215,0.097,tpu_hours,0.097,planned,prereg+qu+iy,no,,,,,,2026-10-07T14:35:19Z,
E3_xcopa__gemma-3-12b-it__strip_tones,E3,E3_xcopa,gemma-3-12b-it,strip_tones,xcopa,xcopa_vi_test,backend_seed=20261203,p0,Counterfactuals,confirmatory,kaggle_tpu,2215,0.097,tpu_hours,0.097,planned,prereg+qu+iy,no,,,,,,2026-10-07T14:35:19Z,
E3_xcopa__qwen3.5-0.8b__nfc,E3,E3_xcopa,qwen3.5-0.8b,nfc,xcopa,xcopa_vi_test,backend_seed=20261203,p0,Counterfactuals,confirmatory,kaggle_gpu,2216,0.0422,gpu_hours,0.042,planned,prereg+qu+iy,no,,,,,,2026-10-07T14:35:19Z,
E3_xcopa__qwen3.5-0.8b__strip_all,E3,E3_xcopa,qwen3.5-0.8b,strip_all,xcopa,xcopa_vi_test,backend_seed=20261203,p0,Counterfactuals,confirmatory,kaggle_gpu,2216,0.0422,gpu_hours,0.042,planned,prereg+qu+iy,no,,,,,,2026-10-07T14:35:19Z,
E3_xcopa__qwen3.5-0.8b__strip_tones,E3,E3_xcopa,qwen3.5-0.8b,strip_tones,xcopa,xcopa_vi_test,backend_seed=20261203,p0,Counterfactuals,confirmatory,kaggle_gpu,2216,0.0422,gpu_hours,0.042,planned,prereg+qu+iy,no,,,,,,2026-10-07T14:35:19Z,
E3_xcopa__gemma-4-12b__nfc,E3,E3_xcopa,gemma-4-12b,nfc,xcopa,xcopa_vi_test,backend_seed=20261203,p0,Counterfactuals,confirmatory,kaggle_gpu,2217,0.096,gpu_hours,0.096,planned,prereg+qu+iy,no,,,,,,2026-10-07T14:35:19Z,
E3_xcopa__gemma-4-12b__nfd,E3,E3_xcopa,gemma-4-12b,nfd,xcopa,xcopa_vi_test,backend_seed=20261203,p0,Counterfactuals,confirmatory,kaggle_gpu,2217,0.096,gpu_hours,0.096,planned,prereg+qu+iy,no,,,,,,2026-10-07T14:35:19Z,
E3_xcopa__gemma-4-12b__pc,E3,E3_xcopa,gemma-4-12b,pc,xcopa,xcopa_vi_test,backend_seed=20261203,p0,Counterfactuals,confirmatory,kaggle_gpu,2217,0.096,gpu_hours,0.096,planned,prereg+qu+iy,no,,,,,,2026-10-07T14:35:19Z,
E3_xcopa__gemma-4-12b__strip_all,E3,E3_xcopa,gemma-4-12b,strip_all,xcopa,xcopa_vi_test,backend_seed=20261203,p0,Counterfactuals,confirmatory,kaggle_gpu,2217,0.096,gpu_hours,0.096,planned,prereg+qu+iy,no,,,,,,2026-10-07T14:35:19Z,
E3_xcopa__gemma-4-12b__strip_tones,E3,E3_xcopa,gemma-4-12b,strip_tones,xcopa,xcopa_vi_test,backend_seed=20261203,p0,Counterfactuals,confirmatory,kaggle_gpu,2217,0.096,gpu_hours,0.096,planned,prereg+qu+iy,no,,,,,,2026-10-07T14:35:19Z,
E3_xcopa__qwen3.5-2b__nfd,E3,E3_xcopa,qwen3.5-2b,nfd,xcopa,xcopa_vi_test,backend_seed=20261203,p0,Counterfactuals,confirmatory,kaggle_gpu,2255,0.048,gpu_hours,0.048,planned,prereg+qu+iy,no,,,,,,2026-10-07T14:35:19Z,DD 7.2: tokenizer expected to normalize; this cell is 0 by construction once the census confirms it
E3_xcopa__qwen3.5-2b__pc,E3,E3_xcopa,qwen3.5-2b,pc,xcopa,xcopa_vi_test,backend_seed=20261203,p0,Counterfactuals,confirmatory,kaggle_gpu,2255,0.048,gpu_hours,0.048,planned,prereg+qu+iy,no,,,,,,2026-10-07T14:35:19Z,DD 7.2: tokenizer expected to normalize; this cell is 0 by construction once the census confirms it
E3_xcopa__sailor2-8b-chat__nfd,E3,E3_xcopa,sailor2-8b-chat,nfd,xcopa,xcopa_vi_test,backend_seed=20261203,p0,Counterfactuals,confirmatory,kaggle_gpu,2257,0.0768,gpu_hours,0.077,planned,prereg+qu+iy,no,,,,,,2026-10-07T14:35:19Z,DD 7.2: tokenizer expected to normalize; this cell is 0 by construction once the census confirms it
E3_xcopa__sailor2-8b-chat__pc,E3,E3_xcopa,sailor2-8b-chat,pc,xcopa,xcopa_vi_test,backend_seed=20261203,p0,Counterfactuals,confirmatory,kaggle_gpu,2257,0.0768,gpu_hours,0.077,planned,prereg+qu+iy,no,,,,,,2026-10-07T14:35:19Z,DD 7.2: tokenizer expected to normalize; this cell is 0 by construction once the census confirms it
E3_xcopa__qwen3.5-4b__nfd,E3,E3_xcopa,qwen3.5-4b,nfd,xcopa,xcopa_vi_test,backend_seed=20261203,p0,Counterfactuals,confirmatory,kaggle_gpu,2260,0.0576,gpu_hours,0.058,planned,prereg+qu+iy,no,,,,,,2026-10-07T14:35:19Z,DD 7.2: tokenizer expected to normalize; this cell is 0 by construction once the census confirms it
E3_xcopa__qwen3.5-4b__pc,E3,E3_xcopa,qwen3.5-4b,pc,xcopa,xcopa_vi_test,backend_seed=20261203,p0,Counterfactuals,confirmatory,kaggle_gpu,2260,0.0576,gpu_hours,0.058,planned,prereg+qu+iy,no,,,,,,2026-10-07T14:35:19Z,DD 7.2: tokenizer expected to normalize; this cell is 0 by construction once the census confirms it
E3_xcopa__qwen3.5-9b__nfd,E3,E3_xcopa,qwen3.5-9b,nfd,xcopa,xcopa_vi_test,backend_seed=20261203,p0,Counterfactuals,confirmatory,kaggle_gpu,2262,0.0816,gpu_hours,0.082,planned,prereg+qu+iy,no,,,,,,2026-10-07T14:35:19Z,DD 7.2: tokenizer expected to normalize; this cell is 0 by construction once the census confirms it
E3_xcopa__qwen3.5-9b__pc,E3,E3_xcopa,qwen3.5-9b,pc,xcopa,xcopa_vi_test,backend_seed=20261203,p0,Counterfactuals,confirmatory,kaggle_gpu,2262,0.0816,gpu_hours,0.082,planned,prereg+qu+iy,no,,,,,,2026-10-07T14:35:19Z,DD 7.2: tokenizer expected to normalize; this cell is 0 by construction once the census confirms it
E3_xcopa__qwen3.8-27b__nfd,E3,E3_xcopa,qwen3.8-27b,nfd,xcopa,xcopa_vi_test,backend_seed=20261203,p0,Counterfactuals,confirmatory,kaggle_tpu,2263,0.168,tpu_hours,0.168,planned,prereg+qu+iy,no,,,,,,2026-10-07T14:35:19Z,DD 7.2: tokenizer expected to normalize; this cell is 0 by construction once the census confirms it
E3_xcopa__qwen3.8-27b__pc,E3,E3_xcopa,qwen3.8-27b,pc,xcopa,xcopa_vi_test,backend_seed=20261203,p0,Counterfactuals,confirmatory,kaggle_tpu,2263,0.168,tpu_hours,0.168,planned,prereg+qu+iy,no,,,,,,2026-10-07T14:35:19Z,DD 7.2: tokenizer expected to normalize; this cell is 0 by construction once the census confirms it
E3_xcopa__qwen3.5-0.8b__nfd,E3,E3_xcopa,qwen3.5-0.8b,nfd,xcopa,xcopa_vi_test,backend_seed=20261203,p0,Counterfactuals,confirmatory,kaggle_gpu,2266,0.0422,gpu_hours,0.042,planned,prereg+qu+iy,no,,,,,,2026-10-07T14:35:19Z,DD 7.2: tokenizer expected to normalize; this cell is 0 by construction once the census confirms it
E3_xcopa__qwen3.5-0.8b__pc,E3,E3_xcopa,qwen3.5-0.8b,pc,xcopa,xcopa_vi_test,backend_seed=20261203,p0,Counterfactuals,confirmatory,kaggle_gpu,2266,0.0422,gpu_hours,0.042,planned,prereg+qu+iy,no,,,,,,2026-10-07T14:35:19Z,DD 7.2: tokenizer expected to normalize; this cell is 0 by construction once the census confirms it
E1_api_core__gpt-oss-20b__nfc,E1,E1_api_core,gpt-oss-20b,nfc,core,noilai_core,backend_seed=20261203,p0,Results,confirmatory,api,3018,0.375,api_calls,1500.0,planned,prereg+qu+iy+gemini,no,,,,,,2026-10-07T14:35:19Z,
E1_api_core__gpt-oss-120b__nfc,E1,E1_api_core,gpt-oss-120b,nfc,core,noilai_core,backend_seed=20261203,p0,Results,confirmatory,api,3019,0.375,api_calls,1500.0,planned,prereg+qu+iy+gemini,no,,,,,,2026-10-07T14:35:19Z,
E1_api_core__gemini-flash-lite__nfc,E1,E1_api_core,gemini-flash-lite,nfc,core,noilai_core,backend_seed=20261203,p0,Results,confirmatory,api,3020,0.375,api_calls,1500.0,planned,prereg+qu+iy+gemini,no,,,,,,2026-10-07T14:35:19Z,
E1_api_core__gemini-flash__nfc,E1,E1_api_core,gemini-flash,nfc,core,noilai_core,backend_seed=20261203,p0,Results,confirmatory,api,3021,0.375,api_calls,1500.0,planned,prereg+qu+iy+gemini,no,,,,,,2026-10-07T14:35:19Z,
E1_api_paraphrase__gpt-oss-20b__nfc,E1,E1_api_paraphrase,gpt-oss-20b,nfc,core,noilai_api_para300,backend_seed=20261203;sample_seed=20261006,p1|p2,Results,confirmatory,api,3218,0.15,api_calls,600.0,planned,prereg+qu+iy+gemini,no,,,,,,2026-10-07T14:35:19Z,
E1_api_paraphrase__gpt-oss-120b__nfc,E1,E1_api_paraphrase,gpt-oss-120b,nfc,core,noilai_api_para300,backend_seed=20261203;sample_seed=20261006,p1|p2,Results,confirmatory,api,3219,0.15,api_calls,600.0,planned,prereg+qu+iy+gemini,no,,,,,,2026-10-07T14:35:19Z,
E1_api_paraphrase__gemini-flash-lite__nfc,E1,E1_api_paraphrase,gemini-flash-lite,nfc,core,noilai_api_para300,backend_seed=20261203;sample_seed=20261006,p1|p2,Results,confirmatory,api,3220,0.15,api_calls,600.0,planned,prereg+qu+iy+gemini,no,,,,,,2026-10-07T14:35:19Z,
E1_api_paraphrase__gemini-flash__nfc,E1,E1_api_paraphrase,gemini-flash,nfc,core,noilai_api_para300,backend_seed=20261203;sample_seed=20261006,p1|p2,Results,confirmatory,api,3221,0.15,api_calls,600.0,planned,prereg+qu+iy+gemini,no,,,,,,2026-10-07T14:35:19Z,
E3_api_core__gpt-oss-20b__nfd,E3,E3_api_core,gpt-oss-20b,nfd,core,noilai_api_para300,backend_seed=20261203;sample_seed=20261006,p0,Counterfactuals,confirmatory,api,3318,0.075,api_calls,300.0,planned,prereg+qu+iy+gemini,no,,,,,,2026-10-07T14:35:19Z,
E3_api_core__gpt-oss-20b__placement_new,E3,E3_api_core,gpt-oss-20b,placement_new,core,noilai_api_para300,backend_seed=20261203;sample_seed=20261006,p0,Counterfactuals,confirmatory,api,3318,0.075,api_calls,300.0,planned,prereg+qu+iy+gemini,no,,,,,,2026-10-07T14:35:19Z,
E3_api_core__gpt-oss-120b__nfd,E3,E3_api_core,gpt-oss-120b,nfd,core,noilai_api_para300,backend_seed=20261203;sample_seed=20261006,p0,Counterfactuals,confirmatory,api,3319,0.075,api_calls,300.0,planned,prereg+qu+iy+gemini,no,,,,,,2026-10-07T14:35:19Z,
E3_api_core__gpt-oss-120b__placement_new,E3,E3_api_core,gpt-oss-120b,placement_new,core,noilai_api_para300,backend_seed=20261203;sample_seed=20261006,p0,Counterfactuals,confirmatory,api,3319,0.075,api_calls,300.0,planned,prereg+qu+iy+gemini,no,,,,,,2026-10-07T14:35:19Z,
E3_api_core__gemini-flash-lite__nfd,E3,E3_api_core,gemini-flash-lite,nfd,core,noilai_api_para300,backend_seed=20261203;sample_seed=20261006,p0,Counterfactuals,confirmatory,api,3320,0.075,api_calls,300.0,planned,prereg+qu+iy+gemini,no,,,,,,2026-10-07T14:35:19Z,
E3_api_core__gemini-flash-lite__placement_new,E3,E3_api_core,gemini-flash-lite,placement_new,core,noilai_api_para300,backend_seed=20261203;sample_seed=20261006,p0,Counterfactuals,confirmatory,api,3320,0.075,api_calls,300.0,planned,prereg+qu+iy+gemini,no,,,,,,2026-10-07T14:35:19Z,
E3_api_core__gemini-flash__nfd,E3,E3_api_core,gemini-flash,nfd,core,noilai_api_para300,backend_seed=20261203;sample_seed=20261006,p0,Counterfactuals,confirmatory,api,3321,0.075,api_calls,300.0,planned,prereg+qu+iy+gemini,no,,,,,,2026-10-07T14:35:19Z,
E3_api_core__gemini-flash__placement_new,E3,E3_api_core,gemini-flash,placement_new,core,noilai_api_para300,backend_seed=20261203;sample_seed=20261006,p0,Counterfactuals,confirmatory,api,3321,0.075,api_calls,300.0,planned,prereg+qu+iy+gemini,no,,,,,,2026-10-07T14:35:19Z,
E4_probe__gemma-3-1b-it__nfc+nfd,E4,E4_probe,gemma-3-1b-it,nfc+nfd,inventory,syllable_inventory,syllable_seed=0;pair_seed=0,,Tone,confirmatory,kaggle_gpu,4001,2.0,gpu_hours,2.0,planned,prereg,n/a,,,,,,2026-10-07T14:35:19Z,"DD 8.8: reported regardless of outcome; noilai.probe, not run_eval"
E4_probe__gemma-3-4b-it__nfc+nfd,E4,E4_probe,gemma-3-4b-it,nfc+nfd,inventory,syllable_inventory,syllable_seed=0;pair_seed=0,,Tone,confirmatory,kaggle_gpu,4009,8.0,gpu_hours,8.0,planned,prereg,n/a,,,,,,2026-10-07T14:35:19Z,"DD 8.8: reported regardless of outcome; noilai.probe, not run_eval"
E1_attested__gemma-3-1b-it__nfc,E1,E1_attested,gemma-3-1b-it,nfc,attested,attested,backend_seed=20261203,p0|p1|p2,Results,confirmatory,kaggle_gpu,4501,0.0926,gpu_hours,0.093,planned,prereg+qu+iy,no,,,,,,2026-10-07T14:35:19Z,
E1_attested__llama-3.1-8b-instruct__nfc,E1,E1_attested,llama-3.1-8b-instruct,nfc,attested,attested,backend_seed=20261203,p0|p1|p2,Results,confirmatory,kaggle_gpu,4502,0.0823,gpu_hours,0.082,planned,prereg+qu+iy,no,,,,,,2026-10-07T14:35:19Z,
E1_attested__phogpt-4b-chat__nfc,E1,E1_attested,phogpt-4b-chat,nfc,attested,attested,backend_seed=20261203,p0|p1|p2,Results,confirmatory,kaggle_gpu,4503,0.0602,gpu_hours,0.06,planned,prereg+qu+iy,no,,,,,,2026-10-07T14:35:19Z,
E1_attested__vistral-7b-chat__nfc,E1,E1_attested,vistral-7b-chat,nfc,attested,attested,backend_seed=20261203,p0|p1|p2,Results,confirmatory,kaggle_gpu,4504,0.0787,gpu_hours,0.079,planned,prereg+qu+iy,no,,,,,,2026-10-07T14:35:19Z,
E1_attested__qwen3.5-2b__nfc,E1,E1_attested,qwen3.5-2b,nfc,attested,attested,backend_seed=20261203,p0|p1|p2,Results,confirmatory,kaggle_gpu,4505,0.0514,gpu_hours,0.051,planned,prereg+qu+iy,no,,,,,,2026-10-07T14:35:19Z,
E1_attested__gemma-4-e2b__nfc,E1,E1_attested,gemma-4-e2b,nfc,attested,attested,backend_seed=20261203,p0|p1|p2,Results,confirmatory,kaggle_gpu,4506,0.0514,gpu_hours,0.051,planned,prereg+qu+iy,no,,,,,,2026-10-07T14:35:19Z,
E1_attested__sailor2-8b-chat__nfc,E1,E1_attested,sailor2-8b-chat,nfc,attested,attested,backend_seed=20261203,p0|p1|p2,Results,confirmatory,kaggle_gpu,4507,0.0823,gpu_hours,0.082,planned,prereg+qu+iy,no,,,,,,2026-10-07T14:35:19Z,
E1_attested__gemma-sea-lion-v4.5-e2b-it__nfc,E1,E1_attested,gemma-sea-lion-v4.5-e2b-it,nfc,attested,attested,backend_seed=20261203,p0|p1|p2,Results,confirmatory,kaggle_gpu,4508,0.0514,gpu_hours,0.051,planned,prereg+qu+iy,no,,,,,,2026-10-07T14:35:19Z,
E1_attested__gemma-3-4b-it__nfc,E1,E1_attested,gemma-3-4b-it,nfc,attested,attested,backend_seed=20261203,p0|p1|p2,Results,confirmatory,kaggle_gpu,4509,0.1265,gpu_hours,0.127,planned,prereg+qu+iy,no,,,,,,2026-10-07T14:35:19Z,
E1_attested__qwen3.5-4b__nfc,E1,E1_attested,qwen3.5-4b,nfc,attested,attested,backend_seed=20261203,p0|p1|p2,Results,confirmatory,kaggle_gpu,4510,0.0617,gpu_hours,0.062,planned,prereg+qu+iy,no,,,,,,2026-10-07T14:35:19Z,
E1_attested__gemma-4-e4b__nfc,E1,E1_attested,gemma-4-e4b,nfc,attested,attested,backend_seed=20261203,p0|p1|p2,Results,confirmatory,kaggle_gpu,4511,0.0617,gpu_hours,0.062,planned,prereg+qu+iy,no,,,,,,2026-10-07T14:35:19Z,
E1_attested__qwen3.5-9b__nfc,E1,E1_attested,qwen3.5-9b,nfc,attested,attested,backend_seed=20261203,p0|p1|p2,Results,confirmatory,kaggle_gpu,4512,0.0874,gpu_hours,0.087,planned,prereg+qu+iy,no,,,,,,2026-10-07T14:35:19Z,
E1_attested__qwen3.8-27b__nfc,E1,E1_attested,qwen3.8-27b,nfc,attested,attested,backend_seed=20261203,p0|p1|p2,Results,confirmatory,kaggle_tpu,4513,0.18,tpu_hours,0.18,planned,prereg+qu+iy,no,,,,,,2026-10-07T14:35:19Z,
E1_attested__qwen-sea-lion-v4.5-27b-it__nfc,E1,E1_attested,qwen-sea-lion-v4.5-27b-it,nfc,attested,attested,backend_seed=20261203,p0|p1|p2,Results,confirmatory,kaggle_tpu,4514,0.18,tpu_hours,0.18,planned,prereg+qu+iy,no,,,,,,2026-10-07T14:35:19Z,
E1_attested__gemma-3-12b-it__nfc,E1,E1_attested,gemma-3-12b-it,nfc,attested,attested,backend_seed=20261203,p0|p1|p2,Results,confirmatory,kaggle_tpu,4515,0.1039,tpu_hours,0.104,planned,prereg+qu+iy,no,,,,,,2026-10-07T14:35:19Z,
E1_attested__qwen3.5-0.8b__nfc,E1,E1_attested,qwen3.5-0.8b,nfc,attested,attested,backend_seed=20261203,p0|p1|p2,Results,confirmatory,kaggle_gpu,4516,0.0453,gpu_hours,0.045,planned,prereg+qu+iy,no,,,,,,2026-10-07T14:35:19Z,
E1_attested__gemma-4-12b__nfc,E1,E1_attested,gemma-4-12b,nfc,attested,attested,backend_seed=20261203,p0|p1|p2,Results,confirmatory,kaggle_gpu,4517,0.1029,gpu_hours,0.103,planned,prereg+qu+iy,no,,,,,,2026-10-07T14:35:19Z,
E1_abl_zero_shot__gemma-3-1b-it__nfc,E1_ablation,E1_abl_zero_shot,gemma-3-1b-it,nfc,core,noilai_core,backend_seed=20261203,p0,Results,confirmatory,kaggle_gpu,5001,0.0926,gpu_hours,0.093,planned,prereg+qu+iy,no,,,,,,2026-10-07T14:35:19Z,
E1_abl_zero_shot__llama-3.1-8b-instruct__nfc,E1_ablation,E1_abl_zero_shot,llama-3.1-8b-instruct,nfc,core,noilai_core,backend_seed=20261203,p0,Results,confirmatory,kaggle_gpu,5002,0.0823,gpu_hours,0.082,planned,prereg+qu+iy,no,,,,,,2026-10-07T14:35:19Z,
E1_abl_zero_shot__phogpt-4b-chat__nfc,E1_ablation,E1_abl_zero_shot,phogpt-4b-chat,nfc,core,noilai_core,backend_seed=20261203,p0,Results,confirmatory,kaggle_gpu,5003,0.0602,gpu_hours,0.06,planned,prereg+qu+iy,no,,,,,,2026-10-07T14:35:19Z,
E1_abl_zero_shot__vistral-7b-chat__nfc,E1_ablation,E1_abl_zero_shot,vistral-7b-chat,nfc,core,noilai_core,backend_seed=20261203,p0,Results,confirmatory,kaggle_gpu,5004,0.0787,gpu_hours,0.079,planned,prereg+qu+iy,no,,,,,,2026-10-07T14:35:19Z,
E1_abl_zero_shot__qwen3.5-2b__nfc,E1_ablation,E1_abl_zero_shot,qwen3.5-2b,nfc,core,noilai_core,backend_seed=20261203,p0,Results,confirmatory,kaggle_gpu,5005,0.0514,gpu_hours,0.051,planned,prereg+qu+iy,no,,,,,,2026-10-07T14:35:19Z,
E1_abl_zero_shot__gemma-4-e2b__nfc,E1_ablation,E1_abl_zero_shot,gemma-4-e2b,nfc,core,noilai_core,backend_seed=20261203,p0,Results,confirmatory,kaggle_gpu,5006,0.0514,gpu_hours,0.051,planned,prereg+qu+iy,no,,,,,,2026-10-07T14:35:19Z,
E1_abl_zero_shot__sailor2-8b-chat__nfc,E1_ablation,E1_abl_zero_shot,sailor2-8b-chat,nfc,core,noilai_core,backend_seed=20261203,p0,Results,confirmatory,kaggle_gpu,5007,0.0823,gpu_hours,0.082,planned,prereg+qu+iy,no,,,,,,2026-10-07T14:35:19Z,
E1_abl_zero_shot__gemma-sea-lion-v4.5-e2b-it__nfc,E1_ablation,E1_abl_zero_shot,gemma-sea-lion-v4.5-e2b-it,nfc,core,noilai_core,backend_seed=20261203,p0,Results,confirmatory,kaggle_gpu,5008,0.0514,gpu_hours,0.051,planned,prereg+qu+iy,no,,,,,,2026-10-07T14:35:19Z,
E1_abl_zero_shot__gemma-3-4b-it__nfc,E1_ablation,E1_abl_zero_shot,gemma-3-4b-it,nfc,core,noilai_core,backend_seed=20261203,p0,Results,confirmatory,kaggle_gpu,5009,0.1265,gpu_hours,0.127,planned,prereg+qu+iy,no,,,,,,2026-10-07T14:35:19Z,
E1_abl_zero_shot__qwen3.5-4b__nfc,E1_ablation,E1_abl_zero_shot,qwen3.5-4b,nfc,core,noilai_core,backend_seed=20261203,p0,Results,confirmatory,kaggle_gpu,5010,0.0617,gpu_hours,0.062,planned,prereg+qu+iy,no,,,,,,2026-10-07T14:35:19Z,
E1_abl_zero_shot__gemma-4-e4b__nfc,E1_ablation,E1_abl_zero_shot,gemma-4-e4b,nfc,core,noilai_core,backend_seed=20261203,p0,Results,confirmatory,kaggle_gpu,5011,0.0617,gpu_hours,0.062,planned,prereg+qu+iy,no,,,,,,2026-10-07T14:35:19Z,
E1_abl_zero_shot__qwen3.5-9b__nfc,E1_ablation,E1_abl_zero_shot,qwen3.5-9b,nfc,core,noilai_core,backend_seed=20261203,p0,Results,confirmatory,kaggle_gpu,5012,0.0874,gpu_hours,0.087,planned,prereg+qu+iy,no,,,,,,2026-10-07T14:35:19Z,
E1_abl_zero_shot__qwen3.8-27b__nfc,E1_ablation,E1_abl_zero_shot,qwen3.8-27b,nfc,core,noilai_core,backend_seed=20261203,p0,Results,confirmatory,kaggle_tpu,5013,0.18,tpu_hours,0.18,planned,prereg+qu+iy,no,,,,,,2026-10-07T14:35:19Z,
E1_abl_zero_shot__qwen-sea-lion-v4.5-27b-it__nfc,E1_ablation,E1_abl_zero_shot,qwen-sea-lion-v4.5-27b-it,nfc,core,noilai_core,backend_seed=20261203,p0,Results,confirmatory,kaggle_tpu,5014,0.18,tpu_hours,0.18,planned,prereg+qu+iy,no,,,,,,2026-10-07T14:35:19Z,
E1_abl_zero_shot__gemma-3-12b-it__nfc,E1_ablation,E1_abl_zero_shot,gemma-3-12b-it,nfc,core,noilai_core,backend_seed=20261203,p0,Results,confirmatory,kaggle_tpu,5015,0.1039,tpu_hours,0.104,planned,prereg+qu+iy,no,,,,,,2026-10-07T14:35:19Z,
E1_abl_zero_shot__qwen3.5-0.8b__nfc,E1_ablation,E1_abl_zero_shot,qwen3.5-0.8b,nfc,core,noilai_core,backend_seed=20261203,p0,Results,confirmatory,kaggle_gpu,5016,0.0453,gpu_hours,0.045,planned,prereg+qu+iy,no,,,,,,2026-10-07T14:35:19Z,
E1_abl_zero_shot__gemma-4-12b__nfc,E1_ablation,E1_abl_zero_shot,gemma-4-12b,nfc,core,noilai_core,backend_seed=20261203,p0,Results,confirmatory,kaggle_gpu,5017,0.1029,gpu_hours,0.103,planned,prereg+qu+iy,no,,,,,,2026-10-07T14:35:19Z,
E1_abl_name_only__gemma-3-1b-it__nfc,E1_ablation,E1_abl_name_only,gemma-3-1b-it,nfc,core,noilai_core,backend_seed=20261203,p0,Results,confirmatory,kaggle_gpu,5101,0.0926,gpu_hours,0.093,planned,prereg+qu+iy,no,,,,,,2026-10-07T14:35:19Z,
E1_abl_name_only__llama-3.1-8b-instruct__nfc,E1_ablation,E1_abl_name_only,llama-3.1-8b-instruct,nfc,core,noilai_core,backend_seed=20261203,p0,Results,confirmatory,kaggle_gpu,5102,0.0823,gpu_hours,0.082,planned,prereg+qu+iy,no,,,,,,2026-10-07T14:35:19Z,
E1_abl_name_only__phogpt-4b-chat__nfc,E1_ablation,E1_abl_name_only,phogpt-4b-chat,nfc,core,noilai_core,backend_seed=20261203,p0,Results,confirmatory,kaggle_gpu,5103,0.0602,gpu_hours,0.06,planned,prereg+qu+iy,no,,,,,,2026-10-07T14:35:19Z,
E1_abl_name_only__vistral-7b-chat__nfc,E1_ablation,E1_abl_name_only,vistral-7b-chat,nfc,core,noilai_core,backend_seed=20261203,p0,Results,confirmatory,kaggle_gpu,5104,0.0787,gpu_hours,0.079,planned,prereg+qu+iy,no,,,,,,2026-10-07T14:35:19Z,
E1_abl_name_only__qwen3.5-2b__nfc,E1_ablation,E1_abl_name_only,qwen3.5-2b,nfc,core,noilai_core,backend_seed=20261203,p0,Results,confirmatory,kaggle_gpu,5105,0.0514,gpu_hours,0.051,planned,prereg+qu+iy,no,,,,,,2026-10-07T14:35:19Z,
E1_abl_name_only__gemma-4-e2b__nfc,E1_ablation,E1_abl_name_only,gemma-4-e2b,nfc,core,noilai_core,backend_seed=20261203,p0,Results,confirmatory,kaggle_gpu,5106,0.0514,gpu_hours,0.051,planned,prereg+qu+iy,no,,,,,,2026-10-07T14:35:19Z,
E1_abl_name_only__sailor2-8b-chat__nfc,E1_ablation,E1_abl_name_only,sailor2-8b-chat,nfc,core,noilai_core,backend_seed=20261203,p0,Results,confirmatory,kaggle_gpu,5107,0.0823,gpu_hours,0.082,planned,prereg+qu+iy,no,,,,,,2026-10-07T14:35:19Z,
E1_abl_name_only__gemma-sea-lion-v4.5-e2b-it__nfc,E1_ablation,E1_abl_name_only,gemma-sea-lion-v4.5-e2b-it,nfc,core,noilai_core,backend_seed=20261203,p0,Results,confirmatory,kaggle_gpu,5108,0.0514,gpu_hours,0.051,planned,prereg+qu+iy,no,,,,,,2026-10-07T14:35:19Z,
E1_abl_name_only__gemma-3-4b-it__nfc,E1_ablation,E1_abl_name_only,gemma-3-4b-it,nfc,core,noilai_core,backend_seed=20261203,p0,Results,confirmatory,kaggle_gpu,5109,0.1265,gpu_hours,0.127,planned,prereg+qu+iy,no,,,,,,2026-10-07T14:35:19Z,
E1_abl_name_only__qwen3.5-4b__nfc,E1_ablation,E1_abl_name_only,qwen3.5-4b,nfc,core,noilai_core,backend_seed=20261203,p0,Results,confirmatory,kaggle_gpu,5110,0.0617,gpu_hours,0.062,planned,prereg+qu+iy,no,,,,,,2026-10-07T14:35:19Z,
E1_abl_name_only__gemma-4-e4b__nfc,E1_ablation,E1_abl_name_only,gemma-4-e4b,nfc,core,noilai_core,backend_seed=20261203,p0,Results,confirmatory,kaggle_gpu,5111,0.0617,gpu_hours,0.062,planned,prereg+qu+iy,no,,,,,,2026-10-07T14:35:19Z,
E1_abl_name_only__qwen3.5-9b__nfc,E1_ablation,E1_abl_name_only,qwen3.5-9b,nfc,core,noilai_core,backend_seed=20261203,p0,Results,confirmatory,kaggle_gpu,5112,0.0874,gpu_hours,0.087,planned,prereg+qu+iy,no,,,,,,2026-10-07T14:35:19Z,
E1_abl_name_only__qwen3.8-27b__nfc,E1_ablation,E1_abl_name_only,qwen3.8-27b,nfc,core,noilai_core,backend_seed=20261203,p0,Results,confirmatory,kaggle_tpu,5113,0.18,tpu_hours,0.18,planned,prereg+qu+iy,no,,,,,,2026-10-07T14:35:19Z,
E1_abl_name_only__qwen-sea-lion-v4.5-27b-it__nfc,E1_ablation,E1_abl_name_only,qwen-sea-lion-v4.5-27b-it,nfc,core,noilai_core,backend_seed=20261203,p0,Results,confirmatory,kaggle_tpu,5114,0.18,tpu_hours,0.18,planned,prereg+qu+iy,no,,,,,,2026-10-07T14:35:19Z,
E1_abl_name_only__gemma-3-12b-it__nfc,E1_ablation,E1_abl_name_only,gemma-3-12b-it,nfc,core,noilai_core,backend_seed=20261203,p0,Results,confirmatory,kaggle_tpu,5115,0.1039,tpu_hours,0.104,planned,prereg+qu+iy,no,,,,,,2026-10-07T14:35:19Z,
E1_abl_name_only__qwen3.5-0.8b__nfc,E1_ablation,E1_abl_name_only,qwen3.5-0.8b,nfc,core,noilai_core,backend_seed=20261203,p0,Results,confirmatory,kaggle_gpu,5116,0.0453,gpu_hours,0.045,planned,prereg+qu+iy,no,,,,,,2026-10-07T14:35:19Z,
E1_abl_name_only__gemma-4-12b__nfc,E1_ablation,E1_abl_name_only,gemma-4-12b,nfc,core,noilai_core,backend_seed=20261203,p0,Results,confirmatory,kaggle_gpu,5117,0.1029,gpu_hours,0.103,planned,prereg+qu+iy,no,,,,,,2026-10-07T14:35:19Z,
E1_abl_english__gemma-3-1b-it__nfc,E1_ablation,E1_abl_english,gemma-3-1b-it,nfc,core,noilai_core,backend_seed=20261203,p0,Results,confirmatory,kaggle_gpu,5201,0.0926,gpu_hours,0.093,planned,prereg+qu+iy,no,,,,,,2026-10-07T14:35:19Z,
E1_abl_english__llama-3.1-8b-instruct__nfc,E1_ablation,E1_abl_english,llama-3.1-8b-instruct,nfc,core,noilai_core,backend_seed=20261203,p0,Results,confirmatory,kaggle_gpu,5202,0.0823,gpu_hours,0.082,planned,prereg+qu+iy,no,,,,,,2026-10-07T14:35:19Z,
E1_abl_english__phogpt-4b-chat__nfc,E1_ablation,E1_abl_english,phogpt-4b-chat,nfc,core,noilai_core,backend_seed=20261203,p0,Results,confirmatory,kaggle_gpu,5203,0.0602,gpu_hours,0.06,planned,prereg+qu+iy,no,,,,,,2026-10-07T14:35:19Z,
E1_abl_english__vistral-7b-chat__nfc,E1_ablation,E1_abl_english,vistral-7b-chat,nfc,core,noilai_core,backend_seed=20261203,p0,Results,confirmatory,kaggle_gpu,5204,0.0787,gpu_hours,0.079,planned,prereg+qu+iy,no,,,,,,2026-10-07T14:35:19Z,
E1_abl_english__qwen3.5-2b__nfc,E1_ablation,E1_abl_english,qwen3.5-2b,nfc,core,noilai_core,backend_seed=20261203,p0,Results,confirmatory,kaggle_gpu,5205,0.0514,gpu_hours,0.051,planned,prereg+qu+iy,no,,,,,,2026-10-07T14:35:19Z,
E1_abl_english__gemma-4-e2b__nfc,E1_ablation,E1_abl_english,gemma-4-e2b,nfc,core,noilai_core,backend_seed=20261203,p0,Results,confirmatory,kaggle_gpu,5206,0.0514,gpu_hours,0.051,planned,prereg+qu+iy,no,,,,,,2026-10-07T14:35:19Z,
E1_abl_english__sailor2-8b-chat__nfc,E1_ablation,E1_abl_english,sailor2-8b-chat,nfc,core,noilai_core,backend_seed=20261203,p0,Results,confirmatory,kaggle_gpu,5207,0.0823,gpu_hours,0.082,planned,prereg+qu+iy,no,,,,,,2026-10-07T14:35:19Z,
E1_abl_english__gemma-sea-lion-v4.5-e2b-it__nfc,E1_ablation,E1_abl_english,gemma-sea-lion-v4.5-e2b-it,nfc,core,noilai_core,backend_seed=20261203,p0,Results,confirmatory,kaggle_gpu,5208,0.0514,gpu_hours,0.051,planned,prereg+qu+iy,no,,,,,,2026-10-07T14:35:19Z,
E1_abl_english__gemma-3-4b-it__nfc,E1_ablation,E1_abl_english,gemma-3-4b-it,nfc,core,noilai_core,backend_seed=20261203,p0,Results,confirmatory,kaggle_gpu,5209,0.1265,gpu_hours,0.127,planned,prereg+qu+iy,no,,,,,,2026-10-07T14:35:19Z,
E1_abl_english__qwen3.5-4b__nfc,E1_ablation,E1_abl_english,qwen3.5-4b,nfc,core,noilai_core,backend_seed=20261203,p0,Results,confirmatory,kaggle_gpu,5210,0.0617,gpu_hours,0.062,planned,prereg+qu+iy,no,,,,,,2026-10-07T14:35:19Z,
E1_abl_english__gemma-4-e4b__nfc,E1_ablation,E1_abl_english,gemma-4-e4b,nfc,core,noilai_core,backend_seed=20261203,p0,Results,confirmatory,kaggle_gpu,5211,0.0617,gpu_hours,0.062,planned,prereg+qu+iy,no,,,,,,2026-10-07T14:35:19Z,
E1_abl_english__qwen3.5-9b__nfc,E1_ablation,E1_abl_english,qwen3.5-9b,nfc,core,noilai_core,backend_seed=20261203,p0,Results,confirmatory,kaggle_gpu,5212,0.0874,gpu_hours,0.087,planned,prereg+qu+iy,no,,,,,,2026-10-07T14:35:19Z,
E1_abl_english__qwen3.8-27b__nfc,E1_ablation,E1_abl_english,qwen3.8-27b,nfc,core,noilai_core,backend_seed=20261203,p0,Results,confirmatory,kaggle_tpu,5213,0.18,tpu_hours,0.18,planned,prereg+qu+iy,no,,,,,,2026-10-07T14:35:19Z,
E1_abl_english__qwen-sea-lion-v4.5-27b-it__nfc,E1_ablation,E1_abl_english,qwen-sea-lion-v4.5-27b-it,nfc,core,noilai_core,backend_seed=20261203,p0,Results,confirmatory,kaggle_tpu,5214,0.18,tpu_hours,0.18,planned,prereg+qu+iy,no,,,,,,2026-10-07T14:35:19Z,
E1_abl_english__gemma-3-12b-it__nfc,E1_ablation,E1_abl_english,gemma-3-12b-it,nfc,core,noilai_core,backend_seed=20261203,p0,Results,confirmatory,kaggle_tpu,5215,0.1039,tpu_hours,0.104,planned,prereg+qu+iy,no,,,,,,2026-10-07T14:35:19Z,
E1_abl_english__qwen3.5-0.8b__nfc,E1_ablation,E1_abl_english,qwen3.5-0.8b,nfc,core,noilai_core,backend_seed=20261203,p0,Results,confirmatory,kaggle_gpu,5216,0.0453,gpu_hours,0.045,planned,prereg+qu+iy,no,,,,,,2026-10-07T14:35:19Z,
E1_abl_english__gemma-4-12b__nfc,E1_ablation,E1_abl_english,gemma-4-12b,nfc,core,noilai_core,backend_seed=20261203,p0,Results,confirmatory,kaggle_gpu,5217,0.1029,gpu_hours,0.103,planned,prereg+qu+iy,no,,,,,,2026-10-07T14:35:19Z,
E1_abl_spaced__gemma-3-1b-it__nfc,E1_ablation,E1_abl_spaced,gemma-3-1b-it,nfc,core,noilai_core,backend_seed=20261203,p0,Results,confirmatory,kaggle_gpu,5301,0.0926,gpu_hours,0.093,planned,prereg+qu+iy,no,,,,,,2026-10-07T14:35:19Z,
E1_abl_spaced__llama-3.1-8b-instruct__nfc,E1_ablation,E1_abl_spaced,llama-3.1-8b-instruct,nfc,core,noilai_core,backend_seed=20261203,p0,Results,confirmatory,kaggle_gpu,5302,0.0823,gpu_hours,0.082,planned,prereg+qu+iy,no,,,,,,2026-10-07T14:35:19Z,
E1_abl_spaced__phogpt-4b-chat__nfc,E1_ablation,E1_abl_spaced,phogpt-4b-chat,nfc,core,noilai_core,backend_seed=20261203,p0,Results,confirmatory,kaggle_gpu,5303,0.0602,gpu_hours,0.06,planned,prereg+qu+iy,no,,,,,,2026-10-07T14:35:19Z,
E1_abl_spaced__vistral-7b-chat__nfc,E1_ablation,E1_abl_spaced,vistral-7b-chat,nfc,core,noilai_core,backend_seed=20261203,p0,Results,confirmatory,kaggle_gpu,5304,0.0787,gpu_hours,0.079,planned,prereg+qu+iy,no,,,,,,2026-10-07T14:35:19Z,
E1_abl_spaced__qwen3.5-2b__nfc,E1_ablation,E1_abl_spaced,qwen3.5-2b,nfc,core,noilai_core,backend_seed=20261203,p0,Results,confirmatory,kaggle_gpu,5305,0.0514,gpu_hours,0.051,planned,prereg+qu+iy,no,,,,,,2026-10-07T14:35:19Z,
E1_abl_spaced__gemma-4-e2b__nfc,E1_ablation,E1_abl_spaced,gemma-4-e2b,nfc,core,noilai_core,backend_seed=20261203,p0,Results,confirmatory,kaggle_gpu,5306,0.0514,gpu_hours,0.051,planned,prereg+qu+iy,no,,,,,,2026-10-07T14:35:19Z,
E1_abl_spaced__sailor2-8b-chat__nfc,E1_ablation,E1_abl_spaced,sailor2-8b-chat,nfc,core,noilai_core,backend_seed=20261203,p0,Results,confirmatory,kaggle_gpu,5307,0.0823,gpu_hours,0.082,planned,prereg+qu+iy,no,,,,,,2026-10-07T14:35:19Z,
E1_abl_spaced__gemma-sea-lion-v4.5-e2b-it__nfc,E1_ablation,E1_abl_spaced,gemma-sea-lion-v4.5-e2b-it,nfc,core,noilai_core,backend_seed=20261203,p0,Results,confirmatory,kaggle_gpu,5308,0.0514,gpu_hours,0.051,planned,prereg+qu+iy,no,,,,,,2026-10-07T14:35:19Z,
E1_abl_spaced__gemma-3-4b-it__nfc,E1_ablation,E1_abl_spaced,gemma-3-4b-it,nfc,core,noilai_core,backend_seed=20261203,p0,Results,confirmatory,kaggle_gpu,5309,0.1265,gpu_hours,0.127,planned,prereg+qu+iy,no,,,,,,2026-10-07T14:35:19Z,
E1_abl_spaced__qwen3.5-4b__nfc,E1_ablation,E1_abl_spaced,qwen3.5-4b,nfc,core,noilai_core,backend_seed=20261203,p0,Results,confirmatory,kaggle_gpu,5310,0.0617,gpu_hours,0.062,planned,prereg+qu+iy,no,,,,,,2026-10-07T14:35:19Z,
E1_abl_spaced__gemma-4-e4b__nfc,E1_ablation,E1_abl_spaced,gemma-4-e4b,nfc,core,noilai_core,backend_seed=20261203,p0,Results,confirmatory,kaggle_gpu,5311,0.0617,gpu_hours,0.062,planned,prereg+qu+iy,no,,,,,,2026-10-07T14:35:19Z,
E1_abl_spaced__qwen3.5-9b__nfc,E1_ablation,E1_abl_spaced,qwen3.5-9b,nfc,core,noilai_core,backend_seed=20261203,p0,Results,confirmatory,kaggle_gpu,5312,0.0874,gpu_hours,0.087,planned,prereg+qu+iy,no,,,,,,2026-10-07T14:35:19Z,
E1_abl_spaced__qwen3.8-27b__nfc,E1_ablation,E1_abl_spaced,qwen3.8-27b,nfc,core,noilai_core,backend_seed=20261203,p0,Results,confirmatory,kaggle_tpu,5313,0.18,tpu_hours,0.18,planned,prereg+qu+iy,no,,,,,,2026-10-07T14:35:19Z,
E1_abl_spaced__qwen-sea-lion-v4.5-27b-it__nfc,E1_ablation,E1_abl_spaced,qwen-sea-lion-v4.5-27b-it,nfc,core,noilai_core,backend_seed=20261203,p0,Results,confirmatory,kaggle_tpu,5314,0.18,tpu_hours,0.18,planned,prereg+qu+iy,no,,,,,,2026-10-07T14:35:19Z,
E1_abl_spaced__gemma-3-12b-it__nfc,E1_ablation,E1_abl_spaced,gemma-3-12b-it,nfc,core,noilai_core,backend_seed=20261203,p0,Results,confirmatory,kaggle_tpu,5315,0.1039,tpu_hours,0.104,planned,prereg+qu+iy,no,,,,,,2026-10-07T14:35:19Z,
E1_abl_spaced__qwen3.5-0.8b__nfc,E1_ablation,E1_abl_spaced,qwen3.5-0.8b,nfc,core,noilai_core,backend_seed=20261203,p0,Results,confirmatory,kaggle_gpu,5316,0.0453,gpu_hours,0.045,planned,prereg+qu+iy,no,,,,,,2026-10-07T14:35:19Z,
E1_abl_spaced__gemma-4-12b__nfc,E1_ablation,E1_abl_spaced,gemma-4-12b,nfc,core,noilai_core,backend_seed=20261203,p0,Results,confirmatory,kaggle_gpu,5317,0.1029,gpu_hours,0.103,planned,prereg+qu+iy,no,,,,,,2026-10-07T14:35:19Z,
reasoning_500__qwen3.5-4b--thinking__nfc,reasoning,reasoning_500,qwen3.5-4b--thinking,nfc,core,noilai_reasoning500,backend_seed=20261203;sample_seed=20261007,p0,Results,confirmatory,kaggle_gpu,6050,3.75,gpu_hours,3.75,planned,prereg+qu+iy,no,,,,,,2026-10-07T14:35:19Z,
reasoning_500__qwen3.5-9b--thinking__nfc,reasoning,reasoning_500,qwen3.5-9b--thinking,nfc,core,noilai_reasoning500,backend_seed=20261203;sample_seed=20261007,p0,Results,confirmatory,kaggle_gpu,6050,3.75,gpu_hours,3.75,planned,prereg+qu+iy,no,,,,,,2026-10-07T14:35:19Z,
reasoning_500_tpu__qwen3.8-27b--thinking__nfc,reasoning,reasoning_500_tpu,qwen3.8-27b--thinking,nfc,core,noilai_reasoning500,backend_seed=20261203;sample_seed=20261007,p0,Results,confirmatory,kaggle_tpu,6050,3.0,tpu_hours,3.0,planned,prereg+qu+iy,no,,,,,,2026-10-07T14:35:19Z,
reasoning_500_api__gemini-flash--thinking__nfc,reasoning,reasoning_500_api,gemini-flash--thinking,nfc,core,noilai_reasoning500,backend_seed=20261203;sample_seed=20261007,p0,Results,confirmatory,api,6150,0.125,api_calls,500.0,planned,prereg+qu+iy+gemini,no,,,,,,2026-10-07T14:35:19Z,
reasoning_500_api__gpt-oss-120b--thinking__nfc,reasoning,reasoning_500_api,gpt-oss-120b--thinking,nfc,core,noilai_reasoning500,backend_seed=20261203;sample_seed=20261007,p0,Results,confirmatory,api,6150,0.125,api_calls,500.0,planned,prereg+qu+iy+gemini,no,,,,,,2026-10-07T14:35:19Z,
reasoning_500_api__gpt-oss-20b--thinking__nfc,reasoning,reasoning_500_api,gpt-oss-20b--thinking,nfc,core,noilai_reasoning500,backend_seed=20261203;sample_seed=20261007,p0,Results,confirmatory,api,6150,0.125,api_calls,500.0,planned,prereg+qu+iy+gemini,no,,,,,,2026-10-07T14:35:19Z,
bf16_drift_200__gemma-3-1b-it--bf16__nfc,bf16_drift,bf16_drift_200,gemma-3-1b-it--bf16,nfc,core,noilai_bf16_200,backend_seed=20261203;sample_seed=20261008,p0,Results,confirmatory,kaggle_tpu,6250,0.3571,tpu_hours,0.357,planned,prereg+qu+iy,no,,,,,,2026-10-07T14:35:19Z,
bf16_drift_200__gemma-3-4b-it--bf16__nfc,bf16_drift,bf16_drift_200,gemma-3-4b-it--bf16,nfc,core,noilai_bf16_200,backend_seed=20261203;sample_seed=20261008,p0,Results,confirmatory,kaggle_tpu,6250,0.3571,tpu_hours,0.357,planned,prereg+qu+iy,no,,,,,,2026-10-07T14:35:19Z,
bf16_drift_200__gemma-4-12b--bf16__nfc,bf16_drift,bf16_drift_200,gemma-4-12b--bf16,nfc,core,noilai_bf16_200,backend_seed=20261203;sample_seed=20261008,p0,Results,confirmatory,kaggle_tpu,6250,0.3571,tpu_hours,0.357,planned,prereg+qu+iy,no,,,,,,2026-10-07T14:35:19Z,
bf16_drift_200__gemma-4-e2b--bf16__nfc,bf16_drift,bf16_drift_200,gemma-4-e2b--bf16,nfc,core,noilai_bf16_200,backend_seed=20261203;sample_seed=20261008,p0,Results,confirmatory,kaggle_tpu,6250,0.3571,tpu_hours,0.357,planned,prereg+qu+iy,no,,,,,,2026-10-07T14:35:19Z,
bf16_drift_200__gemma-4-e4b--bf16__nfc,bf16_drift,bf16_drift_200,gemma-4-e4b--bf16,nfc,core,noilai_bf16_200,backend_seed=20261203;sample_seed=20261008,p0,Results,confirmatory,kaggle_tpu,6250,0.3571,tpu_hours,0.357,planned,prereg+qu+iy,no,,,,,,2026-10-07T14:35:19Z,
bf16_drift_200__gemma-sea-lion-v4.5-e2b-it--bf16__nfc,bf16_drift,bf16_drift_200,gemma-sea-lion-v4.5-e2b-it--bf16,nfc,core,noilai_bf16_200,backend_seed=20261203;sample_seed=20261008,p0,Results,confirmatory,kaggle_tpu,6250,0.3571,tpu_hours,0.357,planned,prereg+qu+iy,no,,,,,,2026-10-07T14:35:19Z,
bf16_drift_200__llama-3.1-8b-instruct--bf16__nfc,bf16_drift,bf16_drift_200,llama-3.1-8b-instruct--bf16,nfc,core,noilai_bf16_200,backend_seed=20261203;sample_seed=20261008,p0,Results,confirmatory,kaggle_tpu,6250,0.3571,tpu_hours,0.357,planned,prereg+qu+iy,no,,,,,,2026-10-07T14:35:19Z,
bf16_drift_200__phogpt-4b-chat--bf16__nfc,bf16_drift,bf16_drift_200,phogpt-4b-chat--bf16,nfc,core,noilai_bf16_200,backend_seed=20261203;sample_seed=20261008,p0,Results,confirmatory,modal_l4,6250,0.3571,tpu_hours,0.357,planned,prereg+qu+iy,no,,,,,,2026-10-07T14:35:19Z,
bf16_drift_200__qwen3.5-0.8b--bf16__nfc,bf16_drift,bf16_drift_200,qwen3.5-0.8b--bf16,nfc,core,noilai_bf16_200,backend_seed=20261203;sample_seed=20261008,p0,Results,confirmatory,kaggle_tpu,6250,0.3571,tpu_hours,0.357,planned,prereg+qu+iy,no,,,,,,2026-10-07T14:35:19Z,
bf16_drift_200__qwen3.5-2b--bf16__nfc,bf16_drift,bf16_drift_200,qwen3.5-2b--bf16,nfc,core,noilai_bf16_200,backend_seed=20261203;sample_seed=20261008,p0,Results,confirmatory,kaggle_tpu,6250,0.3571,tpu_hours,0.357,planned,prereg+qu+iy,no,,,,,,2026-10-07T14:35:19Z,
bf16_drift_200__qwen3.5-4b--bf16__nfc,bf16_drift,bf16_drift_200,qwen3.5-4b--bf16,nfc,core,noilai_bf16_200,backend_seed=20261203;sample_seed=20261008,p0,Results,confirmatory,kaggle_tpu,6250,0.3571,tpu_hours,0.357,planned,prereg+qu+iy,no,,,,,,2026-10-07T14:35:19Z,
bf16_drift_200__qwen3.5-9b--bf16__nfc,bf16_drift,bf16_drift_200,qwen3.5-9b--bf16,nfc,core,noilai_bf16_200,backend_seed=20261203;sample_seed=20261008,p0,Results,confirmatory,kaggle_tpu,6250,0.3571,tpu_hours,0.357,planned,prereg+qu+iy,no,,,,,,2026-10-07T14:35:19Z,
bf16_drift_200__sailor2-8b-chat--bf16__nfc,bf16_drift,bf16_drift_200,sailor2-8b-chat--bf16,nfc,core,noilai_bf16_200,backend_seed=20261203;sample_seed=20261008,p0,Results,confirmatory,kaggle_tpu,6250,0.3571,tpu_hours,0.357,planned,prereg+qu+iy,no,,,,,,2026-10-07T14:35:19Z,
bf16_drift_200__vistral-7b-chat--bf16__nfc,bf16_drift,bf16_drift_200,vistral-7b-chat--bf16,nfc,core,noilai_bf16_200,backend_seed=20261203;sample_seed=20261008,p0,Results,confirmatory,kaggle_tpu,6250,0.3571,tpu_hours,0.357,planned,prereg+qu+iy,no,,,,,,2026-10-07T14:35:19Z,
E3_scope_item__gemma-3-1b-it__nfc,E3,E3_scope_item,gemma-3-1b-it,nfc,core,noilai_scope500,backend_seed=20261203;sample_seed=20261011,p0,Counterfactuals,confirmatory,kaggle_gpu,6401,0.5,gpu_hours,0.5,planned,prereg+qu+iy,no,,,,,,2026-10-07T14:35:19Z,
E3_scope_item__gemma-3-1b-it__nfd,E3,E3_scope_item,gemma-3-1b-it,nfd,core,noilai_scope500,backend_seed=20261203;sample_seed=20261011,p0,Counterfactuals,confirmatory,kaggle_gpu,6401,0.5,gpu_hours,0.5,planned,prereg+qu+iy,no,,,,,,2026-10-07T14:35:19Z,
E3_engine_hf__gemma-3-1b-it__nfc,E3,E3_engine_hf,gemma-3-1b-it,nfc,core,noilai_scope500,backend_seed=20261203;sample_seed=20261011,p0,Counterfactuals,confirmatory,kaggle_gpu,6501,0.5,gpu_hours,0.5,planned,prereg+qu+iy,no,,,,,,2026-10-07T14:35:19Z,
E3_engine_hf__gemma-3-1b-it__nfd,E3,E3_engine_hf,gemma-3-1b-it,nfd,core,noilai_scope500,backend_seed=20261203;sample_seed=20261011,p0,Counterfactuals,confirmatory,kaggle_gpu,6501,0.5,gpu_hours,0.5,planned,prereg+qu+iy,no,,,,,,2026-10-07T14:35:19Z,
