syllable,encoding,n_tokens,tokens,boundaries,single_token,boundary_alignment,onset_rime_split,tone_isolated,byte_fallback
a,nfc,1,▁a,,True,1.0,False,False,False
a,nfd,1,▁a,,True,1.0,False,False,False
ai,nfc,1,▁ai,,True,1.0,False,False,False
ai,nfd,1,▁ai,,True,1.0,False,False,False
am,nfc,1,▁am,,True,1.0,False,False,False
am,nfd,1,▁am,,True,1.0,False,False,False
an,nfc,1,▁an,,True,1.0,False,False,False
an,nfd,1,▁an,,True,1.0,False,False,False
ang,nfc,1,▁ang,,True,1.0,False,False,False
ang,nfd,1,▁ang,,True,1.0,False,False,False
anh,nfc,1,▁anh,,True,1.0,False,False,False
anh,nfd,1,▁anh,,True,1.0,False,False,False
ao,nfc,1,▁ao,,True,1.0,False,False,False
ao,nfd,1,▁ao,,True,1.0,False,False,False
au,nfc,1,▁au,,True,1.0,False,False,False
au,nfd,1,▁au,,True,1.0,False,False,False
ba,nfc,1,▁ba,,True,1.0,False,False,False
ba,nfd,1,▁ba,,True,1.0,False,False,False
bai,nfc,1,▁bai,,True,1.0,False,False,False
bai,nfd,1,▁bai,,True,1.0,False,False,False
ban,nfc,1,▁ban,,True,1.0,False,False,False
ban,nfd,1,▁ban,,True,1.0,False,False,False
bang,nfc,1,▁bang,,True,1.0,False,False,False
bang,nfd,1,▁bang,,True,1.0,False,False,False
banh,nfc,2,▁ban|h,3,False,0.0,False,False,False
banh,nfd,2,▁ban|h,3,False,0.0,False,False,False
bao,nfc,1,▁bao,,True,1.0,False,False,False
bao,nfd,1,▁bao,,True,1.0,False,False,False
bay,nfc,1,▁bay,,True,1.0,False,False,False
bay,nfd,1,▁bay,,True,1.0,False,False,False
be,nfc,1,▁be,,True,1.0,False,False,False
be,nfd,1,▁be,,True,1.0,False,False,False
bem,nfc,1,▁bem,,True,1.0,False,False,False
bem,nfd,1,▁bem,,True,1.0,False,False,False
ben,nfc,1,▁ben,,True,1.0,False,False,False
ben,nfd,1,▁ben,,True,1.0,False,False,False
beng,nfc,1,▁beng,,True,1.0,False,False,False
beng,nfd,1,▁beng,,True,1.0,False,False,False
beo,nfc,2,▁be|o,2,False,1.0,False,False,False
beo,nfd,2,▁be|o,2,False,1.0,False,False,False
bi,nfc,1,▁bi,,True,1.0,False,False,False
bi,nfd,1,▁bi,,True,1.0,False,False,False
bia,nfc,1,▁bia,,True,1.0,False,False,False
bia,nfd,1,▁bia,,True,1.0,False,False,False
bin,nfc,1,▁bin,,True,1.0,False,False,False
bin,nfd,1,▁bin,,True,1.0,False,False,False
binh,nfc,1,▁binh,,True,1.0,False,False,False
binh,nfd,1,▁binh,,True,1.0,False,False,False
biên,nfc,1,▁biên,,True,1.0,False,False,False
biên,nfd,3,▁bie|̂|n,2.5|3,False,0.5,False,False,False
biêng,nfc,2,▁bi|êng,2,False,0.0,False,False,False
biêng,nfd,3,▁bie|̂|ng,2.5|3,False,0.5,False,False,False
biếc,nfc,2,▁bi|ếc,2,False,0.0,False,False,False
biếc,nfd,3,▁bie|̂|́c,2.5|2.5,False,0.0,False,False,False
biếm,nfc,2,▁bi|ếm,2,False,0.0,False,False,False
biếm,nfd,4,▁bie|̂|́|m,2.5|2.5|3,False,0.3333333333333333,False,True,False
biến,nfc,1,▁biến,,True,1.0,False,False,False
biến,nfd,3,▁bie|̂|́n,2.5|2.5,False,0.0,False,False,False
biếng,nfc,2,▁bi|ếng,2,False,0.0,False,False,False
biếng,nfd,3,▁bie|̂|́ng,2.5|2.5,False,0.0,False,False,False
biết,nfc,1,▁biết,,True,1.0,False,False,False
biết,nfd,3,▁bie|̂|́t,2.5|2.5,False,0.0,False,False,False
biếu,nfc,2,▁bi|ếu,2,False,0.0,False,False,False
biếu,nfd,4,▁bie|̂|́|u,2.5|2.5|3,False,0.3333333333333333,False,True,False
biền,nfc,2,▁bi|ền,2,False,0.0,False,False,False
biền,nfd,3,▁bie|̂|̀n,2.5|2.5,False,0.0,False,False,False
biển,nfc,1,▁biển,,True,1.0,False,False,False
biển,nfd,4,▁bie|̂|̉|n,2.5|2.5|3,False,0.3333333333333333,False,True,False
biểu,nfc,1,▁biểu,,True,1.0,False,False,False
biểu,nfd,4,▁bie|̂|̉|u,2.5|2.5|3,False,0.3333333333333333,False,True,False
biện,nfc,2,▁bi|ện,2,False,0.0,False,False,False
biện,nfd,4,▁bie|̣|̂|n,2.5|2.5|3,False,0.3333333333333333,False,True,False
biệt,nfc,1,▁biệt,,True,1.0,False,False,False
biệt,nfd,4,▁bie|̣|̂|t,2.5|2.5|3,False,0.3333333333333333,False,True,False
bo,nfc,1,▁bo,,True,1.0,False,False,False
bo,nfd,1,▁bo,,True,1.0,False,False,False
bom,nfc,1,▁bom,,True,1.0,False,False,False
bom,nfd,1,▁bom,,True,1.0,False,False,False
bon,nfc,1,▁bon,,True,1.0,False,False,False
bon,nfd,1,▁bon,,True,1.0,False,False,False
bong,nfc,1,▁bong,,True,1.0,False,False,False
bong,nfd,1,▁bong,,True,1.0,False,False,False
boong,nfc,2,▁bo|ong,2,False,0.0,False,False,False
boong,nfd,2,▁bo|ong,2,False,0.0,False,False,False
boóng,nfc,2,▁bo|óng,2,False,0.0,False,False,False
boóng,nfd,2,▁boo|́ng,2.5,False,0.0,False,False,False
bu,nfc,1,▁bu,,True,1.0,False,False,False
bu,nfd,1,▁bu,,True,1.0,False,False,False
bua,nfc,2,▁bu|a,2,False,0.0,False,False,False
bua,nfd,2,▁bu|a,2,False,0.0,False,False,False
bung,nfc,1,▁bung,,True,1.0,False,False,False
bung,nfd,1,▁bung,,True,1.0,False,False,False
buôn,nfc,2,▁bu|ôn,2,False,0.0,False,False,False
buôn,nfd,4,▁bu|o|̂|n,2|2.5|3,False,0.3333333333333333,False,False,False
buông,nfc,2,▁bu|ông,2,False,0.0,False,False,False
buông,nfd,4,▁bu|o|̂|ng,2|2.5|3,False,0.3333333333333333,False,False,False
buýt,nfc,2,▁bu|ýt,2,False,1.0,False,False,False
buýt,nfd,2,▁buy|́t,2.5,False,0.0,False,False,False
buốt,nfc,2,▁bu|ốt,2,False,0.0,False,False,False
buốt,nfd,4,▁bu|o|̂|́t,2|2.5|2.5,False,0.0,False,False,False
buồi,nfc,2,▁bu|ồi,2,False,0.0,False,False,False
buồi,nfd,4,▁bu|o|̂|̀i,2|2.5|2.5,False,0.0,False,False,False
buồm,nfc,2,▁bu|ồm,2,False,0.0,False,False,False
buồm,nfd,5,▁bu|o|̂|̀|m,2|2.5|2.5|3,False,0.25,False,True,False
buồn,nfc,1,▁buồn,,True,1.0,False,False,False
buồn,nfd,4,▁bu|o|̂|̀n,2|2.5|2.5,False,0.0,False,False,False
buồng,nfc,2,▁bu|ồng,2,False,0.0,False,False,False
buồng,nfd,4,▁bu|o|̂|̀ng,2|2.5|2.5,False,0.0,False,False,False
buổi,nfc,1,▁buổi,,True,1.0,False,False,False
buổi,nfd,5,▁bu|o|̂|̉|i,2|2.5|2.5|3,False,0.25,False,True,False
buộc,nfc,1,▁buộc,,True,1.0,False,False,False
buộc,nfd,5,▁bu|o|̣|̂|c,2|2.5|2.5|3,False,0.25,False,True,False
buột,nfc,2,▁bu|ột,2,False,0.0,False,False,False
buột,nfd,5,▁bu|o|̣|̂|t,2|2.5|2.5|3,False,0.25,False,True,False
bà,nfc,1,▁bà,,True,1.0,False,False,False
bà,nfd,2,▁ba|̀,1.5,False,0.0,False,True,False
bài,nfc,1,▁bài,,True,1.0,False,False,False
bài,nfd,2,▁ba|̀i,1.5,False,0.0,False,False,False
bàm,nfc,2,▁b|àm,1,False,1.0,True,False,False
bàm,nfd,3,▁ba|̀|m,1.5|2,False,0.5,False,True,False
bàn,nfc,1,▁bàn,,True,1.0,False,False,False
bàn,nfd,2,▁ba|̀n,1.5,False,0.0,False,False,False
bàng,nfc,2,▁b|àng,1,False,1.0,True,False,False
bàng,nfd,2,▁ba|̀ng,1.5,False,0.0,False,False,False
bành,nfc,2,▁b|ành,1,False,1.0,True,False,False
bành,nfd,2,▁ba|̀nh,1.5,False,0.0,False,False,False
bào,nfc,1,▁bào,,True,1.0,False,False,False
bào,nfd,3,▁ba|̀|o,1.5|2,False,0.5,False,True,False
bàu,nfc,2,▁b|àu,1,False,1.0,True,False,False
bàu,nfd,2,▁ba|̀u,1.5,False,0.0,False,False,False
bày,nfc,1,▁bày,,True,1.0,False,False,False
bày,nfd,3,▁ba|̀|y,1.5|2,False,0.5,False,True,False
bá,nfc,1,▁bá,,True,1.0,False,False,False
bá,nfd,2,▁ba|́,1.5,False,0.0,False,True,False
bác,nfc,1,▁bác,,True,1.0,False,False,False
bác,nfd,2,▁ba|́c,1.5,False,0.0,False,False,False
bách,nfc,2,▁b|ách,1,False,1.0,True,False,False
bách,nfd,3,▁ba|́|ch,1.5|2,False,0.5,False,True,False
bái,nfc,2,▁b|ái,1,False,1.0,True,False,False
bái,nfd,2,▁ba|́i,1.5,False,0.0,False,False,False
bám,nfc,2,▁b|ám,1,False,1.0,True,False,False
bám,nfd,3,▁ba|́|m,1.5|2,False,0.5,False,True,False
bán,nfc,1,▁bán,,True,1.0,False,False,False
bán,nfd,2,▁ba|́n,1.5,False,0.0,False,False,False
báng,nfc,2,▁b|áng,1,False,1.0,True,False,False
báng,nfd,2,▁ba|́ng,1.5,False,0.0,False,False,False
bánh,nfc,1,▁bánh,,True,1.0,False,False,False
bánh,nfd,3,▁ba|́|nh,1.5|2,False,0.5,False,True,False
báo,nfc,1,▁báo,,True,1.0,False,False,False
báo,nfd,3,▁ba|́|o,1.5|2,False,0.5,False,True,False
bát,nfc,1,▁bát,,True,1.0,False,False,False
bát,nfd,2,▁ba|́t,1.5,False,0.0,False,False,False
báu,nfc,2,▁bá|u,2,False,1.0,False,False,False
báu,nfd,3,▁ba|́|u,1.5|2,False,0.5,False,True,False
bân,nfc,2,▁b|ân,1,False,1.0,True,False,False
bân,nfd,3,▁ba|̂|n,1.5|2,False,0.5,False,False,False
bâng,nfc,2,▁bâ|ng,2,False,1.0,False,False,False
bâng,nfd,3,▁ba|̂|ng,1.5|2,False,0.5,False,False,False
bâu,nfc,2,▁b|âu,1,False,1.0,True,False,False
bâu,nfd,3,▁ba|̂|u,1.5|2,False,0.5,False,False,False
bây,nfc,1,▁bây,,True,1.0,False,False,False
bây,nfd,3,▁ba|̂|y,1.5|2,False,0.5,False,False,False
bã,nfc,2,▁b|ã,1,False,1.0,True,False,False
bã,nfd,2,▁ba|̃,1.5,False,0.0,False,True,False
bãi,nfc,1,▁bãi,,True,1.0,False,False,False
bãi,nfd,3,▁ba|̃|i,1.5|2,False,0.5,False,True,False
bão,nfc,2,▁b|ão,1,False,1.0,True,False,False
bão,nfd,2,▁ba|̃o,1.5,False,0.0,False,False,False
bè,nfc,1,▁bè,,True,1.0,False,False,False
bè,nfd,2,▁be|̀,1.5,False,0.0,False,True,False
bèm,nfc,2,▁b|èm,1,False,1.0,True,False,False
bèm,nfd,3,▁be|̀|m,1.5|2,False,0.5,False,True,False
bèn,nfc,2,▁b|èn,1,False,1.0,True,False,False
bèn,nfd,2,▁be|̀n,1.5,False,0.0,False,False,False
bèo,nfc,2,▁b|èo,1,False,1.0,True,False,False
bèo,nfd,3,▁be|̀|o,1.5|2,False,0.5,False,True,False
bé,nfc,1,▁bé,,True,1.0,False,False,False
bé,nfd,2,▁be|́,1.5,False,0.0,False,True,False
béc,nfc,2,▁bé|c,2,False,1.0,False,False,False
béc,nfd,2,▁be|́c,1.5,False,0.0,False,False,False
bén,nfc,1,▁bén,,True,1.0,False,False,False
bén,nfd,2,▁be|́n,1.5,False,0.0,False,False,False
béng,nfc,2,▁bé|ng,2,False,1.0,False,False,False
béng,nfd,2,▁be|́ng,1.5,False,0.0,False,False,False
béo,nfc,1,▁béo,,True,1.0,False,False,False
béo,nfd,3,▁be|́|o,1.5|2,False,0.5,False,True,False
bép,nfc,2,▁b|ép,1,False,1.0,True,False,False
bép,nfd,3,▁be|́|p,1.5|2,False,0.5,False,True,False
bét,nfc,2,▁b|ét,1,False,1.0,True,False,False
bét,nfd,2,▁be|́t,1.5,False,0.0,False,False,False
bê,nfc,1,▁bê,,True,1.0,False,False,False
bê,nfd,2,▁be|̂,1.5,False,0.0,False,False,False
bên,nfc,1,▁bên,,True,1.0,False,False,False
bên,nfd,3,▁be|̂|n,1.5|2,False,0.5,False,False,False
bênh,nfc,2,▁bê|nh,2,False,1.0,False,False,False
bênh,nfd,3,▁be|̂|nh,1.5|2,False,0.5,False,False,False
bêu,nfc,2,▁b|êu,1,False,1.0,True,False,False
bêu,nfd,3,▁be|̂|u,1.5|2,False,0.5,False,False,False
bì,nfc,1,▁bì,,True,1.0,False,False,False
bì,nfd,2,▁bi|̀,1.5,False,0.0,False,True,False
bìa,nfc,2,▁b|ìa,1,False,1.0,True,False,False
bìa,nfd,3,▁bi|̀|a,1.5|2,False,0.0,False,True,False
bìm,nfc,2,▁b|ìm,1,False,1.0,True,False,False
bìm,nfd,3,▁bi|̀|m,1.5|2,False,0.5,False,True,False
bình,nfc,1,▁bình,,True,1.0,False,False,False
bình,nfd,2,▁bi|̀nh,1.5,False,0.0,False,False,False
bìu,nfc,2,▁bì|u,2,False,1.0,False,False,False
bìu,nfd,2,▁bi|̀u,1.5,False,0.0,False,False,False
bí,nfc,1,▁bí,,True,1.0,False,False,False
bí,nfd,2,▁bi|́,1.5,False,0.0,False,True,False
bích,nfc,2,▁b|ích,1,False,1.0,True,False,False
bích,nfd,3,▁bi|́|ch,1.5|2,False,0.5,False,True,False
bím,nfc,2,▁b|ím,1,False,1.0,True,False,False
bím,nfd,3,▁bi|́|m,1.5|2,False,0.5,False,True,False
bính,nfc,2,▁b|ính,1,False,1.0,True,False,False
bính,nfd,3,▁bi|́|nh,1.5|2,False,0.5,False,True,False
bít,nfc,2,▁b|ít,1,False,1.0,True,False,False
bít,nfd,2,▁bi|́t,1.5,False,0.0,False,False,False
bíu,nfc,2,▁bí|u,2,False,1.0,False,False,False
bíu,nfd,3,▁bi|́|u,1.5|2,False,0.5,False,True,False
bò,nfc,1,▁bò,,True,1.0,False,False,False
bò,nfd,2,▁bo|̀,1.5,False,0.0,False,True,False
bòi,nfc,2,▁bò|i,2,False,1.0,False,False,False
bòi,nfd,2,▁bo|̀i,1.5,False,0.0,False,False,False
bòm,nfc,2,▁bò|m,2,False,1.0,False,False,False
bòm,nfd,3,▁bo|̀|m,1.5|2,False,0.5,False,True,False
bòn,nfc,2,▁b|òn,1,False,1.0,True,False,False
bòn,nfd,2,▁bo|̀n,1.5,False,0.0,False,False,False
bòng,nfc,2,▁b|òng,1,False,1.0,True,False,False
bòng,nfd,2,▁bo|̀ng,1.5,False,0.0,False,False,False
bó,nfc,1,▁bó,,True,1.0,False,False,False
bó,nfd,2,▁bo|́,1.5,False,0.0,False,True,False
bóc,nfc,2,▁b|óc,1,False,1.0,True,False,False
bóc,nfd,2,▁bo|́c,1.5,False,0.0,False,False,False
bói,nfc,2,▁b|ói,1,False,1.0,True,False,False
bói,nfd,2,▁bo|́i,1.5,False,0.0,False,False,False
bón,nfc,2,▁b|ón,1,False,1.0,True,False,False
bón,nfd,2,▁bo|́n,1.5,False,0.0,False,False,False
bóng,nfc,1,▁bóng,,True,1.0,False,False,False
bóng,nfd,2,▁bo|́ng,1.5,False,0.0,False,False,False
bóp,nfc,2,▁bó|p,2,False,1.0,False,False,False
bóp,nfd,3,▁bo|́|p,1.5|2,False,0.5,False,True,False
bót,nfc,2,▁b|ót,1,False,1.0,True,False,False
bót,nfd,2,▁bo|́t,1.5,False,0.0,False,False,False
bô,nfc,2,▁b|ô,1,False,1.0,True,False,False
bô,nfd,2,▁bo|̂,1.5,False,0.0,False,False,False
bôi,nfc,2,▁b|ôi,1,False,1.0,True,False,False
bôi,nfd,3,▁bo|̂|i,1.5|2,False,0.5,False,False,False
bôm,nfc,2,▁b|ôm,1,False,1.0,True,False,False
bôm,nfd,3,▁bo|̂|m,1.5|2,False,0.5,False,False,False
bôn,nfc,2,▁b|ôn,1,False,1.0,True,False,False
bôn,nfd,3,▁bo|̂|n,1.5|2,False,0.5,False,False,False
bông,nfc,1,▁bông,,True,1.0,False,False,False
bông,nfd,3,▁bo|̂|ng,1.5|2,False,0.5,False,False,False
bõ,nfc,2,▁b|õ,1,False,1.0,True,False,False
bõ,nfd,2,▁bo|̃,1.5,False,0.0,False,True,False
bõm,nfc,3,▁b|õ|m,1|2,False,1.0,True,False,False
bõm,nfd,3,▁bo|̃|m,1.5|2,False,0.5,False,True,False
bõng,nfc,3,▁b|õ|ng,1|2,False,1.0,True,False,False
bõng,nfd,3,▁bo|̃|ng,1.5|2,False,0.5,False,True,False
bù,nfc,2,▁b|ù,1,False,1.0,True,False,False
bù,nfd,2,▁bu|̀,1.5,False,0.0,False,True,False
bùa,nfc,2,▁b|ùa,1,False,1.0,True,False,False
bùa,nfd,3,▁bu|̀|a,1.5|2,False,0.0,False,True,False
bùi,nfc,2,▁b|ùi,1,False,1.0,True,False,False
bùi,nfd,2,▁bu|̀i,1.5,False,0.0,False,False,False
bùm,nfc,2,▁b|ùm,1,False,1.0,True,False,False
bùm,nfd,3,▁bu|̀|m,1.5|2,False,0.5,False,True,False
bùn,nfc,2,▁b|ùn,1,False,1.0,True,False,False
bùn,nfd,2,▁bu|̀n,1.5,False,0.0,False,False,False
bùng,nfc,2,▁b|ùng,1,False,1.0,True,False,False
bùng,nfd,2,▁bu|̀ng,1.5,False,0.0,False,False,False
bú,nfc,1,▁bú,,True,1.0,False,False,False
bú,nfd,2,▁bu|́,1.5,False,0.0,False,True,False
búa,nfc,2,▁b|úa,1,False,1.0,True,False,False
búa,nfd,3,▁bu|́|a,1.5|2,False,0.0,False,True,False
búi,nfc,2,▁b|úi,1,False,1.0,True,False,False
búi,nfd,2,▁bu|́i,1.5,False,0.0,False,False,False
bún,nfc,2,▁b|ún,1,False,1.0,True,False,False
bún,nfd,2,▁bu|́n,1.5,False,0.0,False,False,False
búng,nfc,2,▁b|úng,1,False,1.0,True,False,False
búng,nfd,2,▁bu|́ng,1.5,False,0.0,False,False,False
búp,nfc,2,▁b|úp,1,False,1.0,True,False,False
búp,nfd,3,▁bu|́|p,1.5|2,False,0.5,False,True,False
bút,nfc,1,▁bút,,True,1.0,False,False,False
bút,nfd,2,▁bu|́t,1.5,False,0.0,False,False,False
băm,nfc,2,▁b|ăm,1,False,1.0,True,False,False
băm,nfd,3,▁ba|̆|m,1.5|2,False,0.5,False,False,False
băn,nfc,2,▁b|ăn,1,False,1.0,True,False,False
băn,nfd,3,▁ba|̆|n,1.5|2,False,0.5,False,False,False
băng,nfc,1,▁băng,,True,1.0,False,False,False
băng,nfd,3,▁ba|̆|ng,1.5|2,False,0.5,False,False,False
bĩ,nfc,2,▁b|ĩ,1,False,1.0,True,False,False
bĩ,nfd,2,▁bi|̃,1.5,False,0.0,False,True,False
bĩnh,nfc,2,▁b|ĩnh,1,False,1.0,True,False,False
bĩnh,nfd,3,▁bi|̃|nh,1.5|2,False,0.5,False,True,False
bĩu,nfc,3,▁b|ĩ|u,1|2,False,1.0,True,False,False
bĩu,nfd,3,▁bi|̃|u,1.5|2,False,0.5,False,True,False
bũm,nfc,3,▁b|ũ|m,1|2,False,1.0,True,False,False
bũm,nfd,3,▁bu|̃|m,1.5|2,False,0.5,False,True,False
bơ,nfc,2,▁b|ơ,1,False,1.0,True,False,False
bơ,nfd,2,▁bo|̛,1.5,False,0.0,False,False,False
bơi,nfc,1,▁bơi,,True,1.0,False,False,False
bơi,nfd,3,▁bo|̛|i,1.5|2,False,0.5,False,False,False
bơm,nfc,1,▁bơm,,True,1.0,False,False,False
bơm,nfd,3,▁bo|̛|m,1.5|2,False,0.5,False,False,False
bơn,nfc,2,▁b|ơn,1,False,1.0,True,False,False
bơn,nfd,3,▁bo|̛|n,1.5|2,False,0.5,False,False,False
bư,nfc,2,▁b|ư,1,False,1.0,True,False,False
bư,nfd,2,▁bu|̛,1.5,False,0.0,False,False,False
bưa,nfc,2,▁b|ưa,1,False,1.0,True,False,False
bưa,nfd,3,▁bu|̛|a,1.5|2,False,0.0,False,False,False
bưng,nfc,2,▁b|ưng,1,False,1.0,True,False,False
bưng,nfd,3,▁bu|̛|ng,1.5|2,False,0.5,False,False,False
bưu,nfc,2,▁b|ưu,1,False,1.0,True,False,False
bưu,nfd,3,▁bu|̛|u,1.5|2,False,0.5,False,False,False
bươi,nfc,2,▁b|ươi,1,False,1.0,True,False,False
bươi,nfd,5,▁bu|̛|o|̛|i,1.5|2|2.5|3,False,0.25,False,False,False
bươm,nfc,3,▁b|ươ|m,1|3,False,1.0,True,False,False
bươm,nfd,5,▁bu|̛|o|̛|m,1.5|2|2.5|3,False,0.25,False,False,False
bươn,nfc,3,▁b|ươ|n,1|3,False,1.0,True,False,False
bươn,nfd,5,▁bu|̛|o|̛|n,1.5|2|2.5|3,False,0.25,False,False,False
bương,nfc,2,▁b|ương,1,False,1.0,True,False,False
bương,nfd,5,▁bu|̛|o|̛|ng,1.5|2|2.5|3,False,0.25,False,False,False
bươu,nfc,3,▁b|ươ|u,1|3,False,1.0,True,False,False
bươu,nfd,5,▁bu|̛|o|̛|u,1.5|2|2.5|3,False,0.25,False,False,False
bước,nfc,1,▁bước,,True,1.0,False,False,False
bước,nfd,5,▁bu|̛|o|̛|́c,1.5|2|2.5|2.5,False,0.0,False,False,False
bướm,nfc,3,▁b|ướ|m,1|3,False,1.0,True,False,False
bướm,nfd,6,▁bu|̛|o|̛|́|m,1.5|2|2.5|2.5|3,False,0.2,False,True,False
bướng,nfc,2,▁b|ướng,1,False,1.0,True,False,False
bướng,nfd,5,▁bu|̛|o|̛|́ng,1.5|2|2.5|2.5,False,0.0,False,False,False
bướp,nfc,2,▁b|ướp,1,False,1.0,True,False,False
bướp,nfd,6,▁bu|̛|o|̛|́|p,1.5|2|2.5|2.5|3,False,0.2,False,True,False
bướu,nfc,3,▁b|ướ|u,1|3,False,1.0,True,False,False
bướu,nfd,6,▁bu|̛|o|̛|́|u,1.5|2|2.5|2.5|3,False,0.2,False,True,False
bưởi,nfc,3,▁b|ưở|i,1|3,False,1.0,True,False,False
bưởi,nfd,6,▁bu|̛|o|̛|̉|i,1.5|2|2.5|2.5|3,False,0.2,False,True,False
bượt,nfc,2,▁b|ượt,1,False,1.0,True,False,False
bượt,nfd,5,▁bu|̛|o|̛|̣t,1.5|2|2.5|2.5,False,0.0,False,False,False
bạ,nfc,2,▁b|ạ,1,False,1.0,True,False,False
bạ,nfd,2,▁ba|̣,1.5,False,0.0,False,True,False
bạc,nfc,1,▁bạc,,True,1.0,False,False,False
bạc,nfd,2,▁ba|̣c,1.5,False,0.0,False,False,False
bạch,nfc,1,▁bạch,,True,1.0,False,False,False
bạch,nfd,3,▁ba|̣|ch,1.5|2,False,0.5,False,True,False
bại,nfc,1,▁bại,,True,1.0,False,False,False
bại,nfd,2,▁ba|̣i,1.5,False,0.0,False,False,False
bạn,nfc,1,▁bạn,,True,1.0,False,False,False
bạn,nfd,2,▁ba|̣n,1.5,False,0.0,False,False,False
bạnh,nfc,2,▁b|ạnh,1,False,1.0,True,False,False
bạnh,nfd,3,▁ba|̣|nh,1.5|2,False,0.5,False,True,False
bạo,nfc,1,▁bạo,,True,1.0,False,False,False
bạo,nfd,3,▁ba|̣|o,1.5|2,False,0.5,False,True,False
bạp,nfc,2,▁b|ạp,1,False,1.0,True,False,False
bạp,nfd,3,▁ba|̣|p,1.5|2,False,0.5,False,True,False
bạt,nfc,2,▁b|ạt,1,False,1.0,True,False,False
bạt,nfd,2,▁ba|̣t,1.5,False,0.0,False,False,False
bạu,nfc,3,▁b|ạ|u,1|2,False,1.0,True,False,False
bạu,nfd,3,▁ba|̣|u,1.5|2,False,0.5,False,True,False
bả,nfc,2,▁b|ả,1,False,1.0,True,False,False
bả,nfd,2,▁ba|̉,1.5,False,0.0,False,True,False
bải,nfc,2,▁b|ải,1,False,1.0,True,False,False
bải,nfd,3,▁ba|̉|i,1.5|2,False,0.5,False,True,False
bản,nfc,1,▁bản,,True,1.0,False,False,False
bản,nfd,3,▁ba|̉|n,1.5|2,False,0.5,False,True,False
bảng,nfc,1,▁bảng,,True,1.0,False,False,False
bảng,nfd,3,▁ba|̉|ng,1.5|2,False,0.5,False,True,False
bảnh,nfc,2,▁b|ảnh,1,False,1.0,True,False,False
bảnh,nfd,3,▁ba|̉|nh,1.5|2,False,0.5,False,True,False
bảo,nfc,1,▁bảo,,True,1.0,False,False,False
bảo,nfd,3,▁ba|̉|o,1.5|2,False,0.5,False,True,False
bảu,nfc,3,▁b|ả|u,1|2,False,1.0,True,False,False
bảu,nfd,3,▁ba|̉|u,1.5|2,False,0.5,False,True,False
bảy,nfc,2,▁b|ảy,1,False,1.0,True,False,False
bảy,nfd,3,▁ba|̉|y,1.5|2,False,0.5,False,True,False
bấc,nfc,2,▁b|ấc,1,False,1.0,True,False,False
bấc,nfd,3,▁ba|̂|́c,1.5|1.5,False,0.0,False,False,False
bấm,nfc,2,▁b|ấm,1,False,1.0,True,False,False
bấm,nfd,4,▁ba|̂|́|m,1.5|1.5|2,False,0.3333333333333333,False,True,False
bấn,nfc,2,▁b|ấn,1,False,1.0,True,False,False
bấn,nfd,3,▁ba|̂|́n,1.5|1.5,False,0.0,False,False,False
bấp,nfc,2,▁b|ấp,1,False,1.0,True,False,False
bấp,nfd,4,▁ba|̂|́|p,1.5|1.5|2,False,0.3333333333333333,False,True,False
bất,nfc,1,▁bất,,True,1.0,False,False,False
bất,nfd,3,▁ba|̂|́t,1.5|1.5,False,0.0,False,False,False
bấu,nfc,2,▁b|ấu,1,False,1.0,True,False,False
bấu,nfd,4,▁ba|̂|́|u,1.5|1.5|2,False,0.3333333333333333,False,True,False
bấy,nfc,2,▁b|ấy,1,False,1.0,True,False,False
bấy,nfd,4,▁ba|̂|́|y,1.5|1.5|2,False,0.3333333333333333,False,True,False
bầm,nfc,2,▁b|ầm,1,False,1.0,True,False,False
bầm,nfd,4,▁ba|̂|̀|m,1.5|1.5|2,False,0.3333333333333333,False,True,False
bần,nfc,2,▁b|ần,1,False,1.0,True,False,False
bần,nfd,3,▁ba|̂|̀n,1.5|1.5,False,0.0,False,False,False
bầng,nfc,2,▁b|ầng,1,False,1.0,True,False,False
bầng,nfd,3,▁ba|̂|̀ng,1.5|1.5,False,0.0,False,False,False
bầu,nfc,1,▁bầu,,True,1.0,False,False,False
bầu,nfd,3,▁ba|̂|̀u,1.5|1.5,False,0.0,False,False,False
bầy,nfc,2,▁b|ầy,1,False,1.0,True,False,False
bầy,nfd,4,▁ba|̂|̀|y,1.5|1.5|2,False,0.3333333333333333,False,True,False
bẩm,nfc,2,▁b|ẩm,1,False,1.0,True,False,False
bẩm,nfd,4,▁ba|̂|̉|m,1.5|1.5|2,False,0.3333333333333333,False,True,False
bẩn,nfc,2,▁b|ẩn,1,False,1.0,True,False,False
bẩn,nfd,4,▁ba|̂|̉|n,1.5|1.5|2,False,0.3333333333333333,False,True,False
bẩy,nfc,2,▁b|ẩy,1,False,1.0,True,False,False
bẩy,nfd,4,▁ba|̂|̉|y,1.5|1.5|2,False,0.3333333333333333,False,True,False
bẫm,nfc,3,▁b|ẫ|m,1|2,False,1.0,True,False,False
bẫm,nfd,4,▁ba|̂|̃|m,1.5|1.5|2,False,0.3333333333333333,False,True,False
bẫy,nfc,2,▁b|ẫy,1,False,1.0,True,False,False
bẫy,nfd,4,▁ba|̂|̃|y,1.5|1.5|2,False,0.3333333333333333,False,True,False
bậc,nfc,1,▁bậc,,True,1.0,False,False,False
bậc,nfd,4,▁ba|̣|̂|c,1.5|1.5|2,False,0.3333333333333333,False,True,False
bậm,nfc,2,▁b|ậm,1,False,1.0,True,False,False
bậm,nfd,4,▁ba|̣|̂|m,1.5|1.5|2,False,0.3333333333333333,False,True,False
bận,nfc,2,▁b|ận,1,False,1.0,True,False,False
bận,nfd,4,▁ba|̣|̂|n,1.5|1.5|2,False,0.3333333333333333,False,True,False
bập,nfc,2,▁b|ập,1,False,1.0,True,False,False
bập,nfd,4,▁ba|̣|̂|p,1.5|1.5|2,False,0.3333333333333333,False,True,False
bật,nfc,1,▁bật,,True,1.0,False,False,False
bật,nfd,4,▁ba|̣|̂|t,1.5|1.5|2,False,0.3333333333333333,False,True,False
bậu,nfc,2,▁b|ậu,1,False,1.0,True,False,False
bậu,nfd,4,▁ba|̣|̂|u,1.5|1.5|2,False,0.3333333333333333,False,True,False
bậy,nfc,2,▁b|ậy,1,False,1.0,True,False,False
bậy,nfd,4,▁ba|̣|̂|y,1.5|1.5|2,False,0.3333333333333333,False,True,False
bắc,nfc,1,▁bắc,,True,1.0,False,False,False
bắc,nfd,3,▁ba|̆|́c,1.5|1.5,False,0.0,False,False,False
bắn,nfc,1,▁bắn,,True,1.0,False,False,False
bắn,nfd,3,▁ba|̆|́n,1.5|1.5,False,0.0,False,False,False
bắng,nfc,2,▁b|ắng,1,False,1.0,True,False,False
bắng,nfd,3,▁ba|̆|́ng,1.5|1.5,False,0.0,False,False,False
bắp,nfc,1,▁bắp,,True,1.0,False,False,False
bắp,nfd,4,▁ba|̆|́|p,1.5|1.5|2,False,0.3333333333333333,False,True,False
bắt,nfc,1,▁bắt,,True,1.0,False,False,False
bắt,nfd,3,▁ba|̆|́t,1.5|1.5,False,0.0,False,False,False
bằm,nfc,2,▁b|ằm,1,False,1.0,True,False,False
bằm,nfd,4,▁ba|̆|̀|m,1.5|1.5|2,False,0.3333333333333333,False,True,False
bằn,nfc,3,▁b|ằ|n,1|2,False,1.0,True,False,False
bằn,nfd,3,▁ba|̆|̀n,1.5|1.5,False,0.0,False,False,False
bằng,nfc,1,▁bằng,,True,1.0,False,False,False
bằng,nfd,3,▁ba|̆|̀ng,1.5|1.5,False,0.0,False,False,False
bẳn,nfc,2,▁b|ẳn,1,False,1.0,True,False,False
bẳn,nfd,4,▁ba|̆|̉|n,1.5|1.5|2,False,0.3333333333333333,False,True,False
bẵng,nfc,2,▁b|ẵng,1,False,1.0,True,False,False
bẵng,nfd,4,▁ba|̆|̃|ng,1.5|1.5|2,False,0.3333333333333333,False,True,False
bặm,nfc,3,▁b|ặ|m,1|2,False,1.0,True,False,False
bặm,nfd,4,▁ba|̣|̆|m,1.5|1.5|2,False,0.3333333333333333,False,True,False
bặn,nfc,2,▁b|ặn,1,False,1.0,True,False,False
bặn,nfd,4,▁ba|̣|̆|n,1.5|1.5|2,False,0.3333333333333333,False,True,False
bặng,nfc,2,▁b|ặng,1,False,1.0,True,False,False
bặng,nfd,4,▁ba|̣|̆|ng,1.5|1.5|2,False,0.3333333333333333,False,True,False
bặp,nfc,2,▁b|ặp,1,False,1.0,True,False,False
bặp,nfd,4,▁ba|̣|̆|p,1.5|1.5|2,False,0.3333333333333333,False,True,False
bặt,nfc,2,▁b|ặt,1,False,1.0,True,False,False
bặt,nfd,4,▁ba|̣|̆|t,1.5|1.5|2,False,0.3333333333333333,False,True,False
bẹ,nfc,2,▁b|ẹ,1,False,1.0,True,False,False
bẹ,nfd,2,▁be|̣,1.5,False,0.0,False,True,False
bẹn,nfc,2,▁b|ẹn,1,False,1.0,True,False,False
bẹn,nfd,2,▁be|̣n,1.5,False,0.0,False,False,False
bẹo,nfc,2,▁b|ẹo,1,False,1.0,True,False,False
bẹo,nfd,3,▁be|̣|o,1.5|2,False,0.5,False,True,False
bẹp,nfc,2,▁b|ẹp,1,False,1.0,True,False,False
bẹp,nfd,3,▁be|̣|p,1.5|2,False,0.5,False,True,False
bẹt,nfc,3,▁b|ẹ|t,1|2,False,1.0,True,False,False
bẹt,nfd,2,▁be|̣t,1.5,False,0.0,False,False,False
bẻ,nfc,2,▁b|ẻ,1,False,1.0,True,False,False
bẻ,nfd,2,▁be|̉,1.5,False,0.0,False,True,False
bẻm,nfc,3,▁b|ẻ|m,1|2,False,1.0,True,False,False
bẻm,nfd,3,▁be|̉|m,1.5|2,False,0.5,False,True,False
bẻo,nfc,2,▁b|ẻo,1,False,1.0,True,False,False
bẻo,nfd,3,▁be|̉|o,1.5|2,False,0.5,False,True,False
bẽ,nfc,2,▁b|ẽ,1,False,1.0,True,False,False
bẽ,nfd,2,▁be|̃,1.5,False,0.0,False,True,False
bẽn,nfc,3,▁b|ẽ|n,1|2,False,1.0,True,False,False
bẽn,nfd,3,▁be|̃|n,1.5|2,False,0.5,False,True,False
bẽo,nfc,3,▁b|ẽ|o,1|2,False,1.0,True,False,False
bẽo,nfd,2,▁be|̃o,1.5,False,0.0,False,False,False
bế,nfc,2,▁b|ế,1,False,1.0,True,False,False
bế,nfd,3,▁be|̂|́,1.5|1.5,False,0.0,False,True,False
bến,nfc,2,▁b|ến,1,False,1.0,True,False,False
bến,nfd,3,▁be|̂|́n,1.5|1.5,False,0.0,False,False,False
bếp,nfc,1,▁bếp,,True,1.0,False,False,False
bếp,nfd,4,▁be|̂|́|p,1.5|1.5|2,False,0.3333333333333333,False,True,False
bết,nfc,2,▁b|ết,1,False,1.0,True,False,False
bết,nfd,3,▁be|̂|́t,1.5|1.5,False,0.0,False,False,False
bề,nfc,1,▁bề,,True,1.0,False,False,False
bề,nfd,3,▁be|̂|̀,1.5|1.5,False,0.0,False,True,False
bền,nfc,1,▁bền,,True,1.0,False,False,False
bền,nfd,3,▁be|̂|̀n,1.5|1.5,False,0.0,False,False,False
bềnh,nfc,2,▁bề|nh,2,False,1.0,False,False,False
bềnh,nfd,3,▁be|̂|̀nh,1.5|1.5,False,0.0,False,False,False
bều,nfc,2,▁b|ều,1,False,1.0,True,False,False
bều,nfd,3,▁be|̂|̀u,1.5|1.5,False,0.0,False,False,False
bể,nfc,1,▁bể,,True,1.0,False,False,False
bể,nfd,3,▁be|̂|̉,1.5|1.5,False,0.0,False,True,False
bễ,nfc,2,▁b|ễ,1,False,1.0,True,False,False
bễ,nfd,3,▁be|̂|̃,1.5|1.5,False,0.0,False,True,False
bệ,nfc,2,▁b|ệ,1,False,1.0,True,False,False
bệ,nfd,3,▁be|̣|̂,1.5|1.5,False,0.0,False,True,False
bệch,nfc,3,▁b|ệ|ch,1|2,False,1.0,True,False,False
bệch,nfd,4,▁be|̣|̂|ch,1.5|1.5|2,False,0.3333333333333333,False,True,False
bện,nfc,2,▁b|ện,1,False,1.0,True,False,False
bện,nfd,4,▁be|̣|̂|n,1.5|1.5|2,False,0.3333333333333333,False,True,False
bệnh,nfc,1,▁bệnh,,True,1.0,False,False,False
bệnh,nfd,4,▁be|̣|̂|nh,1.5|1.5|2,False,0.3333333333333333,False,True,False
bệt,nfc,2,▁b|ệt,1,False,1.0,True,False,False
bệt,nfd,4,▁be|̣|̂|t,1.5|1.5|2,False,0.3333333333333333,False,True,False
bệu,nfc,2,▁b|ệu,1,False,1.0,True,False,False
bệu,nfd,4,▁be|̣|̂|u,1.5|1.5|2,False,0.3333333333333333,False,True,False
bỉ,nfc,2,▁b|ỉ,1,False,1.0,True,False,False
bỉ,nfd,2,▁bi|̉,1.5,False,0.0,False,True,False
bỉm,nfc,3,▁b|ỉ|m,1|2,False,1.0,True,False,False
bỉm,nfd,3,▁bi|̉|m,1.5|2,False,0.5,False,True,False
bỉnh,nfc,2,▁b|ỉnh,1,False,1.0,True,False,False
bỉnh,nfd,3,▁bi|̉|nh,1.5|2,False,0.5,False,True,False
bỉu,nfc,3,▁b|ỉ|u,1|2,False,1.0,True,False,False
bỉu,nfd,3,▁bi|̉|u,1.5|2,False,0.5,False,True,False
bị,nfc,1,▁bị,,True,1.0,False,False,False
bị,nfd,2,▁bi|̣,1.5,False,0.0,False,True,False
bịa,nfc,2,▁bị|a,2,False,0.0,False,False,False
bịa,nfd,3,▁bi|̣|a,1.5|2,False,0.0,False,True,False
bịch,nfc,2,▁b|ịch,1,False,1.0,True,False,False
bịch,nfd,3,▁bi|̣|ch,1.5|2,False,0.5,False,True,False
bịn,nfc,2,▁bị|n,2,False,1.0,False,False,False
bịn,nfd,2,▁bi|̣n,1.5,False,0.0,False,False,False
bịnh,nfc,2,▁bị|nh,2,False,1.0,False,False,False
bịnh,nfd,3,▁bi|̣|nh,1.5|2,False,0.5,False,True,False
bịp,nfc,2,▁bị|p,2,False,1.0,False,False,False
bịp,nfd,3,▁bi|̣|p,1.5|2,False,0.5,False,True,False
bịt,nfc,2,▁bị|t,2,False,1.0,False,False,False
bịt,nfd,2,▁bi|̣t,1.5,False,0.0,False,False,False
bịu,nfc,2,▁bị|u,2,False,1.0,False,False,False
bịu,nfd,3,▁bi|̣|u,1.5|2,False,0.5,False,True,False
bọ,nfc,2,▁b|ọ,1,False,1.0,True,False,False
bọ,nfd,2,▁bo|̣,1.5,False,0.0,False,True,False
bọc,nfc,1,▁bọc,,True,1.0,False,False,False
bọc,nfd,2,▁bo|̣c,1.5,False,0.0,False,False,False
bọn,nfc,1,▁bọn,,True,1.0,False,False,False
bọn,nfd,2,▁bo|̣n,1.5,False,0.0,False,False,False
bọng,nfc,2,▁b|ọng,1,False,1.0,True,False,False
bọng,nfd,2,▁bo|̣ng,1.5,False,0.0,False,False,False
bọp,nfc,3,▁b|ọ|p,1|2,False,1.0,True,False,False
bọp,nfd,3,▁bo|̣|p,1.5|2,False,0.5,False,True,False
bọt,nfc,2,▁b|ọt,1,False,1.0,True,False,False
bọt,nfd,2,▁bo|̣t,1.5,False,0.0,False,False,False
bỏ,nfc,1,▁bỏ,,True,1.0,False,False,False
bỏ,nfd,2,▁bo|̉,1.5,False,0.0,False,True,False
bỏi,nfc,2,▁b|ỏi,1,False,1.0,True,False,False
bỏi,nfd,3,▁bo|̉|i,1.5|2,False,0.5,False,True,False
bỏm,nfc,2,▁bỏ|m,2,False,1.0,False,False,False
bỏm,nfd,3,▁bo|̉|m,1.5|2,False,0.5,False,True,False
bỏng,nfc,1,▁bỏng,,True,1.0,False,False,False
bỏng,nfd,3,▁bo|̉|ng,1.5|2,False,0.5,False,True,False
bố,nfc,1,▁bố,,True,1.0,False,False,False
bố,nfd,3,▁bo|̂|́,1.5|1.5,False,0.0,False,True,False
bốc,nfc,2,▁b|ốc,1,False,1.0,True,False,False
bốc,nfd,3,▁bo|̂|́c,1.5|1.5,False,0.0,False,False,False
bối,nfc,2,▁b|ối,1,False,1.0,True,False,False
bối,nfd,3,▁bo|̂|́i,1.5|1.5,False,0.0,False,False,False
bốn,nfc,1,▁bốn,,True,1.0,False,False,False
bốn,nfd,3,▁bo|̂|́n,1.5|1.5,False,0.0,False,False,False
bống,nfc,2,▁b|ống,1,False,1.0,True,False,False
bống,nfd,3,▁bo|̂|́ng,1.5|1.5,False,0.0,False,False,False
bốp,nfc,2,▁bố|p,2,False,1.0,False,False,False
bốp,nfd,4,▁bo|̂|́|p,1.5|1.5|2,False,0.3333333333333333,False,True,False
bốt,nfc,2,▁b|ốt,1,False,1.0,True,False,False
bốt,nfd,3,▁bo|̂|́t,1.5|1.5,False,0.0,False,False,False
bồ,nfc,2,▁b|ồ,1,False,1.0,True,False,False
bồ,nfd,3,▁bo|̂|̀,1.5|1.5,False,0.0,False,True,False
bồi,nfc,2,▁b|ồi,1,False,1.0,True,False,False
bồi,nfd,3,▁bo|̂|̀i,1.5|1.5,False,0.0,False,False,False
bồm,nfc,2,▁b|ồm,1,False,1.0,True,False,False
bồm,nfd,4,▁bo|̂|̀|m,1.5|1.5|2,False,0.3333333333333333,False,True,False
bồn,nfc,2,▁b|ồn,1,False,1.0,True,False,False
bồn,nfd,3,▁bo|̂|̀n,1.5|1.5,False,0.0,False,False,False
bồng,nfc,2,▁b|ồng,1,False,1.0,True,False,False
bồng,nfd,3,▁bo|̂|̀ng,1.5|1.5,False,0.0,False,False,False
bổ,nfc,1,▁bổ,,True,1.0,False,False,False
bổ,nfd,3,▁bo|̂|̉,1.5|1.5,False,0.0,False,True,False
bổi,nfc,2,▁b|ổi,1,False,1.0,True,False,False
bổi,nfd,4,▁bo|̂|̉|i,1.5|1.5|2,False,0.3333333333333333,False,True,False
bổn,nfc,2,▁bổ|n,2,False,1.0,False,False,False
bổn,nfd,4,▁bo|̂|̉|n,1.5|1.5|2,False,0.3333333333333333,False,True,False
bổng,nfc,2,▁b|ổng,1,False,1.0,True,False,False
bổng,nfd,4,▁bo|̂|̉|ng,1.5|1.5|2,False,0.3333333333333333,False,True,False
bỗ,nfc,2,▁b|ỗ,1,False,1.0,True,False,False
bỗ,nfd,3,▁bo|̂|̃,1.5|1.5,False,0.0,False,True,False
bỗng,nfc,2,▁b|ỗng,1,False,1.0,True,False,False
bỗng,nfd,4,▁bo|̂|̃|ng,1.5|1.5|2,False,0.3333333333333333,False,True,False
bộ,nfc,1,▁bộ,,True,1.0,False,False,False
bộ,nfd,3,▁bo|̣|̂,1.5|1.5,False,0.0,False,True,False
bộc,nfc,2,▁b|ộc,1,False,1.0,True,False,False
bộc,nfd,4,▁bo|̣|̂|c,1.5|1.5|2,False,0.3333333333333333,False,True,False
bội,nfc,2,▁b|ội,1,False,1.0,True,False,False
bội,nfd,4,▁bo|̣|̂|i,1.5|1.5|2,False,0.3333333333333333,False,True,False
bộn,nfc,2,▁bộ|n,2,False,1.0,False,False,False
bộn,nfd,4,▁bo|̣|̂|n,1.5|1.5|2,False,0.3333333333333333,False,True,False
bộng,nfc,2,▁bộ|ng,2,False,1.0,False,False,False
bộng,nfd,4,▁bo|̣|̂|ng,1.5|1.5|2,False,0.3333333333333333,False,True,False
bộp,nfc,2,▁bộ|p,2,False,1.0,False,False,False
bộp,nfd,4,▁bo|̣|̂|p,1.5|1.5|2,False,0.3333333333333333,False,True,False
bột,nfc,1,▁bột,,True,1.0,False,False,False
bột,nfd,4,▁bo|̣|̂|t,1.5|1.5|2,False,0.3333333333333333,False,True,False
bớ,nfc,2,▁b|ớ,1,False,1.0,True,False,False
bớ,nfd,3,▁bo|̛|́,1.5|1.5,False,0.0,False,True,False
bới,nfc,2,▁b|ới,1,False,1.0,True,False,False
bới,nfd,3,▁bo|̛|́i,1.5|1.5,False,0.0,False,False,False
bớp,nfc,2,▁b|ớp,1,False,1.0,True,False,False
bớp,nfd,4,▁bo|̛|́|p,1.5|1.5|2,False,0.3333333333333333,False,True,False
bớt,nfc,2,▁b|ớt,1,False,1.0,True,False,False
bớt,nfd,3,▁bo|̛|́t,1.5|1.5,False,0.0,False,False,False
bờ,nfc,1,▁bờ,,True,1.0,False,False,False
bờ,nfd,3,▁bo|̛|̀,1.5|1.5,False,0.0,False,True,False
bời,nfc,2,▁b|ời,1,False,1.0,True,False,False
bời,nfd,3,▁bo|̛|̀i,1.5|1.5,False,0.0,False,False,False
bờm,nfc,2,▁bờ|m,2,False,1.0,False,False,False
bờm,nfd,4,▁bo|̛|̀|m,1.5|1.5|2,False,0.3333333333333333,False,True,False
bờn,nfc,2,▁bờ|n,2,False,1.0,False,False,False
bờn,nfd,3,▁bo|̛|̀n,1.5|1.5,False,0.0,False,False,False
bở,nfc,2,▁b|ở,1,False,1.0,True,False,False
bở,nfd,3,▁bo|̛|̉,1.5|1.5,False,0.0,False,True,False
bởi,nfc,1,▁bởi,,True,1.0,False,False,False
bởi,nfd,4,▁bo|̛|̉|i,1.5|1.5|2,False,0.3333333333333333,False,True,False
bỡ,nfc,2,▁b|ỡ,1,False,1.0,True,False,False
bỡ,nfd,3,▁bo|̛|̃,1.5|1.5,False,0.0,False,True,False
bỡn,nfc,3,▁b|ỡ|n,1|2,False,1.0,True,False,False
bỡn,nfd,4,▁bo|̛|̃|n,1.5|1.5|2,False,0.3333333333333333,False,True,False
bợ,nfc,2,▁b|ợ,1,False,1.0,True,False,False
bợ,nfd,3,▁bo|̛|̣,1.5|1.5,False,0.0,False,True,False
bợm,nfc,3,▁b|ợ|m,1|2,False,1.0,True,False,False
bợm,nfd,4,▁bo|̛|̣|m,1.5|1.5|2,False,0.3333333333333333,False,True,False
bợn,nfc,2,▁b|ợn,1,False,1.0,True,False,False
bợn,nfd,3,▁bo|̛|̣n,1.5|1.5,False,0.0,False,False,False
bợp,nfc,2,▁b|ợp,1,False,1.0,True,False,False
bợp,nfd,4,▁bo|̛|̣|p,1.5|1.5|2,False,0.3333333333333333,False,True,False
bợt,nfc,2,▁b|ợt,1,False,1.0,True,False,False
bợt,nfd,3,▁bo|̛|̣t,1.5|1.5,False,0.0,False,False,False
bụ,nfc,1,▁bụ,,True,1.0,False,False,False
bụ,nfd,2,▁bu|̣,1.5,False,0.0,False,True,False
bụa,nfc,2,▁bụ|a,2,False,0.0,False,False,False
bụa,nfd,3,▁bu|̣|a,1.5|2,False,0.0,False,True,False
bục,nfc,2,▁b|ục,1,False,1.0,True,False,False
bục,nfd,2,▁bu|̣c,1.5,False,0.0,False,False,False
bụi,nfc,1,▁bụi,,True,1.0,False,False,False
bụi,nfd,2,▁bu|̣i,1.5,False,0.0,False,False,False
bụm,nfc,2,▁bụ|m,2,False,1.0,False,False,False
bụm,nfd,3,▁bu|̣|m,1.5|2,False,0.5,False,True,False
bụng,nfc,1,▁bụng,,True,1.0,False,False,False
bụng,nfd,2,▁bu|̣ng,1.5,False,0.0,False,False,False
bụp,nfc,2,▁b|ụp,1,False,1.0,True,False,False
bụp,nfd,3,▁bu|̣|p,1.5|2,False,0.5,False,True,False
bụt,nfc,2,▁bụ|t,2,False,1.0,False,False,False
bụt,nfd,2,▁bu|̣t,1.5,False,0.0,False,False,False
bủ,nfc,2,▁b|ủ,1,False,1.0,True,False,False
bủ,nfd,2,▁bu|̉,1.5,False,0.0,False,True,False
bủa,nfc,2,▁b|ủa,1,False,1.0,True,False,False
bủa,nfd,3,▁bu|̉|a,1.5|2,False,0.0,False,True,False
bủm,nfc,3,▁b|ủ|m,1|2,False,1.0,True,False,False
bủm,nfd,3,▁bu|̉|m,1.5|2,False,0.5,False,True,False
bủn,nfc,3,▁b|ủ|n,1|2,False,1.0,True,False,False
bủn,nfd,3,▁bu|̉|n,1.5|2,False,0.5,False,True,False
bủng,nfc,2,▁b|ủng,1,False,1.0,True,False,False
bủng,nfd,3,▁bu|̉|ng,1.5|2,False,0.5,False,True,False
bứ,nfc,2,▁b|ứ,1,False,1.0,True,False,False
bứ,nfd,3,▁bu|̛|́,1.5|1.5,False,0.0,False,True,False
bức,nfc,1,▁bức,,True,1.0,False,False,False
bức,nfd,3,▁bu|̛|́c,1.5|1.5,False,0.0,False,False,False
bứng,nfc,2,▁b|ứng,1,False,1.0,True,False,False
bứng,nfd,3,▁bu|̛|́ng,1.5|1.5,False,0.0,False,False,False
bứt,nfc,2,▁b|ứt,1,False,1.0,True,False,False
bứt,nfd,3,▁bu|̛|́t,1.5|1.5,False,0.0,False,False,False
bừa,nfc,2,▁b|ừa,1,False,1.0,True,False,False
bừa,nfd,4,▁bu|̛|̀|a,1.5|1.5|2,False,0.0,False,True,False
bừng,nfc,2,▁b|ừng,1,False,1.0,True,False,False
bừng,nfd,3,▁bu|̛|̀ng,1.5|1.5,False,0.0,False,False,False
bửa,nfc,2,▁b|ửa,1,False,1.0,True,False,False
bửa,nfd,4,▁bu|̛|̉|a,1.5|1.5|2,False,0.0,False,True,False
bửng,nfc,3,▁b|ử|ng,1|2,False,1.0,True,False,False
bửng,nfd,4,▁bu|̛|̉|ng,1.5|1.5|2,False,0.3333333333333333,False,True,False
bửu,nfc,3,▁b|ử|u,1|2,False,1.0,True,False,False
bửu,nfd,4,▁bu|̛|̉|u,1.5|1.5|2,False,0.3333333333333333,False,True,False
bữa,nfc,1,▁bữa,,True,1.0,False,False,False
bữa,nfd,4,▁bu|̛|̃|a,1.5|1.5|2,False,0.0,False,True,False
bự,nfc,2,▁b|ự,1,False,1.0,True,False,False
bự,nfd,3,▁bu|̛|̣,1.5|1.5,False,0.0,False,True,False
bựa,nfc,2,▁b|ựa,1,False,1.0,True,False,False
bựa,nfd,4,▁bu|̛|̣|a,1.5|1.5|2,False,0.0,False,True,False
bực,nfc,2,▁b|ực,1,False,1.0,True,False,False
bực,nfd,3,▁bu|̛|̣c,1.5|1.5,False,0.0,False,False,False
bựt,nfc,3,▁b|ự|t,1|2,False,1.0,True,False,False
bựt,nfd,3,▁bu|̛|̣t,1.5|1.5,False,0.0,False,False,False
ca,nfc,1,▁ca,,True,1.0,False,False,False
ca,nfd,1,▁ca,,True,1.0,False,False,False
cai,nfc,1,▁cai,,True,1.0,False,False,False
cai,nfd,1,▁cai,,True,1.0,False,False,False
cam,nfc,1,▁cam,,True,1.0,False,False,False
cam,nfd,1,▁cam,,True,1.0,False,False,False
can,nfc,1,▁can,,True,1.0,False,False,False
can,nfd,1,▁can,,True,1.0,False,False,False
canh,nfc,1,▁canh,,True,1.0,False,False,False
canh,nfd,1,▁canh,,True,1.0,False,False,False
cao,nfc,1,▁cao,,True,1.0,False,False,False
cao,nfd,1,▁cao,,True,1.0,False,False,False
cau,nfc,1,▁cau,,True,1.0,False,False,False
cau,nfd,1,▁cau,,True,1.0,False,False,False
cay,nfc,1,▁cay,,True,1.0,False,False,False
cay,nfd,1,▁cay,,True,1.0,False,False,False
cha,nfc,1,▁cha,,True,1.0,False,False,False
cha,nfd,1,▁cha,,True,1.0,False,False,False
chai,nfc,1,▁chai,,True,1.0,False,False,False
chai,nfd,1,▁chai,,True,1.0,False,False,False
chan,nfc,1,▁chan,,True,1.0,False,False,False
chan,nfd,1,▁chan,,True,1.0,False,False,False
chang,nfc,1,▁chang,,True,1.0,False,False,False
chang,nfd,1,▁chang,,True,1.0,False,False,False
chanh,nfc,1,▁chanh,,True,1.0,False,False,False
chanh,nfd,1,▁chanh,,True,1.0,False,False,False
chao,nfc,1,▁chao,,True,1.0,False,False,False
chao,nfd,1,▁chao,,True,1.0,False,False,False
chau,nfc,1,▁chau,,True,1.0,False,False,False
chau,nfd,1,▁chau,,True,1.0,False,False,False
chay,nfc,1,▁chay,,True,1.0,False,False,False
chay,nfd,1,▁chay,,True,1.0,False,False,False
che,nfc,1,▁che,,True,1.0,False,False,False
che,nfd,1,▁che,,True,1.0,False,False,False
chem,nfc,1,▁chem,,True,1.0,False,False,False
chem,nfd,1,▁chem,,True,1.0,False,False,False
chen,nfc,1,▁chen,,True,1.0,False,False,False
chen,nfd,1,▁chen,,True,1.0,False,False,False
cheng,nfc,2,▁ch|eng,2,False,1.0,True,False,False
cheng,nfd,2,▁ch|eng,2,False,1.0,True,False,False
cheo,nfc,2,▁che|o,3,False,1.0,False,False,False
cheo,nfd,2,▁che|o,3,False,1.0,False,False,False
chi,nfc,1,▁chi,,True,1.0,False,False,False
chi,nfd,1,▁chi,,True,1.0,False,False,False
chia,nfc,1,▁chia,,True,1.0,False,False,False
chia,nfd,1,▁chia,,True,1.0,False,False,False
chim,nfc,1,▁chim,,True,1.0,False,False,False
chim,nfd,1,▁chim,,True,1.0,False,False,False
chinh,nfc,1,▁chinh,,True,1.0,False,False,False
chinh,nfd,1,▁chinh,,True,1.0,False,False,False
chiu,nfc,2,▁chi|u,3,False,1.0,False,False,False
chiu,nfd,2,▁chi|u,3,False,1.0,False,False,False
chiêm,nfc,2,▁chi|êm,3,False,0.0,False,False,False
chiêm,nfd,4,▁chi|e|̂|m,3|3.5|4,False,0.3333333333333333,False,False,False
chiên,nfc,1,▁chiên,,True,1.0,False,False,False
chiên,nfd,4,▁chi|e|̂|n,3|3.5|4,False,0.3333333333333333,False,False,False
chiêng,nfc,2,▁chi|êng,3,False,0.0,False,False,False
chiêng,nfd,4,▁chi|e|̂|ng,3|3.5|4,False,0.3333333333333333,False,False,False
chiêu,nfc,2,▁chi|êu,3,False,0.0,False,False,False
chiêu,nfd,4,▁chi|e|̂|u,3|3.5|4,False,0.3333333333333333,False,False,False
chiếc,nfc,1,▁chiếc,,True,1.0,False,False,False
chiếc,nfd,4,▁chi|e|̂|́c,3|3.5|3.5,False,0.0,False,False,False
chiếm,nfc,1,▁chiếm,,True,1.0,False,False,False
chiếm,nfd,5,▁chi|e|̂|́|m,3|3.5|3.5|4,False,0.25,False,True,False
chiến,nfc,1,▁chiến,,True,1.0,False,False,False
chiến,nfd,4,▁chi|e|̂|́n,3|3.5|3.5,False,0.0,False,False,False
chiếng,nfc,2,▁chi|ếng,3,False,0.0,False,False,False
chiếng,nfd,4,▁chi|e|̂|́ng,3|3.5|3.5,False,0.0,False,False,False
chiếp,nfc,2,▁chi|ếp,3,False,0.0,False,False,False
chiếp,nfd,5,▁chi|e|̂|́|p,3|3.5|3.5|4,False,0.25,False,True,False
chiết,nfc,2,▁chi|ết,3,False,0.0,False,False,False
chiết,nfd,4,▁chi|e|̂|́t,3|3.5|3.5,False,0.0,False,False,False
chiếu,nfc,1,▁chiếu,,True,1.0,False,False,False
chiếu,nfd,5,▁chi|e|̂|́|u,3|3.5|3.5|4,False,0.25,False,True,False
chiền,nfc,2,▁chi|ền,3,False,0.0,False,False,False
chiền,nfd,4,▁chi|e|̂|̀n,3|3.5|3.5,False,0.0,False,False,False
chiềng,nfc,3,▁chi|ề|ng,3|4,False,0.5,False,False,False
chiềng,nfd,4,▁chi|e|̂|̀ng,3|3.5|3.5,False,0.0,False,False,False
chiều,nfc,1,▁chiều,,True,1.0,False,False,False
chiều,nfd,4,▁chi|e|̂|̀u,3|3.5|3.5,False,0.0,False,False,False
chiểu,nfc,2,▁chi|ểu,3,False,0.0,False,False,False
chiểu,nfd,5,▁chi|e|̂|̉|u,3|3.5|3.5|4,False,0.25,False,True,False
chiện,nfc,2,▁chi|ện,3,False,0.0,False,False,False
chiện,nfd,5,▁chi|e|̣|̂|n,3|3.5|3.5|4,False,0.25,False,True,False
cho,nfc,1,▁cho,,True,1.0,False,False,False
cho,nfd,1,▁cho,,True,1.0,False,False,False
choang,nfc,2,▁cho|ang,3,False,1.0,False,False,False
choang,nfd,2,▁cho|ang,3,False,1.0,False,False,False
choi,nfc,1,▁choi,,True,1.0,False,False,False
choi,nfd,1,▁choi,,True,1.0,False,False,False
chong,nfc,1,▁chong,,True,1.0,False,False,False
chong,nfd,1,▁chong,,True,1.0,False,False,False
choài,nfc,2,▁cho|ài,3,False,1.0,False,False,False
choài,nfd,3,▁cho|a|̀i,3|3.5,False,0.5,False,False,False
choàng,nfc,2,▁cho|àng,3,False,1.0,False,False,False
choàng,nfd,3,▁cho|a|̀ng,3|3.5,False,0.5,False,False,False
choá,nfc,2,▁cho|á,3,False,1.0,False,False,False
choá,nfd,3,▁cho|a|́,3|3.5,False,0.5,False,True,False
choái,nfc,2,▁cho|ái,3,False,1.0,False,False,False
choái,nfd,3,▁cho|a|́i,3|3.5,False,0.5,False,False,False
choán,nfc,2,▁cho|án,3,False,1.0,False,False,False
choán,nfd,3,▁cho|a|́n,3|3.5,False,0.5,False,False,False
choáng,nfc,2,▁cho|áng,3,False,1.0,False,False,False
choáng,nfd,3,▁cho|a|́ng,3|3.5,False,0.5,False,False,False
choãi,nfc,2,▁cho|ãi,3,False,1.0,False,False,False
choãi,nfd,4,▁cho|a|̃|i,3|3.5|4,False,0.6666666666666666,False,True,False
choèn,nfc,2,▁cho|èn,3,False,1.0,False,False,False
choèn,nfd,3,▁cho|e|̀n,3|3.5,False,0.5,False,False,False
choé,nfc,2,▁cho|é,3,False,1.0,False,False,False
choé,nfd,3,▁cho|e|́,3|3.5,False,0.5,False,True,False
choòng,nfc,2,▁cho|òng,3,False,0.0,False,False,False
choòng,nfd,2,▁choo|̀ng,3.5,False,0.0,False,False,False
choăn,nfc,2,▁cho|ăn,3,False,1.0,False,False,False
choăn,nfd,4,▁cho|a|̆|n,3|3.5|4,False,0.6666666666666666,False,False,False
choạc,nfc,2,▁cho|ạc,3,False,1.0,False,False,False
choạc,nfd,3,▁cho|a|̣c,3|3.5,False,0.5,False,False,False
choạng,nfc,2,▁cho|ạng,3,False,1.0,False,False,False
choạng,nfd,3,▁cho|a|̣ng,3|3.5,False,0.5,False,False,False
choạp,nfc,2,▁cho|ạp,3,False,1.0,False,False,False
choạp,nfd,4,▁cho|a|̣|p,3|3.5|4,False,0.6666666666666666,False,True,False
choảng,nfc,2,▁cho|ảng,3,False,1.0,False,False,False
choảng,nfd,4,▁cho|a|̉|ng,3|3.5|4,False,0.6666666666666666,False,True,False
choắt,nfc,2,▁cho|ắt,3,False,1.0,False,False,False
choắt,nfd,4,▁cho|a|̆|́t,3|3.5|3.5,False,0.3333333333333333,False,False,False
choẹ,nfc,2,▁cho|ẹ,3,False,1.0,False,False,False
choẹ,nfd,3,▁cho|e|̣,3|3.5,False,0.5,False,True,False
choẹt,nfc,3,▁cho|ẹ|t,3|4,False,1.0,False,False,False
choẹt,nfd,3,▁cho|e|̣t,3|3.5,False,0.5,False,False,False
chu,nfc,1,▁chu,,True,1.0,False,False,False
chu,nfd,1,▁chu,,True,1.0,False,False,False
chua,nfc,1,▁chua,,True,1.0,False,False,False
chua,nfd,1,▁chua,,True,1.0,False,False,False
chui,nfc,2,▁ch|ui,2,False,1.0,True,False,False
chui,nfd,2,▁ch|ui,2,False,1.0,True,False,False
chum,nfc,1,▁chum,,True,1.0,False,False,False
chum,nfd,1,▁chum,,True,1.0,False,False,False
chun,nfc,1,▁chun,,True,1.0,False,False,False
chun,nfd,1,▁chun,,True,1.0,False,False,False
chung,nfc,1,▁chung,,True,1.0,False,False,False
chung,nfd,1,▁chung,,True,1.0,False,False,False
chuyên,nfc,1,▁chuyên,,True,1.0,False,False,False
chuyên,nfd,4,▁chu|ye|̂|n,3|4.5|5,False,0.6666666666666666,False,False,False
chuyến,nfc,1,▁chuyến,,True,1.0,False,False,False
chuyến,nfd,4,▁chu|ye|̂|́n,3|4.5|4.5,False,0.3333333333333333,False,False,False
chuyền,nfc,1,▁chuyền,,True,1.0,False,False,False
chuyền,nfd,4,▁chu|ye|̂|̀n,3|4.5|4.5,False,0.3333333333333333,False,False,False
chuyển,nfc,1,▁chuyển,,True,1.0,False,False,False
chuyển,nfd,5,▁chu|ye|̂|̉|n,3|4.5|4.5|5,False,0.5,False,True,False
chuyện,nfc,1,▁chuyện,,True,1.0,False,False,False
chuyện,nfd,5,▁chu|ye|̣|̂|n,3|4.5|4.5|5,False,0.5,False,True,False
chuôi,nfc,2,▁chu|ôi,3,False,0.0,False,False,False
chuôi,nfd,4,▁ch|uo|̂|i,2|3.5|4,False,0.6666666666666666,True,False,False
chuôm,nfc,2,▁chu|ôm,3,False,0.0,False,False,False
chuôm,nfd,4,▁ch|uo|̂|m,2|3.5|4,False,0.6666666666666666,True,False,False
chuông,nfc,2,▁chu|ông,3,False,0.0,False,False,False
chuông,nfd,4,▁ch|uo|̂|ng,2|3.5|4,False,0.6666666666666666,True,False,False
chuẩn,nfc,1,▁chuẩn,,True,1.0,False,False,False
chuẩn,nfd,4,▁chua|̂|̉|n,3.5|3.5|4,False,0.3333333333333333,False,True,False
chuếch,nfc,3,▁chu|ế|ch,3|4,False,1.0,False,False,False
chuếch,nfd,5,▁ch|ue|̂|́|ch,2|3.5|3.5|4,False,0.5,True,True,False
chuệch,nfc,3,▁chu|ệ|ch,3|4,False,1.0,False,False,False
chuệch,nfd,5,▁ch|ue|̣|̂|ch,2|3.5|3.5|4,False,0.5,True,True,False
chuốc,nfc,2,▁chu|ốc,3,False,0.0,False,False,False
chuốc,nfd,4,▁ch|uo|̂|́c,2|3.5|3.5,False,0.3333333333333333,True,False,False
chuối,nfc,2,▁chu|ối,3,False,0.0,False,False,False
chuối,nfd,4,▁ch|uo|̂|́i,2|3.5|3.5,False,0.3333333333333333,True,False,False
chuốt,nfc,2,▁chu|ốt,3,False,0.0,False,False,False
chuốt,nfd,4,▁ch|uo|̂|́t,2|3.5|3.5,False,0.3333333333333333,True,False,False
chuồi,nfc,2,▁chu|ồi,3,False,0.0,False,False,False
chuồi,nfd,4,▁ch|uo|̂|̀i,2|3.5|3.5,False,0.3333333333333333,True,False,False
chuồn,nfc,2,▁chu|ồn,3,False,0.0,False,False,False
chuồn,nfd,4,▁ch|uo|̂|̀n,2|3.5|3.5,False,0.3333333333333333,True,False,False
chuồng,nfc,2,▁chu|ồng,3,False,0.0,False,False,False
chuồng,nfd,4,▁ch|uo|̂|̀ng,2|3.5|3.5,False,0.3333333333333333,True,False,False
chuỗi,nfc,2,▁chu|ỗi,3,False,0.0,False,False,False
chuỗi,nfd,5,▁ch|uo|̂|̃|i,2|3.5|3.5|4,False,0.5,True,True,False
chuộc,nfc,2,▁chu|ộc,3,False,0.0,False,False,False
chuộc,nfd,5,▁ch|uo|̣|̂|c,2|3.5|3.5|4,False,0.5,True,True,False
chuội,nfc,2,▁chu|ội,3,False,0.0,False,False,False
chuội,nfd,5,▁ch|uo|̣|̂|i,2|3.5|3.5|4,False,0.5,True,True,False
chuộng,nfc,2,▁chu|ộng,3,False,0.0,False,False,False
chuộng,nfd,5,▁ch|uo|̣|̂|ng,2|3.5|3.5|4,False,0.5,True,True,False
chuột,nfc,1,▁chuột,,True,1.0,False,False,False
chuột,nfd,5,▁ch|uo|̣|̂|t,2|3.5|3.5|4,False,0.5,True,True,False
chuỳ,nfc,2,▁chu|ỳ,3,False,1.0,False,False,False
chuỳ,nfd,2,▁chuy|̀,3.5,False,0.0,False,True,False
chà,nfc,2,▁ch|à,2,False,1.0,True,False,False
chà,nfd,2,▁cha|̀,2.5,False,0.0,False,True,False
chài,nfc,2,▁ch|ài,2,False,1.0,True,False,False
chài,nfd,2,▁cha|̀i,2.5,False,0.0,False,False,False
chàm,nfc,2,▁ch|àm,2,False,1.0,True,False,False
chàm,nfd,3,▁cha|̀|m,2.5|3,False,0.5,False,True,False
chàng,nfc,1,▁chàng,,True,1.0,False,False,False
chàng,nfd,2,▁cha|̀ng,2.5,False,0.0,False,False,False
chành,nfc,2,▁ch|ành,2,False,1.0,True,False,False
chành,nfd,2,▁cha|̀nh,2.5,False,0.0,False,False,False
chào,nfc,1,▁chào,,True,1.0,False,False,False
chào,nfd,3,▁cha|̀|o,2.5|3,False,0.5,False,True,False
chày,nfc,2,▁ch|ày,2,False,1.0,True,False,False
chày,nfd,3,▁cha|̀|y,2.5|3,False,0.5,False,True,False
chá,nfc,1,▁chá,,True,1.0,False,False,False
chá,nfd,2,▁cha|́,2.5,False,0.0,False,True,False
chác,nfc,2,▁ch|ác,2,False,1.0,True,False,False
chác,nfd,2,▁cha|́c,2.5,False,0.0,False,False,False
chái,nfc,2,▁ch|ái,2,False,1.0,True,False,False
chái,nfd,2,▁cha|́i,2.5,False,0.0,False,False,False
chán,nfc,2,▁ch|án,2,False,1.0,True,False,False
chán,nfd,2,▁cha|́n,2.5,False,0.0,False,False,False
cháng,nfc,2,▁ch|áng,2,False,1.0,True,False,False
cháng,nfd,2,▁cha|́ng,2.5,False,0.0,False,False,False
chánh,nfc,2,▁ch|ánh,2,False,1.0,True,False,False
chánh,nfd,3,▁cha|́|nh,2.5|3,False,0.5,False,True,False
cháo,nfc,2,▁ch|áo,2,False,1.0,True,False,False
cháo,nfd,3,▁cha|́|o,2.5|3,False,0.5,False,True,False
chát,nfc,2,▁ch|át,2,False,1.0,True,False,False
chát,nfd,2,▁cha|́t,2.5,False,0.0,False,False,False
cháu,nfc,1,▁cháu,,True,1.0,False,False,False
cháu,nfd,3,▁cha|́|u,2.5|3,False,0.5,False,True,False
cháy,nfc,1,▁cháy,,True,1.0,False,False,False
cháy,nfd,3,▁cha|́|y,2.5|3,False,0.5,False,True,False
châm,nfc,2,▁ch|âm,2,False,1.0,True,False,False
châm,nfd,3,▁cha|̂|m,2.5|3,False,0.5,False,False,False
chân,nfc,1,▁chân,,True,1.0,False,False,False
chân,nfd,3,▁cha|̂|n,2.5|3,False,0.5,False,False,False
châu,nfc,1,▁châu,,True,1.0,False,False,False
châu,nfd,3,▁cha|̂|u,2.5|3,False,0.5,False,False,False
chây,nfc,2,▁ch|ây,2,False,1.0,True,False,False
chây,nfd,3,▁cha|̂|y,2.5|3,False,0.5,False,False,False
chã,nfc,2,▁ch|ã,2,False,1.0,True,False,False
chã,nfd,2,▁cha|̃,2.5,False,0.0,False,True,False
chãi,nfc,2,▁ch|ãi,2,False,1.0,True,False,False
chãi,nfd,3,▁cha|̃|i,2.5|3,False,0.5,False,True,False
chão,nfc,1,▁chão,,True,1.0,False,False,False
chão,nfd,2,▁cha|̃o,2.5,False,0.0,False,False,False
chè,nfc,1,▁chè,,True,1.0,False,False,False
chè,nfd,2,▁che|̀,2.5,False,0.0,False,True,False
chèn,nfc,2,▁ch|èn,2,False,1.0,True,False,False
chèn,nfd,2,▁che|̀n,2.5,False,0.0,False,False,False
chèo,nfc,2,▁ch|èo,2,False,1.0,True,False,False
chèo,nfd,3,▁che|̀|o,2.5|3,False,0.5,False,True,False
ché,nfc,1,▁ché,,True,1.0,False,False,False
ché,nfd,2,▁che|́,2.5,False,0.0,False,True,False
chém,nfc,2,▁ch|ém,2,False,1.0,True,False,False
chém,nfd,3,▁che|́|m,2.5|3,False,0.5,False,True,False
chén,nfc,1,▁chén,,True,1.0,False,False,False
chén,nfd,2,▁che|́n,2.5,False,0.0,False,False,False
chéo,nfc,2,▁ch|éo,2,False,1.0,True,False,False
chéo,nfd,3,▁che|́|o,2.5|3,False,0.5,False,True,False
chép,nfc,2,▁ch|ép,2,False,1.0,True,False,False
chép,nfd,3,▁che|́|p,2.5|3,False,0.5,False,True,False
chét,nfc,2,▁ch|ét,2,False,1.0,True,False,False
chét,nfd,2,▁che|́t,2.5,False,0.0,False,False,False
chê,nfc,2,▁ch|ê,2,False,1.0,True,False,False
chê,nfd,2,▁che|̂,2.5,False,0.0,False,False,False
chêm,nfc,2,▁ch|êm,2,False,1.0,True,False,False
chêm,nfd,3,▁che|̂|m,2.5|3,False,0.5,False,False,False
chênh,nfc,3,▁ch|ê|nh,2|3,False,1.0,True,False,False
chênh,nfd,3,▁che|̂|nh,2.5|3,False,0.5,False,False,False
chì,nfc,1,▁chì,,True,1.0,False,False,False
chì,nfd,2,▁chi|̀,2.5,False,0.0,False,True,False
chìa,nfc,2,▁ch|ìa,2,False,1.0,True,False,False
chìa,nfd,3,▁chi|̀|a,2.5|3,False,0.0,False,True,False
chìm,nfc,2,▁ch|ìm,2,False,1.0,True,False,False
chìm,nfd,3,▁chi|̀|m,2.5|3,False,0.5,False,True,False
chình,nfc,2,▁ch|ình,2,False,1.0,True,False,False
chình,nfd,2,▁chi|̀nh,2.5,False,0.0,False,False,False
chìu,nfc,2,▁chì|u,3,False,1.0,False,False,False
chìu,nfd,2,▁chi|̀u,2.5,False,0.0,False,False,False
chí,nfc,1,▁chí,,True,1.0,False,False,False
chí,nfd,2,▁chi|́,2.5,False,0.0,False,True,False
chích,nfc,2,▁ch|ích,2,False,1.0,True,False,False
chích,nfd,3,▁chi|́|ch,2.5|3,False,0.5,False,True,False
chím,nfc,2,▁ch|ím,2,False,1.0,True,False,False
chím,nfd,3,▁chi|́|m,2.5|3,False,0.5,False,True,False
chín,nfc,1,▁chín,,True,1.0,False,False,False
chín,nfd,2,▁chi|́n,2.5,False,0.0,False,False,False
chính,nfc,1,▁chính,,True,1.0,False,False,False
chính,nfd,3,▁chi|́|nh,2.5|3,False,0.5,False,True,False
chíp,nfc,2,▁chí|p,3,False,1.0,False,False,False
chíp,nfd,3,▁chi|́|p,2.5|3,False,0.5,False,True,False
chít,nfc,2,▁ch|ít,2,False,1.0,True,False,False
chít,nfd,2,▁chi|́t,2.5,False,0.0,False,False,False
chíu,nfc,2,▁chí|u,3,False,1.0,False,False,False
chíu,nfd,3,▁chi|́|u,2.5|3,False,0.5,False,True,False
chò,nfc,2,▁ch|ò,2,False,1.0,True,False,False
chò,nfd,2,▁cho|̀,2.5,False,0.0,False,True,False
chòi,nfc,2,▁ch|òi,2,False,1.0,True,False,False
chòi,nfd,2,▁cho|̀i,2.5,False,0.0,False,False,False
chòm,nfc,2,▁ch|òm,2,False,1.0,True,False,False
chòm,nfd,3,▁cho|̀|m,2.5|3,False,0.5,False,True,False
chòng,nfc,2,▁ch|òng,2,False,1.0,True,False,False
chòng,nfd,2,▁cho|̀ng,2.5,False,0.0,False,False,False
chó,nfc,1,▁chó,,True,1.0,False,False,False
chó,nfd,2,▁cho|́,2.5,False,0.0,False,True,False
chóc,nfc,2,▁ch|óc,2,False,1.0,True,False,False
chóc,nfd,2,▁cho|́c,2.5,False,0.0,False,False,False
chói,nfc,2,▁ch|ói,2,False,1.0,True,False,False
chói,nfd,2,▁cho|́i,2.5,False,0.0,False,False,False
chóng,nfc,1,▁chóng,,True,1.0,False,False,False
chóng,nfd,2,▁cho|́ng,2.5,False,0.0,False,False,False
chóp,nfc,2,▁chó|p,3,False,1.0,False,False,False
chóp,nfd,3,▁cho|́|p,2.5|3,False,0.5,False,True,False
chót,nfc,2,▁ch|ót,2,False,1.0,True,False,False
chót,nfd,2,▁cho|́t,2.5,False,0.0,False,False,False
chôm,nfc,2,▁ch|ôm,2,False,1.0,True,False,False
chôm,nfd,3,▁cho|̂|m,2.5|3,False,0.5,False,False,False
chôn,nfc,2,▁ch|ôn,2,False,1.0,True,False,False
chôn,nfd,3,▁cho|̂|n,2.5|3,False,0.5,False,False,False
chông,nfc,2,▁ch|ông,2,False,1.0,True,False,False
chông,nfd,3,▁cho|̂|ng,2.5|3,False,0.5,False,False,False
chõ,nfc,2,▁ch|õ,2,False,1.0,True,False,False
chõ,nfd,2,▁cho|̃,2.5,False,0.0,False,True,False
chõm,nfc,3,▁ch|õ|m,2|3,False,1.0,True,False,False
chõm,nfd,3,▁cho|̃|m,2.5|3,False,0.5,False,True,False
chõng,nfc,3,▁ch|õ|ng,2|3,False,1.0,True,False,False
chõng,nfd,3,▁cho|̃|ng,2.5|3,False,0.5,False,True,False
chù,nfc,2,▁ch|ù,2,False,1.0,True,False,False
chù,nfd,2,▁chu|̀,2.5,False,0.0,False,True,False
chùa,nfc,1,▁chùa,,True,1.0,False,False,False
chùa,nfd,3,▁chu|̀|a,2.5|3,False,0.0,False,True,False
chùi,nfc,2,▁ch|ùi,2,False,1.0,True,False,False
chùi,nfd,2,▁chu|̀i,2.5,False,0.0,False,False,False
chùm,nfc,2,▁ch|ùm,2,False,1.0,True,False,False
chùm,nfd,3,▁chu|̀|m,2.5|3,False,0.5,False,True,False
chùn,nfc,2,▁ch|ùn,2,False,1.0,True,False,False
chùn,nfd,2,▁chu|̀n,2.5,False,0.0,False,False,False
chùng,nfc,2,▁ch|ùng,2,False,1.0,True,False,False
chùng,nfd,2,▁chu|̀ng,2.5,False,0.0,False,False,False
chú,nfc,1,▁chú,,True,1.0,False,False,False
chú,nfd,2,▁chu|́,2.5,False,0.0,False,True,False
chúa,nfc,1,▁chúa,,True,1.0,False,False,False
chúa,nfd,3,▁chu|́|a,2.5|3,False,0.0,False,True,False
chúc,nfc,1,▁chúc,,True,1.0,False,False,False
chúc,nfd,2,▁chu|́c,2.5,False,0.0,False,False,False
chúi,nfc,2,▁chú|i,3,False,1.0,False,False,False
chúi,nfd,2,▁chu|́i,2.5,False,0.0,False,False,False
chúm,nfc,2,▁chú|m,3,False,1.0,False,False,False
chúm,nfd,3,▁chu|́|m,2.5|3,False,0.5,False,True,False
chúng,nfc,1,▁chúng,,True,1.0,False,False,False
chúng,nfd,2,▁chu|́ng,2.5,False,0.0,False,False,False
chút,nfc,1,▁chút,,True,1.0,False,False,False
chút,nfd,2,▁chu|́t,2.5,False,0.0,False,False,False
chăm,nfc,1,▁chăm,,True,1.0,False,False,False
chăm,nfd,3,▁cha|̆|m,2.5|3,False,0.5,False,False,False
chăn,nfc,2,▁ch|ăn,2,False,1.0,True,False,False
chăn,nfd,3,▁cha|̆|n,2.5|3,False,0.5,False,False,False
chăng,nfc,2,▁ch|ăng,2,False,1.0,True,False,False
chăng,nfd,3,▁cha|̆|ng,2.5|3,False,0.5,False,False,False
chĩa,nfc,2,▁ch|ĩa,2,False,1.0,True,False,False
chĩa,nfd,3,▁chi|̃|a,2.5|3,False,0.0,False,True,False
chĩn,nfc,3,▁ch|ĩ|n,2|3,False,1.0,True,False,False
chĩn,nfd,3,▁chi|̃|n,2.5|3,False,0.5,False,True,False
chĩnh,nfc,2,▁ch|ĩnh,2,False,1.0,True,False,False
chĩnh,nfd,3,▁chi|̃|nh,2.5|3,False,0.5,False,True,False
chũi,nfc,3,▁ch|ũ|i,2|3,False,1.0,True,False,False
chũi,nfd,3,▁chu|̃|i,2.5|3,False,0.5,False,True,False
chũm,nfc,3,▁ch|ũ|m,2|3,False,1.0,True,False,False
chũm,nfd,3,▁chu|̃|m,2.5|3,False,0.5,False,True,False
chũn,nfc,3,▁ch|ũ|n,2|3,False,1.0,True,False,False
chũn,nfd,3,▁chu|̃|n,2.5|3,False,0.5,False,True,False
chơ,nfc,2,▁ch|ơ,2,False,1.0,True,False,False
chơ,nfd,2,▁cho|̛,2.5,False,0.0,False,False,False
chơi,nfc,1,▁chơi,,True,1.0,False,False,False
chơi,nfd,3,▁cho|̛|i,2.5|3,False,0.5,False,False,False
chơm,nfc,2,▁ch|ơm,2,False,1.0,True,False,False
chơm,nfd,3,▁cho|̛|m,2.5|3,False,0.5,False,False,False
chơn,nfc,2,▁ch|ơn,2,False,1.0,True,False,False
chơn,nfd,3,▁cho|̛|n,2.5|3,False,0.5,False,False,False
chư,nfc,2,▁ch|ư,2,False,1.0,True,False,False
chư,nfd,2,▁chu|̛,2.5,False,0.0,False,False,False
chưa,nfc,1,▁chưa,,True,1.0,False,False,False
chưa,nfd,3,▁chu|̛|a,2.5|3,False,0.0,False,False,False
chưn,nfc,3,▁ch|ư|n,2|3,False,1.0,True,False,False
chưn,nfd,3,▁chu|̛|n,2.5|3,False,0.5,False,False,False
chưng,nfc,2,▁ch|ưng,2,False,1.0,True,False,False
chưng,nfd,3,▁chu|̛|ng,2.5|3,False,0.5,False,False,False
chương,nfc,1,▁chương,,True,1.0,False,False,False
chương,nfd,5,▁chu|̛|o|̛|ng,2.5|3|3.5|4,False,0.25,False,False,False
chước,nfc,2,▁ch|ước,2,False,1.0,True,False,False
chước,nfd,5,▁chu|̛|o|̛|́c,2.5|3|3.5|3.5,False,0.0,False,False,False
chướng,nfc,2,▁ch|ướng,2,False,1.0,True,False,False
chướng,nfd,5,▁chu|̛|o|̛|́ng,2.5|3|3.5|3.5,False,0.0,False,False,False
chườm,nfc,3,▁ch|ườ|m,2|4,False,1.0,True,False,False
chườm,nfd,6,▁chu|̛|o|̛|̀|m,2.5|3|3.5|3.5|4,False,0.2,False,True,False
chường,nfc,2,▁ch|ường,2,False,1.0,True,False,False
chường,nfd,5,▁chu|̛|o|̛|̀ng,2.5|3|3.5|3.5,False,0.0,False,False,False
chưởi,nfc,3,▁ch|ưở|i,2|4,False,1.0,True,False,False
chưởi,nfd,6,▁chu|̛|o|̛|̉|i,2.5|3|3.5|3.5|4,False,0.2,False,True,False
chưởng,nfc,2,▁ch|ưởng,2,False,1.0,True,False,False
chưởng,nfd,6,▁chu|̛|o|̛|̉|ng,2.5|3|3.5|3.5|4,False,0.2,False,True,False
chưỡng,nfc,2,▁ch|ưỡng,2,False,1.0,True,False,False
chưỡng,nfd,6,▁chu|̛|o|̛|̃|ng,2.5|3|3.5|3.5|4,False,0.2,False,True,False
chược,nfc,2,▁ch|ược,2,False,1.0,True,False,False
chược,nfd,5,▁chu|̛|o|̛|̣c,2.5|3|3.5|3.5,False,0.0,False,False,False
chượp,nfc,3,▁ch|ượ|p,2|4,False,1.0,True,False,False
chượp,nfd,6,▁chu|̛|o|̛|̣|p,2.5|3|3.5|3.5|4,False,0.2,False,True,False
chạ,nfc,2,▁ch|ạ,2,False,1.0,True,False,False
chạ,nfd,2,▁cha|̣,2.5,False,0.0,False,True,False
chạc,nfc,2,▁ch|ạc,2,False,1.0,True,False,False
chạc,nfd,2,▁cha|̣c,2.5,False,0.0,False,False,False
chạch,nfc,2,▁ch|ạch,2,False,1.0,True,False,False
chạch,nfd,3,▁cha|̣|ch,2.5|3,False,0.5,False,True,False
chạm,nfc,1,▁chạm,,True,1.0,False,False,False
chạm,nfd,3,▁cha|̣|m,2.5|3,False,0.5,False,True,False
chạn,nfc,2,▁ch|ạn,2,False,1.0,True,False,False
chạn,nfd,2,▁cha|̣n,2.5,False,0.0,False,False,False
chạng,nfc,2,▁ch|ạng,2,False,1.0,True,False,False
chạng,nfd,2,▁cha|̣ng,2.5,False,0.0,False,False,False
chạnh,nfc,2,▁ch|ạnh,2,False,1.0,True,False,False
chạnh,nfd,3,▁cha|̣|nh,2.5|3,False,0.5,False,True,False
chạo,nfc,2,▁ch|ạo,2,False,1.0,True,False,False
chạo,nfd,3,▁cha|̣|o,2.5|3,False,0.5,False,True,False
chạp,nfc,2,▁ch|ạp,2,False,1.0,True,False,False
chạp,nfd,3,▁cha|̣|p,2.5|3,False,0.5,False,True,False
chạt,nfc,2,▁ch|ạt,2,False,1.0,True,False,False
chạt,nfd,2,▁cha|̣t,2.5,False,0.0,False,False,False
chạy,nfc,1,▁chạy,,True,1.0,False,False,False
chạy,nfd,3,▁cha|̣|y,2.5|3,False,0.5,False,True,False
chả,nfc,2,▁ch|ả,2,False,1.0,True,False,False
chả,nfd,2,▁cha|̉,2.5,False,0.0,False,True,False
chải,nfc,2,▁ch|ải,2,False,1.0,True,False,False
chải,nfd,3,▁cha|̉|i,2.5|3,False,0.5,False,True,False
chảnh,nfc,2,▁ch|ảnh,2,False,1.0,True,False,False
chảnh,nfd,3,▁cha|̉|nh,2.5|3,False,0.5,False,True,False
chảo,nfc,2,▁ch|ảo,2,False,1.0,True,False,False
chảo,nfd,3,▁cha|̉|o,2.5|3,False,0.5,False,True,False
chảu,nfc,3,▁ch|ả|u,2|3,False,1.0,True,False,False
chảu,nfd,3,▁cha|̉|u,2.5|3,False,0.5,False,True,False
chảy,nfc,1,▁chảy,,True,1.0,False,False,False
chảy,nfd,3,▁cha|̉|y,2.5|3,False,0.5,False,True,False
chấm,nfc,1,▁chấm,,True,1.0,False,False,False
chấm,nfd,4,▁cha|̂|́|m,2.5|2.5|3,False,0.3333333333333333,False,True,False
chấn,nfc,2,▁ch|ấn,2,False,1.0,True,False,False
chấn,nfd,3,▁cha|̂|́n,2.5|2.5,False,0.0,False,False,False
chấp,nfc,1,▁chấp,,True,1.0,False,False,False
chấp,nfd,4,▁cha|̂|́|p,2.5|2.5|3,False,0.3333333333333333,False,True,False
chất,nfc,1,▁chất,,True,1.0,False,False,False
chất,nfd,3,▁cha|̂|́t,2.5|2.5,False,0.0,False,False,False
chấu,nfc,2,▁ch|ấu,2,False,1.0,True,False,False
chấu,nfd,4,▁cha|̂|́|u,2.5|2.5|3,False,0.3333333333333333,False,True,False
chấy,nfc,2,▁ch|ấy,2,False,1.0,True,False,False
chấy,nfd,4,▁cha|̂|́|y,2.5|2.5|3,False,0.3333333333333333,False,True,False
chầm,nfc,2,▁ch|ầm,2,False,1.0,True,False,False
chầm,nfd,4,▁cha|̂|̀|m,2.5|2.5|3,False,0.3333333333333333,False,True,False
chần,nfc,2,▁ch|ần,2,False,1.0,True,False,False
chần,nfd,3,▁cha|̂|̀n,2.5|2.5,False,0.0,False,False,False
chầu,nfc,2,▁ch|ầu,2,False,1.0,True,False,False
chầu,nfd,3,▁cha|̂|̀u,2.5|2.5,False,0.0,False,False,False
chầy,nfc,2,▁ch|ầy,2,False,1.0,True,False,False
chầy,nfd,4,▁cha|̂|̀|y,2.5|2.5|3,False,0.3333333333333333,False,True,False
chẩm,nfc,2,▁ch|ẩm,2,False,1.0,True,False,False
chẩm,nfd,4,▁cha|̂|̉|m,2.5|2.5|3,False,0.3333333333333333,False,True,False
chẩn,nfc,2,▁ch|ẩn,2,False,1.0,True,False,False
chẩn,nfd,4,▁cha|̂|̉|n,2.5|2.5|3,False,0.3333333333333333,False,True,False
chẫu,nfc,2,▁ch|ẫu,2,False,1.0,True,False,False
chẫu,nfd,4,▁cha|̂|̃|u,2.5|2.5|3,False,0.3333333333333333,False,True,False
chậc,nfc,2,▁ch|ậc,2,False,1.0,True,False,False
chậc,nfd,4,▁cha|̣|̂|c,2.5|2.5|3,False,0.3333333333333333,False,True,False
chậm,nfc,1,▁chậm,,True,1.0,False,False,False
chậm,nfd,4,▁cha|̣|̂|m,2.5|2.5|3,False,0.3333333333333333,False,True,False
chận,nfc,2,▁ch|ận,2,False,1.0,True,False,False
chận,nfd,4,▁cha|̣|̂|n,2.5|2.5|3,False,0.3333333333333333,False,True,False
chập,nfc,2,▁ch|ập,2,False,1.0,True,False,False
chập,nfd,4,▁cha|̣|̂|p,2.5|2.5|3,False,0.3333333333333333,False,True,False
chật,nfc,2,▁ch|ật,2,False,1.0,True,False,False
chật,nfd,4,▁cha|̣|̂|t,2.5|2.5|3,False,0.3333333333333333,False,True,False
chậu,nfc,2,▁ch|ậu,2,False,1.0,True,False,False
chậu,nfd,4,▁cha|̣|̂|u,2.5|2.5|3,False,0.3333333333333333,False,True,False
chắc,nfc,1,▁chắc,,True,1.0,False,False,False
chắc,nfd,3,▁cha|̆|́c,2.5|2.5,False,0.0,False,False,False
chắm,nfc,2,▁ch|ắm,2,False,1.0,True,False,False
chắm,nfd,4,▁cha|̆|́|m,2.5|2.5|3,False,0.3333333333333333,False,True,False
chắn,nfc,1,▁chắn,,True,1.0,False,False,False
chắn,nfd,3,▁cha|̆|́n,2.5|2.5,False,0.0,False,False,False
chắp,nfc,2,▁ch|ắp,2,False,1.0,True,False,False
chắp,nfd,4,▁cha|̆|́|p,2.5|2.5|3,False,0.3333333333333333,False,True,False
chắt,nfc,2,▁ch|ắt,2,False,1.0,True,False,False
chắt,nfd,3,▁cha|̆|́t,2.5|2.5,False,0.0,False,False,False
chằm,nfc,2,▁ch|ằm,2,False,1.0,True,False,False
chằm,nfd,4,▁cha|̆|̀|m,2.5|2.5|3,False,0.3333333333333333,False,True,False
chằn,nfc,3,▁ch|ằ|n,2|3,False,1.0,True,False,False
chằn,nfd,3,▁cha|̆|̀n,2.5|2.5,False,0.0,False,False,False
chằng,nfc,2,▁ch|ằng,2,False,1.0,True,False,False
chằng,nfd,3,▁cha|̆|̀ng,2.5|2.5,False,0.0,False,False,False
chẳng,nfc,1,▁chẳng,,True,1.0,False,False,False
chẳng,nfd,4,▁cha|̆|̉|ng,2.5|2.5|3,False,0.3333333333333333,False,True,False
chẵn,nfc,2,▁ch|ẵn,2,False,1.0,True,False,False
chẵn,nfd,4,▁cha|̆|̃|n,2.5|2.5|3,False,0.3333333333333333,False,True,False
chặc,nfc,2,▁ch|ặc,2,False,1.0,True,False,False
chặc,nfd,4,▁cha|̣|̆|c,2.5|2.5|3,False,0.3333333333333333,False,True,False
chặm,nfc,3,▁ch|ặ|m,2|3,False,1.0,True,False,False
chặm,nfd,4,▁cha|̣|̆|m,2.5|2.5|3,False,0.3333333333333333,False,True,False
chặn,nfc,2,▁ch|ặn,2,False,1.0,True,False,False
chặn,nfd,4,▁cha|̣|̆|n,2.5|2.5|3,False,0.3333333333333333,False,True,False
chặng,nfc,2,▁ch|ặng,2,False,1.0,True,False,False
chặng,nfd,4,▁cha|̣|̆|ng,2.5|2.5|3,False,0.3333333333333333,False,True,False
chặp,nfc,2,▁ch|ặp,2,False,1.0,True,False,False
chặp,nfd,4,▁cha|̣|̆|p,2.5|2.5|3,False,0.3333333333333333,False,True,False
chặt,nfc,1,▁chặt,,True,1.0,False,False,False
chặt,nfd,4,▁cha|̣|̆|t,2.5|2.5|3,False,0.3333333333333333,False,True,False
chẹn,nfc,2,▁ch|ẹn,2,False,1.0,True,False,False
chẹn,nfd,2,▁che|̣n,2.5,False,0.0,False,False,False
chẹo,nfc,2,▁ch|ẹo,2,False,1.0,True,False,False
chẹo,nfd,3,▁che|̣|o,2.5|3,False,0.5,False,True,False
chẹp,nfc,2,▁ch|ẹp,2,False,1.0,True,False,False
chẹp,nfd,3,▁che|̣|p,2.5|3,False,0.5,False,True,False
chẹt,nfc,3,▁ch|ẹ|t,2|3,False,1.0,True,False,False
chẹt,nfd,2,▁che|̣t,2.5,False,0.0,False,False,False
chẻ,nfc,2,▁ch|ẻ,2,False,1.0,True,False,False
chẻ,nfd,2,▁che|̉,2.5,False,0.0,False,True,False
chẻm,nfc,3,▁ch|ẻ|m,2|3,False,1.0,True,False,False
chẻm,nfd,3,▁che|̉|m,2.5|3,False,0.5,False,True,False
chẻn,nfc,3,▁ch|ẻ|n,2|3,False,1.0,True,False,False
chẻn,nfd,3,▁che|̉|n,2.5|3,False,0.5,False,True,False
chẻo,nfc,2,▁ch|ẻo,2,False,1.0,True,False,False
chẻo,nfd,3,▁che|̉|o,2.5|3,False,0.5,False,True,False
chẽ,nfc,2,▁ch|ẽ,2,False,1.0,True,False,False
chẽ,nfd,2,▁che|̃,2.5,False,0.0,False,True,False
chẽn,nfc,3,▁ch|ẽ|n,2|3,False,1.0,True,False,False
chẽn,nfd,3,▁che|̃|n,2.5|3,False,0.5,False,True,False
chế,nfc,1,▁chế,,True,1.0,False,False,False
chế,nfd,3,▁che|̂|́,2.5|2.5,False,0.0,False,True,False
chếch,nfc,2,▁chế|ch,3,False,1.0,False,False,False
chếch,nfd,4,▁che|̂|́|ch,2.5|2.5|3,False,0.3333333333333333,False,True,False
chếnh,nfc,2,▁chế|nh,3,False,1.0,False,False,False
chếnh,nfd,4,▁che|̂|́|nh,2.5|2.5|3,False,0.3333333333333333,False,True,False
chết,nfc,1,▁chết,,True,1.0,False,False,False
chết,nfd,3,▁che|̂|́t,2.5|2.5,False,0.0,False,False,False
chề,nfc,2,▁ch|ề,2,False,1.0,True,False,False
chề,nfd,3,▁che|̂|̀,2.5|2.5,False,0.0,False,True,False
chềm,nfc,2,▁ch|ềm,2,False,1.0,True,False,False
chềm,nfd,4,▁che|̂|̀|m,2.5|2.5|3,False,0.3333333333333333,False,True,False
chềnh,nfc,3,▁ch|ề|nh,2|3,False,1.0,True,False,False
chềnh,nfd,3,▁che|̂|̀nh,2.5|2.5,False,0.0,False,False,False
chểnh,nfc,3,▁ch|ể|nh,2|3,False,1.0,True,False,False
chểnh,nfd,4,▁che|̂|̉|nh,2.5|2.5|3,False,0.3333333333333333,False,True,False
chễm,nfc,2,▁ch|ễm,2,False,1.0,True,False,False
chễm,nfd,4,▁che|̂|̃|m,2.5|2.5|3,False,0.3333333333333333,False,True,False
chễnh,nfc,3,▁ch|ễ|nh,2|3,False,1.0,True,False,False
chễnh,nfd,4,▁che|̂|̃|nh,2.5|2.5|3,False,0.3333333333333333,False,True,False
chệ,nfc,2,▁ch|ệ,2,False,1.0,True,False,False
chệ,nfd,3,▁che|̣|̂,2.5|2.5,False,0.0,False,True,False
chệch,nfc,3,▁ch|ệ|ch,2|3,False,1.0,True,False,False
chệch,nfd,4,▁che|̣|̂|ch,2.5|2.5|3,False,0.3333333333333333,False,True,False
chện,nfc,2,▁ch|ện,2,False,1.0,True,False,False
chện,nfd,4,▁che|̣|̂|n,2.5|2.5|3,False,0.3333333333333333,False,True,False
chệnh,nfc,2,▁ch|ệnh,2,False,1.0,True,False,False
chệnh,nfd,4,▁che|̣|̂|nh,2.5|2.5|3,False,0.3333333333333333,False,True,False
chỉ,nfc,1,▁chỉ,,True,1.0,False,False,False
chỉ,nfd,2,▁chi|̉,2.5,False,0.0,False,True,False
chỉn,nfc,2,▁chỉ|n,3,False,1.0,False,False,False
chỉn,nfd,3,▁chi|̉|n,2.5|3,False,0.5,False,True,False
chỉnh,nfc,1,▁chỉnh,,True,1.0,False,False,False
chỉnh,nfd,3,▁chi|̉|nh,2.5|3,False,0.5,False,True,False
chị,nfc,1,▁chị,,True,1.0,False,False,False
chị,nfd,2,▁chi|̣,2.5,False,0.0,False,True,False
chịa,nfc,2,▁chị|a,3,False,0.0,False,False,False
chịa,nfd,3,▁chi|̣|a,2.5|3,False,0.0,False,True,False
chịt,nfc,2,▁chị|t,3,False,1.0,False,False,False
chịt,nfd,2,▁chi|̣t,2.5,False,0.0,False,False,False
chịu,nfc,1,▁chịu,,True,1.0,False,False,False
chịu,nfd,3,▁chi|̣|u,2.5|3,False,0.5,False,True,False
chọ,nfc,2,▁ch|ọ,2,False,1.0,True,False,False
chọ,nfd,2,▁cho|̣,2.5,False,0.0,False,True,False
chọc,nfc,2,▁ch|ọc,2,False,1.0,True,False,False
chọc,nfd,2,▁cho|̣c,2.5,False,0.0,False,False,False
chọi,nfc,2,▁ch|ọi,2,False,1.0,True,False,False
chọi,nfd,2,▁cho|̣i,2.5,False,0.0,False,False,False
chọn,nfc,1,▁chọn,,True,1.0,False,False,False
chọn,nfd,2,▁cho|̣n,2.5,False,0.0,False,False,False
chọt,nfc,2,▁ch|ọt,2,False,1.0,True,False,False
chọt,nfd,2,▁cho|̣t,2.5,False,0.0,False,False,False
chỏ,nfc,2,▁ch|ỏ,2,False,1.0,True,False,False
chỏ,nfd,2,▁cho|̉,2.5,False,0.0,False,True,False
chỏm,nfc,3,▁ch|ỏ|m,2|3,False,1.0,True,False,False
chỏm,nfd,3,▁cho|̉|m,2.5|3,False,0.5,False,True,False
chỏn,nfc,3,▁ch|ỏ|n,2|3,False,1.0,True,False,False
chỏn,nfd,3,▁cho|̉|n,2.5|3,False,0.5,False,True,False
chỏng,nfc,2,▁ch|ỏng,2,False,1.0,True,False,False
chỏng,nfd,3,▁cho|̉|ng,2.5|3,False,0.5,False,True,False
chốc,nfc,2,▁ch|ốc,2,False,1.0,True,False,False
chốc,nfd,3,▁cho|̂|́c,2.5|2.5,False,0.0,False,False,False
chối,nfc,2,▁ch|ối,2,False,1.0,True,False,False
chối,nfd,3,▁cho|̂|́i,2.5|2.5,False,0.0,False,False,False
chốn,nfc,2,▁ch|ốn,2,False,1.0,True,False,False
chốn,nfd,3,▁cho|̂|́n,2.5|2.5,False,0.0,False,False,False
chống,nfc,1,▁chống,,True,1.0,False,False,False
chống,nfd,3,▁cho|̂|́ng,2.5|2.5,False,0.0,False,False,False
chốp,nfc,2,▁ch|ốp,2,False,1.0,True,False,False
chốp,nfd,4,▁cho|̂|́|p,2.5|2.5|3,False,0.3333333333333333,False,True,False
chốt,nfc,2,▁ch|ốt,2,False,1.0,True,False,False
chốt,nfd,3,▁cho|̂|́t,2.5|2.5,False,0.0,False,False,False
chồ,nfc,2,▁ch|ồ,2,False,1.0,True,False,False
chồ,nfd,3,▁cho|̂|̀,2.5|2.5,False,0.0,False,True,False
chồi,nfc,2,▁ch|ồi,2,False,1.0,True,False,False
chồi,nfd,3,▁cho|̂|̀i,2.5|2.5,False,0.0,False,False,False
chồm,nfc,2,▁ch|ồm,2,False,1.0,True,False,False
chồm,nfd,4,▁cho|̂|̀|m,2.5|2.5|3,False,0.3333333333333333,False,True,False
chồn,nfc,2,▁ch|ồn,2,False,1.0,True,False,False
chồn,nfd,3,▁cho|̂|̀n,2.5|2.5,False,0.0,False,False,False
chồng,nfc,1,▁chồng,,True,1.0,False,False,False
chồng,nfd,3,▁cho|̂|̀ng,2.5|2.5,False,0.0,False,False,False
chổi,nfc,2,▁ch|ổi,2,False,1.0,True,False,False
chổi,nfd,4,▁cho|̂|̉|i,2.5|2.5|3,False,0.3333333333333333,False,True,False
chổng,nfc,2,▁ch|ổng,2,False,1.0,True,False,False
chổng,nfd,4,▁cho|̂|̉|ng,2.5|2.5|3,False,0.3333333333333333,False,True,False
chỗ,nfc,1,▁chỗ,,True,1.0,False,False,False
chỗ,nfd,3,▁cho|̂|̃,2.5|2.5,False,0.0,False,True,False
chỗm,nfc,2,▁chỗ|m,3,False,1.0,False,False,False
chỗm,nfd,4,▁cho|̂|̃|m,2.5|2.5|3,False,0.3333333333333333,False,True,False
chộ,nfc,2,▁ch|ộ,2,False,1.0,True,False,False
chộ,nfd,3,▁cho|̣|̂,2.5|2.5,False,0.0,False,True,False
chội,nfc,2,▁ch|ội,2,False,1.0,True,False,False
chội,nfd,4,▁cho|̣|̂|i,2.5|2.5|3,False,0.3333333333333333,False,True,False
chộn,nfc,2,▁ch|ộn,2,False,1.0,True,False,False
chộn,nfd,4,▁cho|̣|̂|n,2.5|2.5|3,False,0.3333333333333333,False,True,False
chộp,nfc,2,▁ch|ộp,2,False,1.0,True,False,False
chộp,nfd,4,▁cho|̣|̂|p,2.5|2.5|3,False,0.3333333333333333,False,True,False
chột,nfc,2,▁ch|ột,2,False,1.0,True,False,False
chột,nfd,4,▁cho|̣|̂|t,2.5|2.5|3,False,0.3333333333333333,False,True,False
chớ,nfc,2,▁ch|ớ,2,False,1.0,True,False,False
chớ,nfd,3,▁cho|̛|́,2.5|2.5,False,0.0,False,True,False
chới,nfc,2,▁ch|ới,2,False,1.0,True,False,False
chới,nfd,3,▁cho|̛|́i,2.5|2.5,False,0.0,False,False,False
chớm,nfc,2,▁ch|ớm,2,False,1.0,True,False,False
chớm,nfd,4,▁cho|̛|́|m,2.5|2.5|3,False,0.3333333333333333,False,True,False
chớp,nfc,2,▁ch|ớp,2,False,1.0,True,False,False
chớp,nfd,4,▁cho|̛|́|p,2.5|2.5|3,False,0.3333333333333333,False,True,False
chớt,nfc,2,▁ch|ớt,2,False,1.0,True,False,False
chớt,nfd,3,▁cho|̛|́t,2.5|2.5,False,0.0,False,False,False
chờ,nfc,1,▁chờ,,True,1.0,False,False,False
chờ,nfd,3,▁cho|̛|̀,2.5|2.5,False,0.0,False,True,False
chờm,nfc,2,▁chờ|m,3,False,1.0,False,False,False
chờm,nfd,4,▁cho|̛|̀|m,2.5|2.5|3,False,0.3333333333333333,False,True,False
chờn,nfc,2,▁chờ|n,3,False,1.0,False,False,False
chờn,nfd,3,▁cho|̛|̀n,2.5|2.5,False,0.0,False,False,False
chở,nfc,2,▁ch|ở,2,False,1.0,True,False,False
chở,nfd,3,▁cho|̛|̉,2.5|2.5,False,0.0,False,True,False
chởm,nfc,3,▁ch|ở|m,2|3,False,1.0,True,False,False
chởm,nfd,4,▁cho|̛|̉|m,2.5|2.5|3,False,0.3333333333333333,False,True,False
chợ,nfc,1,▁chợ,,True,1.0,False,False,False
chợ,nfd,3,▁cho|̛|̣,2.5|2.5,False,0.0,False,True,False
chợn,nfc,2,▁chợ|n,3,False,1.0,False,False,False
chợn,nfd,3,▁cho|̛|̣n,2.5|2.5,False,0.0,False,False,False
chợp,nfc,2,▁ch|ợp,2,False,1.0,True,False,False
chợp,nfd,4,▁cho|̛|̣|p,2.5|2.5|3,False,0.3333333333333333,False,True,False
chợt,nfc,2,▁chợ|t,3,False,1.0,False,False,False
chợt,nfd,3,▁cho|̛|̣t,2.5|2.5,False,0.0,False,False,False
chục,nfc,2,▁ch|ục,2,False,1.0,True,False,False
chục,nfd,2,▁chu|̣c,2.5,False,0.0,False,False,False
chụm,nfc,3,▁ch|ụ|m,2|3,False,1.0,True,False,False
chụm,nfd,3,▁chu|̣|m,2.5|3,False,0.5,False,True,False
chụp,nfc,1,▁chụp,,True,1.0,False,False,False
chụp,nfd,3,▁chu|̣|p,2.5|3,False,0.5,False,True,False
chụt,nfc,3,▁ch|ụ|t,2|3,False,1.0,True,False,False
chụt,nfd,2,▁chu|̣t,2.5,False,0.0,False,False,False
chủ,nfc,1,▁chủ,,True,1.0,False,False,False
chủ,nfd,2,▁chu|̉,2.5,False,0.0,False,True,False
chủn,nfc,2,▁chủ|n,3,False,1.0,False,False,False
chủn,nfd,3,▁chu|̉|n,2.5|3,False,0.5,False,True,False
chủng,nfc,2,▁chủ|ng,3,False,1.0,False,False,False
chủng,nfd,3,▁chu|̉|ng,2.5|3,False,0.5,False,True,False
chứ,nfc,1,▁chứ,,True,1.0,False,False,False
chứ,nfd,3,▁chu|̛|́,2.5|2.5,False,0.0,False,True,False
chứa,nfc,1,▁chứa,,True,1.0,False,False,False
chứa,nfd,4,▁chu|̛|́|a,2.5|2.5|3,False,0.0,False,True,False
chức,nfc,1,▁chức,,True,1.0,False,False,False
chức,nfd,3,▁chu|̛|́c,2.5|2.5,False,0.0,False,False,False
chứng,nfc,1,▁chứng,,True,1.0,False,False,False
chứng,nfd,3,▁chu|̛|́ng,2.5|2.5,False,0.0,False,False,False
chừ,nfc,2,▁ch|ừ,2,False,1.0,True,False,False
chừ,nfd,3,▁chu|̛|̀,2.5|2.5,False,0.0,False,True,False
chừa,nfc,2,▁ch|ừa,2,False,1.0,True,False,False
chừa,nfd,4,▁chu|̛|̀|a,2.5|2.5|3,False,0.0,False,True,False
chừng,nfc,2,▁ch|ừng,2,False,1.0,True,False,False
chừng,nfd,3,▁chu|̛|̀ng,2.5|2.5,False,0.0,False,False,False
chửa,nfc,2,▁ch|ửa,2,False,1.0,True,False,False
chửa,nfd,4,▁chu|̛|̉|a,2.5|2.5|3,False,0.0,False,True,False
chửi,nfc,2,▁ch|ửi,2,False,1.0,True,False,False
chửi,nfd,4,▁chu|̛|̉|i,2.5|2.5|3,False,0.3333333333333333,False,True,False
chửng,nfc,3,▁ch|ử|ng,2|3,False,1.0,True,False,False
chửng,nfd,4,▁chu|̛|̉|ng,2.5|2.5|3,False,0.3333333333333333,False,True,False
chữ,nfc,1,▁chữ,,True,1.0,False,False,False
chữ,nfd,3,▁chu|̛|̃,2.5|2.5,False,0.0,False,True,False
chữa,nfc,1,▁chữa,,True,1.0,False,False,False
chữa,nfd,4,▁chu|̛|̃|a,2.5|2.5|3,False,0.0,False,True,False
chững,nfc,2,▁ch|ững,2,False,1.0,True,False,False
chững,nfd,4,▁chu|̛|̃|ng,2.5|2.5|3,False,0.3333333333333333,False,True,False
chực,nfc,2,▁ch|ực,2,False,1.0,True,False,False
chực,nfd,3,▁chu|̛|̣c,2.5|2.5,False,0.0,False,False,False
co,nfc,1,▁co,,True,1.0,False,False,False
co,nfd,1,▁co,,True,1.0,False,False,False
coi,nfc,1,▁coi,,True,1.0,False,False,False
coi,nfd,1,▁coi,,True,1.0,False,False,False
com,nfc,1,▁com,,True,1.0,False,False,False
com,nfd,1,▁com,,True,1.0,False,False,False
con,nfc,1,▁con,,True,1.0,False,False,False
con,nfd,1,▁con,,True,1.0,False,False,False
cong,nfc,1,▁cong,,True,1.0,False,False,False
cong,nfd,1,▁cong,,True,1.0,False,False,False
coong,nfc,2,▁co|ong,2,False,0.0,False,False,False
coong,nfd,2,▁co|ong,2,False,0.0,False,False,False
coóc,nfc,2,▁co|óc,2,False,0.0,False,False,False
coóc,nfd,2,▁coo|́c,2.5,False,0.0,False,False,False
cu,nfc,1,▁cu,,True,1.0,False,False,False
cu,nfd,1,▁cu,,True,1.0,False,False,False
cua,nfc,1,▁cua,,True,1.0,False,False,False
cua,nfd,1,▁cua,,True,1.0,False,False,False
cui,nfc,1,▁cui,,True,1.0,False,False,False
cui,nfd,1,▁cui,,True,1.0,False,False,False
cum,nfc,1,▁cum,,True,1.0,False,False,False
cum,nfd,1,▁cum,,True,1.0,False,False,False
cun,nfc,1,▁cun,,True,1.0,False,False,False
cun,nfd,1,▁cun,,True,1.0,False,False,False
cung,nfc,1,▁cung,,True,1.0,False,False,False
cung,nfd,1,▁cung,,True,1.0,False,False,False
cuốc,nfc,2,▁cu|ốc,2,False,0.0,False,False,False
cuốc,nfd,4,▁cu|o|̂|́c,2|2.5|2.5,False,0.0,False,False,False
cuối,nfc,1,▁cuối,,True,1.0,False,False,False
cuối,nfd,4,▁cu|o|̂|́i,2|2.5|2.5,False,0.0,False,False,False
cuốn,nfc,1,▁cuốn,,True,1.0,False,False,False
cuốn,nfd,4,▁cu|o|̂|́n,2|2.5|2.5,False,0.0,False,False,False
cuống,nfc,2,▁cu|ống,2,False,0.0,False,False,False
cuống,nfd,4,▁cu|o|̂|́ng,2|2.5|2.5,False,0.0,False,False,False
cuồn,nfc,2,▁cu|ồn,2,False,0.0,False,False,False
cuồn,nfd,4,▁cu|o|̂|̀n,2|2.5|2.5,False,0.0,False,False,False
cuồng,nfc,2,▁cu|ồng,2,False,0.0,False,False,False
cuồng,nfd,4,▁cu|o|̂|̀ng,2|2.5|2.5,False,0.0,False,False,False
cuỗm,nfc,3,▁cu|ỗ|m,2|3,False,0.5,False,False,False
cuỗm,nfd,5,▁cu|o|̂|̃|m,2|2.5|2.5|3,False,0.25,False,True,False
cuộc,nfc,1,▁cuộc,,True,1.0,False,False,False
cuộc,nfd,5,▁cu|o|̣|̂|c,2|2.5|2.5|3,False,0.25,False,True,False
cuội,nfc,2,▁cu|ội,2,False,0.0,False,False,False
cuội,nfd,5,▁cu|o|̣|̂|i,2|2.5|2.5|3,False,0.25,False,True,False
cuộn,nfc,2,▁cu|ộn,2,False,0.0,False,False,False
cuộn,nfd,5,▁cu|o|̣|̂|n,2|2.5|2.5|3,False,0.25,False,True,False
cuộng,nfc,2,▁cu|ộng,2,False,0.0,False,False,False
cuộng,nfd,5,▁cu|o|̣|̂|ng,2|2.5|2.5|3,False,0.25,False,True,False
cà,nfc,1,▁cà,,True,1.0,False,False,False
cà,nfd,2,▁ca|̀,1.5,False,0.0,False,True,False
cài,nfc,1,▁cài,,True,1.0,False,False,False
cài,nfd,2,▁ca|̀i,1.5,False,0.0,False,False,False
càn,nfc,2,▁c|àn,1,False,1.0,True,False,False
càn,nfd,2,▁ca|̀n,1.5,False,0.0,False,False,False
càng,nfc,1,▁càng,,True,1.0,False,False,False
càng,nfd,2,▁ca|̀ng,1.5,False,0.0,False,False,False
cành,nfc,2,▁c|ành,1,False,1.0,True,False,False
cành,nfd,2,▁ca|̀nh,1.5,False,0.0,False,False,False
cào,nfc,2,▁c|ào,1,False,1.0,True,False,False
cào,nfd,3,▁ca|̀|o,1.5|2,False,0.5,False,True,False
càu,nfc,2,▁c|àu,1,False,1.0,True,False,False
càu,nfd,2,▁ca|̀u,1.5,False,0.0,False,False,False
cày,nfc,2,▁c|ày,1,False,1.0,True,False,False
cày,nfd,3,▁ca|̀|y,1.5|2,False,0.5,False,True,False
cá,nfc,1,▁cá,,True,1.0,False,False,False
cá,nfd,2,▁ca|́,1.5,False,0.0,False,True,False
các,nfc,1,▁các,,True,1.0,False,False,False
các,nfd,2,▁ca|́c,1.5,False,0.0,False,False,False
cách,nfc,1,▁cách,,True,1.0,False,False,False
cách,nfd,3,▁ca|́|ch,1.5|2,False,0.5,False,True,False
cái,nfc,1,▁cái,,True,1.0,False,False,False
cái,nfd,2,▁ca|́i,1.5,False,0.0,False,False,False
cám,nfc,2,▁cá|m,2,False,1.0,False,False,False
cám,nfd,3,▁ca|́|m,1.5|2,False,0.5,False,True,False
cán,nfc,1,▁cán,,True,1.0,False,False,False
cán,nfd,2,▁ca|́n,1.5,False,0.0,False,False,False
cáng,nfc,2,▁cá|ng,2,False,1.0,False,False,False
cáng,nfd,2,▁ca|́ng,1.5,False,0.0,False,False,False
cánh,nfc,1,▁cánh,,True,1.0,False,False,False
cánh,nfd,3,▁ca|́|nh,1.5|2,False,0.5,False,True,False
cáo,nfc,1,▁cáo,,True,1.0,False,False,False
cáo,nfd,3,▁ca|́|o,1.5|2,False,0.5,False,True,False
cáp,nfc,1,▁cáp,,True,1.0,False,False,False
cáp,nfd,3,▁ca|́|p,1.5|2,False,0.5,False,True,False
cát,nfc,1,▁cát,,True,1.0,False,False,False
cát,nfd,2,▁ca|́t,1.5,False,0.0,False,False,False
cáu,nfc,2,▁cá|u,2,False,1.0,False,False,False
cáu,nfd,3,▁ca|́|u,1.5|2,False,0.5,False,True,False
cáy,nfc,2,▁cá|y,2,False,1.0,False,False,False
cáy,nfd,3,▁ca|́|y,1.5|2,False,0.5,False,True,False
câm,nfc,2,▁c|âm,1,False,1.0,True,False,False
câm,nfd,3,▁ca|̂|m,1.5|2,False,0.5,False,False,False
cân,nfc,1,▁cân,,True,1.0,False,False,False
cân,nfd,3,▁ca|̂|n,1.5|2,False,0.5,False,False,False
câng,nfc,2,▁câ|ng,2,False,1.0,False,False,False
câng,nfd,3,▁ca|̂|ng,1.5|2,False,0.5,False,False,False
câu,nfc,1,▁câu,,True,1.0,False,False,False
câu,nfd,3,▁ca|̂|u,1.5|2,False,0.5,False,False,False
cây,nfc,1,▁cây,,True,1.0,False,False,False
cây,nfd,3,▁ca|̂|y,1.5|2,False,0.5,False,False,False
cãi,nfc,2,▁c|ãi,1,False,1.0,True,False,False
cãi,nfd,3,▁ca|̃|i,1.5|2,False,0.5,False,True,False
cò,nfc,2,▁c|ò,1,False,1.0,True,False,False
cò,nfd,2,▁co|̀,1.5,False,0.0,False,True,False
còi,nfc,2,▁c|òi,1,False,1.0,True,False,False
còi,nfd,2,▁co|̀i,1.5,False,0.0,False,False,False
còm,nfc,2,▁c|òm,1,False,1.0,True,False,False
còm,nfd,3,▁co|̀|m,1.5|2,False,0.5,False,True,False
còn,nfc,1,▁còn,,True,1.0,False,False,False
còn,nfd,2,▁co|̀n,1.5,False,0.0,False,False,False
còng,nfc,2,▁c|òng,1,False,1.0,True,False,False
còng,nfd,2,▁co|̀ng,1.5,False,0.0,False,False,False
có,nfc,1,▁có,,True,1.0,False,False,False
có,nfd,2,▁co|́,1.5,False,0.0,False,True,False
cóc,nfc,1,▁cóc,,True,1.0,False,False,False
cóc,nfd,2,▁co|́c,1.5,False,0.0,False,False,False
cói,nfc,2,▁có|i,2,False,1.0,False,False,False
cói,nfd,2,▁co|́i,1.5,False,0.0,False,False,False
cóng,nfc,2,▁có|ng,2,False,1.0,False,False,False
cóng,nfd,2,▁co|́ng,1.5,False,0.0,False,False,False
cóp,nfc,2,▁có|p,2,False,1.0,False,False,False
cóp,nfd,3,▁co|́|p,1.5|2,False,0.5,False,True,False
cót,nfc,2,▁có|t,2,False,1.0,False,False,False
cót,nfd,2,▁co|́t,1.5,False,0.0,False,False,False
cô,nfc,1,▁cô,,True,1.0,False,False,False
cô,nfd,2,▁co|̂,1.5,False,0.0,False,False,False
côi,nfc,2,▁c|ôi,1,False,1.0,True,False,False
côi,nfd,3,▁co|̂|i,1.5|2,False,0.5,False,False,False
côm,nfc,2,▁cô|m,2,False,1.0,False,False,False
côm,nfd,3,▁co|̂|m,1.5|2,False,0.5,False,False,False
côn,nfc,1,▁côn,,True,1.0,False,False,False
côn,nfd,3,▁co|̂|n,1.5|2,False,0.5,False,False,False
công,nfc,1,▁công,,True,1.0,False,False,False
công,nfd,3,▁co|̂|ng,1.5|2,False,0.5,False,False,False
cõi,nfc,2,▁c|õi,1,False,1.0,True,False,False
cõi,nfd,3,▁co|̃|i,1.5|2,False,0.5,False,True,False
cõng,nfc,3,▁c|õ|ng,1|2,False,1.0,True,False,False
cõng,nfd,3,▁co|̃|ng,1.5|2,False,0.5,False,True,False
cù,nfc,2,▁c|ù,1,False,1.0,True,False,False
cù,nfd,2,▁cu|̀,1.5,False,0.0,False,True,False
cùi,nfc,2,▁c|ùi,1,False,1.0,True,False,False
cùi,nfd,2,▁cu|̀i,1.5,False,0.0,False,False,False
cùm,nfc,2,▁c|ùm,1,False,1.0,True,False,False
cùm,nfd,3,▁cu|̀|m,1.5|2,False,0.5,False,True,False
cùn,nfc,2,▁c|ùn,1,False,1.0,True,False,False
cùn,nfd,2,▁cu|̀n,1.5,False,0.0,False,False,False
cùng,nfc,1,▁cùng,,True,1.0,False,False,False
cùng,nfd,2,▁cu|̀ng,1.5,False,0.0,False,False,False
cú,nfc,1,▁cú,,True,1.0,False,False,False
cú,nfd,2,▁cu|́,1.5,False,0.0,False,True,False
cúa,nfc,2,▁c|úa,1,False,1.0,True,False,False
cúa,nfd,3,▁cu|́|a,1.5|2,False,0.0,False,True,False
cúc,nfc,2,▁c|úc,1,False,1.0,True,False,False
cúc,nfd,2,▁cu|́c,1.5,False,0.0,False,False,False
cúi,nfc,2,▁c|úi,1,False,1.0,True,False,False
cúi,nfd,2,▁cu|́i,1.5,False,0.0,False,False,False
cúm,nfc,2,▁cú|m,2,False,1.0,False,False,False
cúm,nfd,3,▁cu|́|m,1.5|2,False,0.5,False,True,False
cúng,nfc,2,▁c|úng,1,False,1.0,True,False,False
cúng,nfd,2,▁cu|́ng,1.5,False,0.0,False,False,False
cúp,nfc,1,▁cúp,,True,1.0,False,False,False
cúp,nfd,3,▁cu|́|p,1.5|2,False,0.5,False,True,False
cút,nfc,2,▁c|út,1,False,1.0,True,False,False
cút,nfd,2,▁cu|́t,1.5,False,0.0,False,False,False
căm,nfc,2,▁c|ăm,1,False,1.0,True,False,False
căm,nfd,3,▁ca|̆|m,1.5|2,False,0.5,False,False,False
căn,nfc,1,▁căn,,True,1.0,False,False,False
căn,nfd,3,▁ca|̆|n,1.5|2,False,0.5,False,False,False
căng,nfc,1,▁căng,,True,1.0,False,False,False
căng,nfd,3,▁ca|̆|ng,1.5|2,False,0.5,False,False,False
cũ,nfc,1,▁cũ,,True,1.0,False,False,False
cũ,nfd,2,▁cu|̃,1.5,False,0.0,False,True,False
cũi,nfc,2,▁cũ|i,2,False,1.0,False,False,False
cũi,nfd,3,▁cu|̃|i,1.5|2,False,0.5,False,True,False
cũn,nfc,2,▁cũ|n,2,False,1.0,False,False,False
cũn,nfd,3,▁cu|̃|n,1.5|2,False,0.5,False,True,False
cũng,nfc,1,▁cũng,,True,1.0,False,False,False
cũng,nfd,3,▁cu|̃|ng,1.5|2,False,0.5,False,True,False
cơ,nfc,1,▁cơ,,True,1.0,False,False,False
cơ,nfd,2,▁co|̛,1.5,False,0.0,False,False,False
cơi,nfc,2,▁c|ơi,1,False,1.0,True,False,False
cơi,nfd,3,▁co|̛|i,1.5|2,False,0.5,False,False,False
cơm,nfc,1,▁cơm,,True,1.0,False,False,False
cơm,nfd,3,▁co|̛|m,1.5|2,False,0.5,False,False,False
cơn,nfc,1,▁cơn,,True,1.0,False,False,False
cơn,nfd,3,▁co|̛|n,1.5|2,False,0.5,False,False,False
cư,nfc,1,▁cư,,True,1.0,False,False,False
cư,nfd,2,▁cu|̛,1.5,False,0.0,False,False,False
cưa,nfc,2,▁c|ưa,1,False,1.0,True,False,False
cưa,nfd,3,▁cu|̛|a,1.5|2,False,0.0,False,False,False
cưng,nfc,2,▁c|ưng,1,False,1.0,True,False,False
cưng,nfd,3,▁cu|̛|ng,1.5|2,False,0.5,False,False,False
cưu,nfc,2,▁c|ưu,1,False,1.0,True,False,False
cưu,nfd,3,▁cu|̛|u,1.5|2,False,0.5,False,False,False
cương,nfc,1,▁cương,,True,1.0,False,False,False
cương,nfd,5,▁cu|̛|o|̛|ng,1.5|2|2.5|3,False,0.25,False,False,False
cước,nfc,2,▁c|ước,1,False,1.0,True,False,False
cước,nfd,5,▁cu|̛|o|̛|́c,1.5|2|2.5|2.5,False,0.0,False,False,False
cưới,nfc,1,▁cưới,,True,1.0,False,False,False
cưới,nfd,5,▁cu|̛|o|̛|́i,1.5|2|2.5|2.5,False,0.0,False,False,False
cướp,nfc,2,▁c|ướp,1,False,1.0,True,False,False
cướp,nfd,6,▁cu|̛|o|̛|́|p,1.5|2|2.5|2.5|3,False,0.2,False,True,False
cười,nfc,1,▁cười,,True,1.0,False,False,False
cười,nfd,5,▁cu|̛|o|̛|̀i,1.5|2|2.5|2.5,False,0.0,False,False,False
cườm,nfc,3,▁c|ườ|m,1|3,False,1.0,True,False,False
cườm,nfd,6,▁cu|̛|o|̛|̀|m,1.5|2|2.5|2.5|3,False,0.2,False,True,False
cường,nfc,1,▁cường,,True,1.0,False,False,False
cường,nfd,5,▁cu|̛|o|̛|̀ng,1.5|2|2.5|2.5,False,0.0,False,False,False
cưỡi,nfc,2,▁cư|ỡi,2,False,0.0,False,False,False
cưỡi,nfd,6,▁cu|̛|o|̛|̃|i,1.5|2|2.5|2.5|3,False,0.2,False,True,False
cưỡng,nfc,2,▁cư|ỡng,2,False,0.0,False,False,False
cưỡng,nfd,6,▁cu|̛|o|̛|̃|ng,1.5|2|2.5|2.5|3,False,0.2,False,True,False
cạ,nfc,2,▁c|ạ,1,False,1.0,True,False,False
cạ,nfd,2,▁ca|̣,1.5,False,0.0,False,True,False
cạc,nfc,2,▁c|ạc,1,False,1.0,True,False,False
cạc,nfd,2,▁ca|̣c,1.5,False,0.0,False,False,False
cạch,nfc,2,▁c|ạch,1,False,1.0,True,False,False
cạch,nfd,3,▁ca|̣|ch,1.5|2,False,0.5,False,True,False
cạm,nfc,2,▁c|ạm,1,False,1.0,True,False,False
cạm,nfd,3,▁ca|̣|m,1.5|2,False,0.5,False,True,False
cạn,nfc,2,▁c|ạn,1,False,1.0,True,False,False
cạn,nfd,2,▁ca|̣n,1.5,False,0.0,False,False,False
cạnh,nfc,1,▁cạnh,,True,1.0,False,False,False
cạnh,nfd,3,▁ca|̣|nh,1.5|2,False,0.5,False,True,False
cạo,nfc,2,▁c|ạo,1,False,1.0,True,False,False
cạo,nfd,3,▁ca|̣|o,1.5|2,False,0.5,False,True,False
cạp,nfc,2,▁c|ạp,1,False,1.0,True,False,False
cạp,nfd,3,▁ca|̣|p,1.5|2,False,0.5,False,True,False
cạu,nfc,3,▁c|ạ|u,1|2,False,1.0,True,False,False
cạu,nfd,3,▁ca|̣|u,1.5|2,False,0.5,False,True,False
cạy,nfc,2,▁c|ạy,1,False,1.0,True,False,False
cạy,nfd,3,▁ca|̣|y,1.5|2,False,0.5,False,True,False
cả,nfc,1,▁cả,,True,1.0,False,False,False
cả,nfd,2,▁ca|̉,1.5,False,0.0,False,True,False
cải,nfc,1,▁cải,,True,1.0,False,False,False
cải,nfd,3,▁ca|̉|i,1.5|2,False,0.5,False,True,False
cảm,nfc,1,▁cảm,,True,1.0,False,False,False
cảm,nfd,3,▁ca|̉|m,1.5|2,False,0.5,False,True,False
cản,nfc,2,▁c|ản,1,False,1.0,True,False,False
cản,nfd,3,▁ca|̉|n,1.5|2,False,0.5,False,True,False
cảng,nfc,2,▁cả|ng,2,False,1.0,False,False,False
cảng,nfd,3,▁ca|̉|ng,1.5|2,False,0.5,False,True,False
cảnh,nfc,1,▁cảnh,,True,1.0,False,False,False
cảnh,nfd,3,▁ca|̉|nh,1.5|2,False,0.5,False,True,False
cảo,nfc,2,▁c|ảo,1,False,1.0,True,False,False
cảo,nfd,3,▁ca|̉|o,1.5|2,False,0.5,False,True,False
cảu,nfc,2,▁cả|u,2,False,1.0,False,False,False
cảu,nfd,3,▁ca|̉|u,1.5|2,False,0.5,False,True,False
cảy,nfc,2,▁cả|y,2,False,1.0,False,False,False
cảy,nfd,3,▁ca|̉|y,1.5|2,False,0.5,False,True,False
cấc,nfc,2,▁c|ấc,1,False,1.0,True,False,False
cấc,nfd,3,▁ca|̂|́c,1.5|1.5,False,0.0,False,False,False
cấm,nfc,2,▁c|ấm,1,False,1.0,True,False,False
cấm,nfd,4,▁ca|̂|́|m,1.5|1.5|2,False,0.3333333333333333,False,True,False
cấn,nfc,2,▁c|ấn,1,False,1.0,True,False,False
cấn,nfd,3,▁ca|̂|́n,1.5|1.5,False,0.0,False,False,False
cấp,nfc,1,▁cấp,,True,1.0,False,False,False
cấp,nfd,4,▁ca|̂|́|p,1.5|1.5|2,False,0.3333333333333333,False,True,False
cất,nfc,2,▁c|ất,1,False,1.0,True,False,False
cất,nfd,3,▁ca|̂|́t,1.5|1.5,False,0.0,False,False,False
cấu,nfc,1,▁cấu,,True,1.0,False,False,False
cấu,nfd,4,▁ca|̂|́|u,1.5|1.5|2,False,0.3333333333333333,False,True,False
cấy,nfc,2,▁c|ấy,1,False,1.0,True,False,False
cấy,nfd,4,▁ca|̂|́|y,1.5|1.5|2,False,0.3333333333333333,False,True,False
cầm,nfc,1,▁cầm,,True,1.0,False,False,False
cầm,nfd,4,▁ca|̂|̀|m,1.5|1.5|2,False,0.3333333333333333,False,True,False
cần,nfc,1,▁cần,,True,1.0,False,False,False
cần,nfd,3,▁ca|̂|̀n,1.5|1.5,False,0.0,False,False,False
cầu,nfc,1,▁cầu,,True,1.0,False,False,False
cầu,nfd,3,▁ca|̂|̀u,1.5|1.5,False,0.0,False,False,False
cầy,nfc,2,▁c|ầy,1,False,1.0,True,False,False
cầy,nfd,4,▁ca|̂|̀|y,1.5|1.5|2,False,0.3333333333333333,False,True,False
cẩm,nfc,2,▁c|ẩm,1,False,1.0,True,False,False
cẩm,nfd,4,▁ca|̂|̉|m,1.5|1.5|2,False,0.3333333333333333,False,True,False
cẩn,nfc,2,▁c|ẩn,1,False,1.0,True,False,False
cẩn,nfd,4,▁ca|̂|̉|n,1.5|1.5|2,False,0.3333333333333333,False,True,False
cẩu,nfc,2,▁c|ẩu,1,False,1.0,True,False,False
cẩu,nfd,4,▁ca|̂|̉|u,1.5|1.5|2,False,0.3333333333333333,False,True,False
cẩy,nfc,2,▁c|ẩy,1,False,1.0,True,False,False
cẩy,nfd,4,▁ca|̂|̉|y,1.5|1.5|2,False,0.3333333333333333,False,True,False
cẫm,nfc,3,▁c|ẫ|m,1|2,False,1.0,True,False,False
cẫm,nfd,4,▁ca|̂|̃|m,1.5|1.5|2,False,0.3333333333333333,False,True,False
cẫn,nfc,2,▁c|ẫn,1,False,1.0,True,False,False
cẫn,nfd,4,▁ca|̂|̃|n,1.5|1.5|2,False,0.3333333333333333,False,True,False
cẫng,nfc,3,▁c|ẫ|ng,1|2,False,1.0,True,False,False
cẫng,nfd,4,▁ca|̂|̃|ng,1.5|1.5|2,False,0.3333333333333333,False,True,False
cận,nfc,1,▁cận,,True,1.0,False,False,False
cận,nfd,4,▁ca|̣|̂|n,1.5|1.5|2,False,0.3333333333333333,False,True,False
cập,nfc,1,▁cập,,True,1.0,False,False,False
cập,nfd,4,▁ca|̣|̂|p,1.5|1.5|2,False,0.3333333333333333,False,True,False
cật,nfc,2,▁c|ật,1,False,1.0,True,False,False
cật,nfd,4,▁ca|̣|̂|t,1.5|1.5|2,False,0.3333333333333333,False,True,False
cậu,nfc,1,▁cậu,,True,1.0,False,False,False
cậu,nfd,4,▁ca|̣|̂|u,1.5|1.5|2,False,0.3333333333333333,False,True,False
cậy,nfc,2,▁c|ậy,1,False,1.0,True,False,False
cậy,nfd,4,▁ca|̣|̂|y,1.5|1.5|2,False,0.3333333333333333,False,True,False
cắc,nfc,2,▁c|ắc,1,False,1.0,True,False,False
cắc,nfd,3,▁ca|̆|́c,1.5|1.5,False,0.0,False,False,False
cắm,nfc,1,▁cắm,,True,1.0,False,False,False
cắm,nfd,4,▁ca|̆|́|m,1.5|1.5|2,False,0.3333333333333333,False,True,False
cắn,nfc,2,▁c|ắn,1,False,1.0,True,False,False
cắn,nfd,3,▁ca|̆|́n,1.5|1.5,False,0.0,False,False,False
cắp,nfc,2,▁c|ắp,1,False,1.0,True,False,False
cắp,nfd,4,▁ca|̆|́|p,1.5|1.5|2,False,0.3333333333333333,False,True,False
cắt,nfc,1,▁cắt,,True,1.0,False,False,False
cắt,nfd,3,▁ca|̆|́t,1.5|1.5,False,0.0,False,False,False
cằm,nfc,2,▁c|ằm,1,False,1.0,True,False,False
cằm,nfd,4,▁ca|̆|̀|m,1.5|1.5|2,False,0.3333333333333333,False,True,False
cằn,nfc,3,▁c|ằ|n,1|2,False,1.0,True,False,False
cằn,nfd,3,▁ca|̆|̀n,1.5|1.5,False,0.0,False,False,False
cẳn,nfc,2,▁c|ẳn,1,False,1.0,True,False,False
cẳn,nfd,4,▁ca|̆|̉|n,1.5|1.5|2,False,0.3333333333333333,False,True,False
cẳng,nfc,2,▁c|ẳng,1,False,1.0,True,False,False
cẳng,nfd,4,▁ca|̆|̉|ng,1.5|1.5|2,False,0.3333333333333333,False,True,False
cẵng,nfc,2,▁c|ẵng,1,False,1.0,True,False,False
cẵng,nfd,4,▁ca|̆|̃|ng,1.5|1.5|2,False,0.3333333333333333,False,True,False
cặc,nfc,2,▁c|ặc,1,False,1.0,True,False,False
cặc,nfd,4,▁ca|̣|̆|c,1.5|1.5|2,False,0.3333333333333333,False,True,False
cặm,nfc,3,▁c|ặ|m,1|2,False,1.0,True,False,False
cặm,nfd,4,▁ca|̣|̆|m,1.5|1.5|2,False,0.3333333333333333,False,True,False
cặn,nfc,2,▁c|ặn,1,False,1.0,True,False,False
cặn,nfd,4,▁ca|̣|̆|n,1.5|1.5|2,False,0.3333333333333333,False,True,False
cặp,nfc,1,▁cặp,,True,1.0,False,False,False
cặp,nfd,4,▁ca|̣|̆|p,1.5|1.5|2,False,0.3333333333333333,False,True,False
cặt,nfc,2,▁c|ặt,1,False,1.0,True,False,False
cặt,nfd,4,▁ca|̣|̆|t,1.5|1.5|2,False,0.3333333333333333,False,True,False
cọ,nfc,2,▁c|ọ,1,False,1.0,True,False,False
cọ,nfd,2,▁co|̣,1.5,False,0.0,False,True,False
cọc,nfc,2,▁c|ọc,1,False,1.0,True,False,False
cọc,nfd,2,▁co|̣c,1.5,False,0.0,False,False,False
cọm,nfc,3,▁c|ọ|m,1|2,False,1.0,True,False,False
cọm,nfd,3,▁co|̣|m,1.5|2,False,0.5,False,True,False
cọn,nfc,2,▁c|ọn,1,False,1.0,True,False,False
cọn,nfd,2,▁co|̣n,1.5,False,0.0,False,False,False
cọng,nfc,2,▁c|ọng,1,False,1.0,True,False,False
cọng,nfd,2,▁co|̣ng,1.5,False,0.0,False,False,False
cọp,nfc,3,▁c|ọ|p,1|2,False,1.0,True,False,False
cọp,nfd,3,▁co|̣|p,1.5|2,False,0.5,False,True,False
cọt,nfc,2,▁c|ọt,1,False,1.0,True,False,False
cọt,nfd,2,▁co|̣t,1.5,False,0.0,False,False,False
cỏ,nfc,1,▁cỏ,,True,1.0,False,False,False
cỏ,nfd,2,▁co|̉,1.5,False,0.0,False,True,False
cỏi,nfc,2,▁c|ỏi,1,False,1.0,True,False,False
cỏi,nfd,3,▁co|̉|i,1.5|2,False,0.5,False,True,False
cỏm,nfc,2,▁cỏ|m,2,False,1.0,False,False,False
cỏm,nfd,3,▁co|̉|m,1.5|2,False,0.5,False,True,False
cỏn,nfc,2,▁cỏ|n,2,False,1.0,False,False,False
cỏn,nfd,3,▁co|̉|n,1.5|2,False,0.5,False,True,False
cỏng,nfc,2,▁c|ỏng,1,False,1.0,True,False,False
cỏng,nfd,3,▁co|̉|ng,1.5|2,False,0.5,False,True,False
cố,nfc,1,▁cố,,True,1.0,False,False,False
cố,nfd,3,▁co|̂|́,1.5|1.5,False,0.0,False,True,False
cốc,nfc,1,▁cốc,,True,1.0,False,False,False
cốc,nfd,3,▁co|̂|́c,1.5|1.5,False,0.0,False,False,False
cối,nfc,2,▁c|ối,1,False,1.0,True,False,False
cối,nfd,3,▁co|̂|́i,1.5|1.5,False,0.0,False,False,False
cốm,nfc,2,▁cố|m,2,False,1.0,False,False,False
cốm,nfd,4,▁co|̂|́|m,1.5|1.5|2,False,0.3333333333333333,False,True,False
cốn,nfc,2,▁c|ốn,1,False,1.0,True,False,False
cốn,nfd,3,▁co|̂|́n,1.5|1.5,False,0.0,False,False,False
cống,nfc,2,▁c|ống,1,False,1.0,True,False,False
cống,nfd,3,▁co|̂|́ng,1.5|1.5,False,0.0,False,False,False
cốp,nfc,2,▁c|ốp,1,False,1.0,True,False,False
cốp,nfd,4,▁co|̂|́|p,1.5|1.5|2,False,0.3333333333333333,False,True,False
cốt,nfc,1,▁cốt,,True,1.0,False,False,False
cốt,nfd,3,▁co|̂|́t,1.5|1.5,False,0.0,False,False,False
cồ,nfc,2,▁c|ồ,1,False,1.0,True,False,False
cồ,nfd,3,▁co|̂|̀,1.5|1.5,False,0.0,False,True,False
cồm,nfc,2,▁c|ồm,1,False,1.0,True,False,False
cồm,nfd,4,▁co|̂|̀|m,1.5|1.5|2,False,0.3333333333333333,False,True,False
cồn,nfc,2,▁c|ồn,1,False,1.0,True,False,False
cồn,nfd,3,▁co|̂|̀n,1.5|1.5,False,0.0,False,False,False
cồng,nfc,2,▁c|ồng,1,False,1.0,True,False,False
cồng,nfd,3,▁co|̂|̀ng,1.5|1.5,False,0.0,False,False,False
cổ,nfc,1,▁cổ,,True,1.0,False,False,False
cổ,nfd,3,▁co|̂|̉,1.5|1.5,False,0.0,False,True,False
cổi,nfc,2,▁c|ổi,1,False,1.0,True,False,False
cổi,nfd,4,▁co|̂|̉|i,1.5|1.5|2,False,0.3333333333333333,False,True,False
cổn,nfc,2,▁cổ|n,2,False,1.0,False,False,False
cổn,nfd,4,▁co|̂|̉|n,1.5|1.5|2,False,0.3333333333333333,False,True,False
cổng,nfc,1,▁cổng,,True,1.0,False,False,False
cổng,nfd,4,▁co|̂|̉|ng,1.5|1.5|2,False,0.3333333333333333,False,True,False
cỗ,nfc,2,▁c|ỗ,1,False,1.0,True,False,False
cỗ,nfd,3,▁co|̂|̃,1.5|1.5,False,0.0,False,True,False
cỗi,nfc,2,▁c|ỗi,1,False,1.0,True,False,False
cỗi,nfd,4,▁co|̂|̃|i,1.5|1.5|2,False,0.3333333333333333,False,True,False
cộ,nfc,2,▁c|ộ,1,False,1.0,True,False,False
cộ,nfd,3,▁co|̣|̂,1.5|1.5,False,0.0,False,True,False
cộc,nfc,2,▁c|ộc,1,False,1.0,True,False,False
cộc,nfd,4,▁co|̣|̂|c,1.5|1.5|2,False,0.3333333333333333,False,True,False
cội,nfc,2,▁c|ội,1,False,1.0,True,False,False
cội,nfd,4,▁co|̣|̂|i,1.5|1.5|2,False,0.3333333333333333,False,True,False
cộm,nfc,2,▁c|ộm,1,False,1.0,True,False,False
cộm,nfd,4,▁co|̣|̂|m,1.5|1.5|2,False,0.3333333333333333,False,True,False
cộn,nfc,2,▁c|ộn,1,False,1.0,True,False,False
cộn,nfd,4,▁co|̣|̂|n,1.5|1.5|2,False,0.3333333333333333,False,True,False
cộng,nfc,1,▁cộng,,True,1.0,False,False,False
cộng,nfd,4,▁co|̣|̂|ng,1.5|1.5|2,False,0.3333333333333333,False,True,False
cộp,nfc,2,▁c|ộp,1,False,1.0,True,False,False
cộp,nfd,4,▁co|̣|̂|p,1.5|1.5|2,False,0.3333333333333333,False,True,False
cột,nfc,1,▁cột,,True,1.0,False,False,False
cột,nfd,4,▁co|̣|̂|t,1.5|1.5|2,False,0.3333333333333333,False,True,False
cớ,nfc,2,▁c|ớ,1,False,1.0,True,False,False
cớ,nfd,3,▁co|̛|́,1.5|1.5,False,0.0,False,True,False
cớm,nfc,2,▁c|ớm,1,False,1.0,True,False,False
cớm,nfd,4,▁co|̛|́|m,1.5|1.5|2,False,0.3333333333333333,False,True,False
cớn,nfc,3,▁c|ớ|n,1|2,False,1.0,True,False,False
cớn,nfd,3,▁co|̛|́n,1.5|1.5,False,0.0,False,False,False
cớt,nfc,2,▁c|ớt,1,False,1.0,True,False,False
cớt,nfd,3,▁co|̛|́t,1.5|1.5,False,0.0,False,False,False
cờ,nfc,1,▁cờ,,True,1.0,False,False,False
cờ,nfd,3,▁co|̛|̀,1.5|1.5,False,0.0,False,True,False
cời,nfc,2,▁c|ời,1,False,1.0,True,False,False
cời,nfd,3,▁co|̛|̀i,1.5|1.5,False,0.0,False,False,False
cờn,nfc,2,▁cờ|n,2,False,1.0,False,False,False
cờn,nfd,3,▁co|̛|̀n,1.5|1.5,False,0.0,False,False,False
cởi,nfc,2,▁c|ởi,1,False,1.0,True,False,False
cởi,nfd,4,▁co|̛|̉|i,1.5|1.5|2,False,0.3333333333333333,False,True,False
cỡ,nfc,1,▁cỡ,,True,1.0,False,False,False
cỡ,nfd,3,▁co|̛|̃,1.5|1.5,False,0.0,False,True,False
cỡi,nfc,2,▁c|ỡi,1,False,1.0,True,False,False
cỡi,nfd,4,▁co|̛|̃|i,1.5|1.5|2,False,0.3333333333333333,False,True,False
cỡm,nfc,2,▁cỡ|m,2,False,1.0,False,False,False
cỡm,nfd,4,▁co|̛|̃|m,1.5|1.5|2,False,0.3333333333333333,False,True,False
cỡn,nfc,2,▁cỡ|n,2,False,1.0,False,False,False
cỡn,nfd,4,▁co|̛|̃|n,1.5|1.5|2,False,0.3333333333333333,False,True,False
cợn,nfc,2,▁c|ợn,1,False,1.0,True,False,False
cợn,nfd,3,▁co|̛|̣n,1.5|1.5,False,0.0,False,False,False
cợt,nfc,2,▁c|ợt,1,False,1.0,True,False,False
cợt,nfd,3,▁co|̛|̣t,1.5|1.5,False,0.0,False,False,False
cụ,nfc,1,▁cụ,,True,1.0,False,False,False
cụ,nfd,2,▁cu|̣,1.5,False,0.0,False,True,False
cục,nfc,1,▁cục,,True,1.0,False,False,False
cục,nfd,2,▁cu|̣c,1.5,False,0.0,False,False,False
cụi,nfc,2,▁cụ|i,2,False,1.0,False,False,False
cụi,nfd,2,▁cu|̣i,1.5,False,0.0,False,False,False
cụm,nfc,2,▁cụ|m,2,False,1.0,False,False,False
cụm,nfd,3,▁cu|̣|m,1.5|2,False,0.5,False,True,False
cụng,nfc,2,▁cụ|ng,2,False,1.0,False,False,False
cụng,nfd,2,▁cu|̣ng,1.5,False,0.0,False,False,False
cụp,nfc,2,▁c|ụp,1,False,1.0,True,False,False
cụp,nfd,3,▁cu|̣|p,1.5|2,False,0.5,False,True,False
cụt,nfc,2,▁cụ|t,2,False,1.0,False,False,False
cụt,nfd,2,▁cu|̣t,1.5,False,0.0,False,False,False
củ,nfc,1,▁củ,,True,1.0,False,False,False
củ,nfd,2,▁cu|̉,1.5,False,0.0,False,True,False
của,nfc,1,▁của,,True,1.0,False,False,False
của,nfd,3,▁cu|̉|a,1.5|2,False,0.0,False,True,False
củi,nfc,2,▁củ|i,2,False,1.0,False,False,False
củi,nfd,3,▁cu|̉|i,1.5|2,False,0.5,False,True,False
củn,nfc,2,▁củ|n,2,False,1.0,False,False,False
củn,nfd,3,▁cu|̉|n,1.5|2,False,0.5,False,True,False
củng,nfc,2,▁củ|ng,2,False,1.0,False,False,False
củng,nfd,3,▁cu|̉|ng,1.5|2,False,0.5,False,True,False
cứ,nfc,1,▁cứ,,True,1.0,False,False,False
cứ,nfd,3,▁cu|̛|́,1.5|1.5,False,0.0,False,True,False
cứa,nfc,2,▁cứ|a,2,False,0.0,False,False,False
cứa,nfd,4,▁cu|̛|́|a,1.5|1.5|2,False,0.0,False,True,False
cức,nfc,2,▁c|ức,1,False,1.0,True,False,False
cức,nfd,3,▁cu|̛|́c,1.5|1.5,False,0.0,False,False,False
cứng,nfc,1,▁cứng,,True,1.0,False,False,False
cứng,nfd,3,▁cu|̛|́ng,1.5|1.5,False,0.0,False,False,False
cứt,nfc,2,▁cứ|t,2,False,1.0,False,False,False
cứt,nfd,3,▁cu|̛|́t,1.5|1.5,False,0.0,False,False,False
cứu,nfc,1,▁cứu,,True,1.0,False,False,False
cứu,nfd,4,▁cu|̛|́|u,1.5|1.5|2,False,0.3333333333333333,False,True,False
cừ,nfc,2,▁c|ừ,1,False,1.0,True,False,False
cừ,nfd,3,▁cu|̛|̀,1.5|1.5,False,0.0,False,True,False
cừu,nfc,3,▁c|ừ|u,1|2,False,1.0,True,False,False
cừu,nfd,3,▁cu|̛|̀u,1.5|1.5,False,0.0,False,False,False
cử,nfc,1,▁cử,,True,1.0,False,False,False
cử,nfd,3,▁cu|̛|̉,1.5|1.5,False,0.0,False,True,False
cửa,nfc,1,▁cửa,,True,1.0,False,False,False
cửa,nfd,4,▁cu|̛|̉|a,1.5|1.5|2,False,0.0,False,True,False
cửi,nfc,2,▁c|ửi,1,False,1.0,True,False,False
cửi,nfd,4,▁cu|̛|̉|i,1.5|1.5|2,False,0.3333333333333333,False,True,False
cửng,nfc,2,▁cử|ng,2,False,1.0,False,False,False
cửng,nfd,4,▁cu|̛|̉|ng,1.5|1.5|2,False,0.3333333333333333,False,True,False
cửu,nfc,2,▁cử|u,2,False,1.0,False,False,False
cửu,nfd,4,▁cu|̛|̉|u,1.5|1.5|2,False,0.3333333333333333,False,True,False
cữ,nfc,2,▁c|ữ,1,False,1.0,True,False,False
cữ,nfd,3,▁cu|̛|̃,1.5|1.5,False,0.0,False,True,False
cữu,nfc,2,▁c|ữu,1,False,1.0,True,False,False
cữu,nfd,4,▁cu|̛|̃|u,1.5|1.5|2,False,0.3333333333333333,False,True,False
cự,nfc,2,▁c|ự,1,False,1.0,True,False,False
cự,nfd,3,▁cu|̛|̣,1.5|1.5,False,0.0,False,True,False
cựa,nfc,2,▁c|ựa,1,False,1.0,True,False,False
cựa,nfd,4,▁cu|̛|̣|a,1.5|1.5|2,False,0.0,False,True,False
cực,nfc,1,▁cực,,True,1.0,False,False,False
cực,nfd,3,▁cu|̛|̣c,1.5|1.5,False,0.0,False,False,False
cựu,nfc,2,▁c|ựu,1,False,1.0,True,False,False
cựu,nfd,4,▁cu|̛|̣|u,1.5|1.5|2,False,0.3333333333333333,False,True,False
da,nfc,1,▁da,,True,1.0,False,False,False
da,nfd,1,▁da,,True,1.0,False,False,False
dai,nfc,1,▁dai,,True,1.0,False,False,False
dai,nfd,1,▁dai,,True,1.0,False,False,False
dam,nfc,1,▁dam,,True,1.0,False,False,False
dam,nfd,1,▁dam,,True,1.0,False,False,False
dan,nfc,1,▁dan,,True,1.0,False,False,False
dan,nfd,1,▁dan,,True,1.0,False,False,False
dang,nfc,1,▁dang,,True,1.0,False,False,False
dang,nfd,1,▁dang,,True,1.0,False,False,False
danh,nfc,1,▁danh,,True,1.0,False,False,False
danh,nfd,1,▁danh,,True,1.0,False,False,False
dao,nfc,1,▁dao,,True,1.0,False,False,False
dao,nfd,1,▁dao,,True,1.0,False,False,False
day,nfc,1,▁day,,True,1.0,False,False,False
day,nfd,1,▁day,,True,1.0,False,False,False
de,nfc,1,▁de,,True,1.0,False,False,False
de,nfd,1,▁de,,True,1.0,False,False,False
deo,nfc,1,▁deo,,True,1.0,False,False,False
deo,nfd,1,▁deo,,True,1.0,False,False,False
di,nfc,1,▁di,,True,1.0,False,False,False
di,nfd,1,▁di,,True,1.0,False,False,False
dim,nfc,1,▁dim,,True,1.0,False,False,False
dim,nfd,1,▁dim,,True,1.0,False,False,False
dinh,nfc,1,▁dinh,,True,1.0,False,False,False
dinh,nfd,1,▁dinh,,True,1.0,False,False,False
diêm,nfc,2,▁di|êm,2,False,0.0,False,False,False
diêm,nfd,3,▁die|̂|m,2.5|3,False,0.5,False,False,False
diên,nfc,2,▁di|ên,2,False,0.0,False,False,False
diên,nfd,3,▁die|̂|n,2.5|3,False,0.5,False,False,False
diêu,nfc,2,▁di|êu,2,False,0.0,False,False,False
diêu,nfd,3,▁die|̂|u,2.5|3,False,0.5,False,False,False
diếc,nfc,2,▁di|ếc,2,False,0.0,False,False,False
diếc,nfd,3,▁die|̂|́c,2.5|2.5,False,0.0,False,False,False
diếp,nfc,2,▁di|ếp,2,False,0.0,False,False,False
diếp,nfd,4,▁die|̂|́|p,2.5|2.5|3,False,0.3333333333333333,False,True,False
diết,nfc,2,▁di|ết,2,False,0.0,False,False,False
diết,nfd,3,▁die|̂|́t,2.5|2.5,False,0.0,False,False,False
diếu,nfc,2,▁di|ếu,2,False,0.0,False,False,False
diếu,nfd,4,▁die|̂|́|u,2.5|2.5|3,False,0.3333333333333333,False,True,False
diềm,nfc,2,▁di|ềm,2,False,0.0,False,False,False
diềm,nfd,4,▁die|̂|̀|m,2.5|2.5|3,False,0.3333333333333333,False,True,False
diều,nfc,2,▁di|ều,2,False,0.0,False,False,False
diều,nfd,3,▁die|̂|̀u,2.5|2.5,False,0.0,False,False,False
diễm,nfc,2,▁di|ễm,2,False,0.0,False,False,False
diễm,nfd,4,▁die|̂|̃|m,2.5|2.5|3,False,0.3333333333333333,False,True,False
diễn,nfc,1,▁diễn,,True,1.0,False,False,False
diễn,nfd,4,▁die|̂|̃|n,2.5|2.5|3,False,0.3333333333333333,False,True,False
diễu,nfc,3,▁di|ễ|u,2|3,False,0.5,False,False,False
diễu,nfd,4,▁die|̂|̃|u,2.5|2.5|3,False,0.3333333333333333,False,True,False
diệc,nfc,2,▁di|ệc,2,False,0.0,False,False,False
diệc,nfd,4,▁die|̣|̂|c,2.5|2.5|3,False,0.3333333333333333,False,True,False
diện,nfc,1,▁diện,,True,1.0,False,False,False
diện,nfd,4,▁die|̣|̂|n,2.5|2.5|3,False,0.3333333333333333,False,True,False
diệp,nfc,2,▁di|ệp,2,False,0.0,False,False,False
diệp,nfd,4,▁die|̣|̂|p,2.5|2.5|3,False,0.3333333333333333,False,True,False
diệt,nfc,1,▁diệt,,True,1.0,False,False,False
diệt,nfd,4,▁die|̣|̂|t,2.5|2.5|3,False,0.3333333333333333,False,True,False
diệu,nfc,2,▁di|ệu,2,False,0.0,False,False,False
diệu,nfd,4,▁die|̣|̂|u,2.5|2.5|3,False,0.3333333333333333,False,True,False
do,nfc,1,▁do,,True,1.0,False,False,False
do,nfd,1,▁do,,True,1.0,False,False,False
doa,nfc,1,▁doa,,True,1.0,False,False,False
doa,nfd,1,▁doa,,True,1.0,False,False,False
doan,nfc,2,▁do|an,2,False,1.0,False,False,False
doan,nfd,2,▁do|an,2,False,1.0,False,False,False
doanh,nfc,1,▁doanh,,True,1.0,False,False,False
doanh,nfd,1,▁doanh,,True,1.0,False,False,False
doi,nfc,1,▁doi,,True,1.0,False,False,False
doi,nfd,1,▁doi,,True,1.0,False,False,False
dom,nfc,1,▁dom,,True,1.0,False,False,False
dom,nfd,1,▁dom,,True,1.0,False,False,False
don,nfc,1,▁don,,True,1.0,False,False,False
don,nfd,1,▁don,,True,1.0,False,False,False
dong,nfc,1,▁dong,,True,1.0,False,False,False
dong,nfd,1,▁dong,,True,1.0,False,False,False
doành,nfc,2,▁do|ành,2,False,1.0,False,False,False
doành,nfd,2,▁doa|̀nh,2.5,False,0.0,False,False,False
doá,nfc,2,▁do|á,2,False,1.0,False,False,False
doá,nfd,2,▁doa|́,2.5,False,0.0,False,True,False
doãi,nfc,2,▁do|ãi,2,False,1.0,False,False,False
doãi,nfd,3,▁doa|̃|i,2.5|3,False,0.5,False,True,False
doãn,nfc,2,▁do|ãn,2,False,1.0,False,False,False
doãn,nfd,3,▁doa|̃|n,2.5|3,False,0.5,False,True,False
doãng,nfc,2,▁do|ãng,2,False,1.0,False,False,False
doãng,nfd,3,▁doa|̃|ng,2.5|3,False,0.5,False,True,False
doạ,nfc,2,▁do|ạ,2,False,1.0,False,False,False
doạ,nfd,2,▁doa|̣,2.5,False,0.0,False,True,False
du,nfc,1,▁du,,True,1.0,False,False,False
du,nfd,1,▁du,,True,1.0,False,False,False
dua,nfc,1,▁dua,,True,1.0,False,False,False
dua,nfd,1,▁dua,,True,1.0,False,False,False
dun,nfc,1,▁dun,,True,1.0,False,False,False
dun,nfd,1,▁dun,,True,1.0,False,False,False
dung,nfc,1,▁dung,,True,1.0,False,False,False
dung,nfd,1,▁dung,,True,1.0,False,False,False
duy,nfc,1,▁duy,,True,1.0,False,False,False
duy,nfd,1,▁duy,,True,1.0,False,False,False
duyên,nfc,1,▁duyên,,True,1.0,False,False,False
duyên,nfd,4,▁du|ye|̂|n,2|3.5|4,False,0.6666666666666666,False,False,False
duyệt,nfc,2,▁duy|ệt,3,False,0.0,False,False,False
duyệt,nfd,5,▁du|ye|̣|̂|t,2|3.5|3.5|4,False,0.5,False,True,False
duềnh,nfc,3,▁du|ề|nh,2|3,False,1.0,False,False,False
duềnh,nfd,3,▁due|̂|̀nh,2.5|2.5,False,0.0,False,False,False
duệ,nfc,2,▁du|ệ,2,False,1.0,False,False,False
duệ,nfd,3,▁due|̣|̂,2.5|2.5,False,0.0,False,True,False
duốc,nfc,2,▁du|ốc,2,False,0.0,False,False,False
duốc,nfd,3,▁duo|̂|́c,2.5|2.5,False,0.0,False,False,False
duỗi,nfc,2,▁du|ỗi,2,False,0.0,False,False,False
duỗi,nfd,4,▁duo|̂|̃|i,2.5|2.5|3,False,0.3333333333333333,False,True,False
dà,nfc,1,▁dà,,True,1.0,False,False,False
dà,nfd,2,▁da|̀,1.5,False,0.0,False,True,False
dài,nfc,1,▁dài,,True,1.0,False,False,False
dài,nfd,2,▁da|̀i,1.5,False,0.0,False,False,False
dàn,nfc,1,▁dàn,,True,1.0,False,False,False
dàn,nfd,2,▁da|̀n,1.5,False,0.0,False,False,False
dàng,nfc,1,▁dàng,,True,1.0,False,False,False
dàng,nfd,2,▁da|̀ng,1.5,False,0.0,False,False,False
dành,nfc,1,▁dành,,True,1.0,False,False,False
dành,nfd,2,▁da|̀nh,1.5,False,0.0,False,False,False
dào,nfc,2,▁d|ào,1,False,1.0,True,False,False
dào,nfd,3,▁da|̀|o,1.5|2,False,0.5,False,True,False
dàu,nfc,2,▁d|àu,1,False,1.0,True,False,False
dàu,nfd,2,▁da|̀u,1.5,False,0.0,False,False,False
dày,nfc,1,▁dày,,True,1.0,False,False,False
dày,nfd,3,▁da|̀|y,1.5|2,False,0.5,False,True,False
dá,nfc,1,▁dá,,True,1.0,False,False,False
dá,nfd,2,▁da|́,1.5,False,0.0,False,True,False
dác,nfc,2,▁d|ác,1,False,1.0,True,False,False
dác,nfd,2,▁da|́c,1.5,False,0.0,False,False,False
dái,nfc,2,▁d|ái,1,False,1.0,True,False,False
dái,nfd,2,▁da|́i,1.5,False,0.0,False,False,False
dám,nfc,1,▁dám,,True,1.0,False,False,False
dám,nfd,3,▁da|́|m,1.5|2,False,0.5,False,True,False
dán,nfc,1,▁dán,,True,1.0,False,False,False
dán,nfd,2,▁da|́n,1.5,False,0.0,False,False,False
dáng,nfc,1,▁dáng,,True,1.0,False,False,False
dáng,nfd,2,▁da|́ng,1.5,False,0.0,False,False,False
dát,nfc,1,▁dát,,True,1.0,False,False,False
dát,nfd,2,▁da|́t,1.5,False,0.0,False,False,False
dáy,nfc,2,▁dá|y,2,False,1.0,False,False,False
dáy,nfd,3,▁da|́|y,1.5|2,False,0.5,False,True,False
dâm,nfc,2,▁d|âm,1,False,1.0,True,False,False
dâm,nfd,3,▁da|̂|m,1.5|2,False,0.5,False,False,False
dân,nfc,1,▁dân,,True,1.0,False,False,False
dân,nfd,3,▁da|̂|n,1.5|2,False,0.5,False,False,False
dâng,nfc,2,▁d|âng,1,False,1.0,True,False,False
dâng,nfd,3,▁da|̂|ng,1.5|2,False,0.5,False,False,False
dâu,nfc,1,▁dâu,,True,1.0,False,False,False
dâu,nfd,3,▁da|̂|u,1.5|2,False,0.5,False,False,False
dây,nfc,1,▁dây,,True,1.0,False,False,False
dây,nfd,3,▁da|̂|y,1.5|2,False,0.5,False,False,False
dã,nfc,2,▁d|ã,1,False,1.0,True,False,False
dã,nfd,2,▁da|̃,1.5,False,0.0,False,True,False
dãi,nfc,2,▁d|ãi,1,False,1.0,True,False,False
dãi,nfd,3,▁da|̃|i,1.5|2,False,0.5,False,True,False
dãy,nfc,2,▁d|ãy,1,False,1.0,True,False,False
dãy,nfd,3,▁da|̃|y,1.5|2,False,0.5,False,True,False
dè,nfc,1,▁dè,,True,1.0,False,False,False
dè,nfd,2,▁de|̀,1.5,False,0.0,False,True,False
dèn,nfc,2,▁d|èn,1,False,1.0,True,False,False
dèn,nfd,2,▁de|̀n,1.5,False,0.0,False,False,False
dé,nfc,1,▁dé,,True,1.0,False,False,False
dé,nfd,2,▁de|́,1.5,False,0.0,False,True,False
dép,nfc,1,▁dép,,True,1.0,False,False,False
dép,nfd,3,▁de|́|p,1.5|2,False,0.5,False,True,False
dê,nfc,1,▁dê,,True,1.0,False,False,False
dê,nfd,2,▁de|̂,1.5,False,0.0,False,False,False
dênh,nfc,2,▁dê|nh,2,False,1.0,False,False,False
dênh,nfd,3,▁de|̂|nh,1.5|2,False,0.5,False,False,False
dì,nfc,1,▁dì,,True,1.0,False,False,False
dì,nfd,2,▁di|̀,1.5,False,0.0,False,True,False
dìa,nfc,2,▁d|ìa,1,False,1.0,True,False,False
dìa,nfd,3,▁di|̀|a,1.5|2,False,0.0,False,True,False
dìm,nfc,2,▁d|ìm,1,False,1.0,True,False,False
dìm,nfd,3,▁di|̀|m,1.5|2,False,0.5,False,True,False
dìu,nfc,2,▁dì|u,2,False,1.0,False,False,False
dìu,nfd,2,▁di|̀u,1.5,False,0.0,False,False,False
dí,nfc,1,▁dí,,True,1.0,False,False,False
dí,nfd,2,▁di|́,1.5,False,0.0,False,True,False
dích,nfc,2,▁d|ích,1,False,1.0,True,False,False
dích,nfd,3,▁di|́|ch,1.5|2,False,0.5,False,True,False
dím,nfc,2,▁d|ím,1,False,1.0,True,False,False
dím,nfd,3,▁di|́|m,1.5|2,False,0.5,False,True,False
dính,nfc,1,▁dính,,True,1.0,False,False,False
dính,nfd,3,▁di|́|nh,1.5|2,False,0.5,False,True,False
díp,nfc,2,▁dí|p,2,False,1.0,False,False,False
díp,nfd,3,▁di|́|p,1.5|2,False,0.5,False,True,False
díu,nfc,2,▁dí|u,2,False,1.0,False,False,False
díu,nfd,3,▁di|́|u,1.5|2,False,0.5,False,True,False
dò,nfc,2,▁d|ò,1,False,1.0,True,False,False
dò,nfd,2,▁do|̀,1.5,False,0.0,False,True,False
dòi,nfc,2,▁d|òi,1,False,1.0,True,False,False
dòi,nfd,2,▁do|̀i,1.5,False,0.0,False,False,False
dòm,nfc,2,▁d|òm,1,False,1.0,True,False,False
dòm,nfd,3,▁do|̀|m,1.5|2,False,0.5,False,True,False
dòng,nfc,1,▁dòng,,True,1.0,False,False,False
dòng,nfd,2,▁do|̀ng,1.5,False,0.0,False,False,False
dó,nfc,1,▁dó,,True,1.0,False,False,False
dó,nfd,2,▁do|́,1.5,False,0.0,False,True,False
dóc,nfc,2,▁dó|c,2,False,1.0,False,False,False
dóc,nfd,2,▁do|́c,1.5,False,0.0,False,False,False
dóm,nfc,2,▁dó|m,2,False,1.0,False,False,False
dóm,nfd,3,▁do|́|m,1.5|2,False,0.5,False,True,False
dón,nfc,2,▁d|ón,1,False,1.0,True,False,False
dón,nfd,2,▁do|́n,1.5,False,0.0,False,False,False
dót,nfc,2,▁dó|t,2,False,1.0,False,False,False
dót,nfd,2,▁do|́t,1.5,False,0.0,False,False,False
dô,nfc,1,▁dô,,True,1.0,False,False,False
dô,nfd,2,▁do|̂,1.5,False,0.0,False,False,False
dôi,nfc,2,▁d|ôi,1,False,1.0,True,False,False
dôi,nfd,3,▁do|̂|i,1.5|2,False,0.5,False,False,False
dông,nfc,2,▁d|ông,1,False,1.0,True,False,False
dông,nfd,3,▁do|̂|ng,1.5|2,False,0.5,False,False,False
dõi,nfc,1,▁dõi,,True,1.0,False,False,False
dõi,nfd,3,▁do|̃|i,1.5|2,False,0.5,False,True,False
dõng,nfc,3,▁d|õ|ng,1|2,False,1.0,True,False,False
dõng,nfd,3,▁do|̃|ng,1.5|2,False,0.5,False,True,False
dù,nfc,1,▁dù,,True,1.0,False,False,False
dù,nfd,2,▁du|̀,1.5,False,0.0,False,True,False
dùa,nfc,2,▁d|ùa,1,False,1.0,True,False,False
dùa,nfd,3,▁du|̀|a,1.5|2,False,0.0,False,True,False
dùi,nfc,2,▁d|ùi,1,False,1.0,True,False,False
dùi,nfd,2,▁du|̀i,1.5,False,0.0,False,False,False
dùn,nfc,2,▁dù|n,2,False,1.0,False,False,False
dùn,nfd,2,▁du|̀n,1.5,False,0.0,False,False,False
dùng,nfc,1,▁dùng,,True,1.0,False,False,False
dùng,nfd,2,▁du|̀ng,1.5,False,0.0,False,False,False
dúa,nfc,2,▁d|úa,1,False,1.0,True,False,False
dúa,nfd,3,▁du|́|a,1.5|2,False,0.0,False,True,False
dúi,nfc,2,▁dú|i,2,False,1.0,False,False,False
dúi,nfd,2,▁du|́i,1.5,False,0.0,False,False,False
dúm,nfc,2,▁dú|m,2,False,1.0,False,False,False
dúm,nfd,3,▁du|́|m,1.5|2,False,0.5,False,True,False
dún,nfc,2,▁d|ún,1,False,1.0,True,False,False
dún,nfd,2,▁du|́n,1.5,False,0.0,False,False,False
dúng,nfc,2,▁d|úng,1,False,1.0,True,False,False
dúng,nfd,2,▁du|́ng,1.5,False,0.0,False,False,False
dút,nfc,2,▁d|út,1,False,1.0,True,False,False
dút,nfd,2,▁du|́t,1.5,False,0.0,False,False,False
dăm,nfc,2,▁d|ăm,1,False,1.0,True,False,False
dăm,nfd,3,▁da|̆|m,1.5|2,False,0.5,False,False,False
dăn,nfc,2,▁d|ăn,1,False,1.0,True,False,False
dăn,nfd,3,▁da|̆|n,1.5|2,False,0.5,False,False,False
dăng,nfc,2,▁d|ăng,1,False,1.0,True,False,False
dăng,nfd,3,▁da|̆|ng,1.5|2,False,0.5,False,False,False
dĩ,nfc,2,▁d|ĩ,1,False,1.0,True,False,False
dĩ,nfd,2,▁di|̃,1.5,False,0.0,False,True,False
dĩa,nfc,2,▁d|ĩa,1,False,1.0,True,False,False
dĩa,nfd,3,▁di|̃|a,1.5|2,False,0.0,False,True,False
dĩnh,nfc,2,▁d|ĩnh,1,False,1.0,True,False,False
dĩnh,nfd,3,▁di|̃|nh,1.5|2,False,0.5,False,True,False
dũ,nfc,2,▁d|ũ,1,False,1.0,True,False,False
dũ,nfd,2,▁du|̃,1.5,False,0.0,False,True,False
dũi,nfc,3,▁d|ũ|i,1|2,False,1.0,True,False,False
dũi,nfd,3,▁du|̃|i,1.5|2,False,0.5,False,True,False
dũng,nfc,2,▁d|ũng,1,False,1.0,True,False,False
dũng,nfd,3,▁du|̃|ng,1.5|2,False,0.5,False,True,False
dơ,nfc,2,▁d|ơ,1,False,1.0,True,False,False
dơ,nfd,2,▁do|̛,1.5,False,0.0,False,False,False
dơi,nfc,2,▁d|ơi,1,False,1.0,True,False,False
dơi,nfd,3,▁do|̛|i,1.5|2,False,0.5,False,False,False
dư,nfc,1,▁dư,,True,1.0,False,False,False
dư,nfd,2,▁du|̛,1.5,False,0.0,False,False,False
dưa,nfc,2,▁d|ưa,1,False,1.0,True,False,False
dưa,nfd,3,▁du|̛|a,1.5|2,False,0.0,False,False,False
dưng,nfc,2,▁d|ưng,1,False,1.0,True,False,False
dưng,nfd,3,▁du|̛|ng,1.5|2,False,0.5,False,False,False
dương,nfc,1,▁dương,,True,1.0,False,False,False
dương,nfd,5,▁du|̛|o|̛|ng,1.5|2|2.5|3,False,0.25,False,False,False
dưới,nfc,1,▁dưới,,True,1.0,False,False,False
dưới,nfd,5,▁du|̛|o|̛|́i,1.5|2|2.5|2.5,False,0.0,False,False,False
dướng,nfc,2,▁d|ướng,1,False,1.0,True,False,False
dướng,nfd,5,▁du|̛|o|̛|́ng,1.5|2|2.5|2.5,False,0.0,False,False,False
dường,nfc,2,▁d|ường,1,False,1.0,True,False,False
dường,nfd,5,▁du|̛|o|̛|̀ng,1.5|2|2.5|2.5,False,0.0,False,False,False
dưỡng,nfc,1,▁dưỡng,,True,1.0,False,False,False
dưỡng,nfd,6,▁du|̛|o|̛|̃|ng,1.5|2|2.5|2.5|3,False,0.2,False,True,False
dược,nfc,1,▁dược,,True,1.0,False,False,False
dược,nfd,5,▁du|̛|o|̛|̣c,1.5|2|2.5|2.5,False,0.0,False,False,False
dượng,nfc,2,▁d|ượng,1,False,1.0,True,False,False
dượng,nfd,5,▁du|̛|o|̛|̣ng,1.5|2|2.5|2.5,False,0.0,False,False,False
dượt,nfc,2,▁d|ượt,1,False,1.0,True,False,False
dượt,nfd,5,▁du|̛|o|̛|̣t,1.5|2|2.5|2.5,False,0.0,False,False,False
dạ,nfc,1,▁dạ,,True,1.0,False,False,False
dạ,nfd,2,▁da|̣,1.5,False,0.0,False,True,False
dạc,nfc,2,▁d|ạc,1,False,1.0,True,False,False
dạc,nfd,2,▁da|̣c,1.5,False,0.0,False,False,False
dại,nfc,2,▁d|ại,1,False,1.0,True,False,False
dại,nfd,2,▁da|̣i,1.5,False,0.0,False,False,False
dạm,nfc,2,▁d|ạm,1,False,1.0,True,False,False
dạm,nfd,3,▁da|̣|m,1.5|2,False,0.5,False,True,False
dạn,nfc,2,▁d|ạn,1,False,1.0,True,False,False
dạn,nfd,2,▁da|̣n,1.5,False,0.0,False,False,False
dạng,nfc,1,▁dạng,,True,1.0,False,False,False
dạng,nfd,2,▁da|̣ng,1.5,False,0.0,False,False,False
dạo,nfc,2,▁d|ạo,1,False,1.0,True,False,False
dạo,nfd,3,▁da|̣|o,1.5|2,False,0.5,False,True,False
dạt,nfc,2,▁d|ạt,1,False,1.0,True,False,False
dạt,nfd,2,▁da|̣t,1.5,False,0.0,False,False,False
dạy,nfc,1,▁dạy,,True,1.0,False,False,False
dạy,nfd,3,▁da|̣|y,1.5|2,False,0.5,False,True,False
dả,nfc,2,▁d|ả,1,False,1.0,True,False,False
dả,nfd,2,▁da|̉,1.5,False,0.0,False,True,False
dải,nfc,2,▁d|ải,1,False,1.0,True,False,False
dải,nfd,3,▁da|̉|i,1.5|2,False,0.5,False,True,False
dảy,nfc,2,▁d|ảy,1,False,1.0,True,False,False
dảy,nfd,3,▁da|̉|y,1.5|2,False,0.5,False,True,False
dấm,nfc,2,▁d|ấm,1,False,1.0,True,False,False
dấm,nfd,4,▁da|̂|́|m,1.5|1.5|2,False,0.3333333333333333,False,True,False
dấn,nfc,2,▁d|ấn,1,False,1.0,True,False,False
dấn,nfd,3,▁da|̂|́n,1.5|1.5,False,0.0,False,False,False
dấp,nfc,2,▁d|ấp,1,False,1.0,True,False,False
dấp,nfd,4,▁da|̂|́|p,1.5|1.5|2,False,0.3333333333333333,False,True,False
dấu,nfc,1,▁dấu,,True,1.0,False,False,False
dấu,nfd,4,▁da|̂|́|u,1.5|1.5|2,False,0.3333333333333333,False,True,False
dấy,nfc,2,▁d|ấy,1,False,1.0,True,False,False
dấy,nfd,4,▁da|̂|́|y,1.5|1.5|2,False,0.3333333333333333,False,True,False
dầm,nfc,2,▁d|ầm,1,False,1.0,True,False,False
dầm,nfd,4,▁da|̂|̀|m,1.5|1.5|2,False,0.3333333333333333,False,True,False
dần,nfc,1,▁dần,,True,1.0,False,False,False
dần,nfd,3,▁da|̂|̀n,1.5|1.5,False,0.0,False,False,False
dầu,nfc,1,▁dầu,,True,1.0,False,False,False
dầu,nfd,3,▁da|̂|̀u,1.5|1.5,False,0.0,False,False,False
dẩn,nfc,2,▁d|ẩn,1,False,1.0,True,False,False
dẩn,nfd,4,▁da|̂|̉|n,1.5|1.5|2,False,0.3333333333333333,False,True,False
dẫm,nfc,3,▁d|ẫ|m,1|2,False,1.0,True,False,False
dẫm,nfd,4,▁da|̂|̃|m,1.5|1.5|2,False,0.3333333333333333,False,True,False
dẫn,nfc,1,▁dẫn,,True,1.0,False,False,False
dẫn,nfd,4,▁da|̂|̃|n,1.5|1.5|2,False,0.3333333333333333,False,True,False
dẫu,nfc,2,▁d|ẫu,1,False,1.0,True,False,False
dẫu,nfd,4,▁da|̂|̃|u,1.5|1.5|2,False,0.3333333333333333,False,True,False
dẫy,nfc,2,▁d|ẫy,1,False,1.0,True,False,False
dẫy,nfd,4,▁da|̂|̃|y,1.5|1.5|2,False,0.3333333333333333,False,True,False
dậm,nfc,2,▁d|ậm,1,False,1.0,True,False,False
dậm,nfd,4,▁da|̣|̂|m,1.5|1.5|2,False,0.3333333333333333,False,True,False
dận,nfc,2,▁d|ận,1,False,1.0,True,False,False
dận,nfd,4,▁da|̣|̂|n,1.5|1.5|2,False,0.3333333333333333,False,True,False
dập,nfc,2,▁d|ập,1,False,1.0,True,False,False
dập,nfd,4,▁da|̣|̂|p,1.5|1.5|2,False,0.3333333333333333,False,True,False
dật,nfc,2,▁d|ật,1,False,1.0,True,False,False
dật,nfd,4,▁da|̣|̂|t,1.5|1.5|2,False,0.3333333333333333,False,True,False
dậu,nfc,2,▁d|ậu,1,False,1.0,True,False,False
dậu,nfd,4,▁da|̣|̂|u,1.5|1.5|2,False,0.3333333333333333,False,True,False
dậy,nfc,1,▁dậy,,True,1.0,False,False,False
dậy,nfd,4,▁da|̣|̂|y,1.5|1.5|2,False,0.3333333333333333,False,True,False
dắng,nfc,2,▁d|ắng,1,False,1.0,True,False,False
dắng,nfd,3,▁da|̆|́ng,1.5|1.5,False,0.0,False,False,False
dắt,nfc,2,▁d|ắt,1,False,1.0,True,False,False
dắt,nfd,3,▁da|̆|́t,1.5|1.5,False,0.0,False,False,False
dằm,nfc,2,▁d|ằm,1,False,1.0,True,False,False
dằm,nfd,4,▁da|̆|̀|m,1.5|1.5|2,False,0.3333333333333333,False,True,False
dằn,nfc,3,▁d|ằ|n,1|2,False,1.0,True,False,False
dằn,nfd,3,▁da|̆|̀n,1.5|1.5,False,0.0,False,False,False
dằng,nfc,2,▁d|ằng,1,False,1.0,True,False,False
dằng,nfd,3,▁da|̆|̀ng,1.5|1.5,False,0.0,False,False,False
dẳng,nfc,2,▁d|ẳng,1,False,1.0,True,False,False
dẳng,nfd,4,▁da|̆|̉|ng,1.5|1.5|2,False,0.3333333333333333,False,True,False
dặc,nfc,2,▁d|ặc,1,False,1.0,True,False,False
dặc,nfd,4,▁da|̣|̆|c,1.5|1.5|2,False,0.3333333333333333,False,True,False
dặm,nfc,3,▁d|ặ|m,1|2,False,1.0,True,False,False
dặm,nfd,4,▁da|̣|̆|m,1.5|1.5|2,False,0.3333333333333333,False,True,False
dặn,nfc,2,▁d|ặn,1,False,1.0,True,False,False
dặn,nfd,4,▁da|̣|̆|n,1.5|1.5|2,False,0.3333333333333333,False,True,False
dặng,nfc,2,▁d|ặng,1,False,1.0,True,False,False
dặng,nfd,4,▁da|̣|̆|ng,1.5|1.5|2,False,0.3333333333333333,False,True,False
dặt,nfc,2,▁d|ặt,1,False,1.0,True,False,False
dặt,nfd,4,▁da|̣|̆|t,1.5|1.5|2,False,0.3333333333333333,False,True,False
dẹp,nfc,2,▁d|ẹp,1,False,1.0,True,False,False
dẹp,nfd,3,▁de|̣|p,1.5|2,False,0.5,False,True,False
dẹt,nfc,3,▁d|ẹ|t,1|2,False,1.0,True,False,False
dẹt,nfd,2,▁de|̣t,1.5,False,0.0,False,False,False
dẻ,nfc,2,▁d|ẻ,1,False,1.0,True,False,False
dẻ,nfd,2,▁de|̉,1.5,False,0.0,False,True,False
dẻo,nfc,2,▁d|ẻo,1,False,1.0,True,False,False
dẻo,nfd,3,▁de|̉|o,1.5|2,False,0.5,False,True,False
dẽ,nfc,2,▁d|ẽ,1,False,1.0,True,False,False
dẽ,nfd,2,▁de|̃,1.5,False,0.0,False,True,False
dế,nfc,2,▁d|ế,1,False,1.0,True,False,False
dế,nfd,3,▁de|̂|́,1.5|1.5,False,0.0,False,True,False
dề,nfc,2,▁d|ề,1,False,1.0,True,False,False
dề,nfd,3,▁de|̂|̀,1.5|1.5,False,0.0,False,True,False
dềnh,nfc,3,▁d|ề|nh,1|2,False,1.0,True,False,False
dềnh,nfd,3,▁de|̂|̀nh,1.5|1.5,False,0.0,False,False,False
dể,nfc,2,▁d|ể,1,False,1.0,True,False,False
dể,nfd,3,▁de|̂|̉,1.5|1.5,False,0.0,False,True,False
dễ,nfc,1,▁dễ,,True,1.0,False,False,False
dễ,nfd,3,▁de|̂|̃,1.5|1.5,False,0.0,False,True,False
dện,nfc,2,▁d|ện,1,False,1.0,True,False,False
dện,nfd,4,▁de|̣|̂|n,1.5|1.5|2,False,0.3333333333333333,False,True,False
dệt,nfc,2,▁d|ệt,1,False,1.0,True,False,False
dệt,nfd,4,▁de|̣|̂|t,1.5|1.5|2,False,0.3333333333333333,False,True,False
dị,nfc,1,▁dị,,True,1.0,False,False,False
dị,nfd,2,▁di|̣,1.5,False,0.0,False,True,False
dịch,nfc,1,▁dịch,,True,1.0,False,False,False
dịch,nfd,3,▁di|̣|ch,1.5|2,False,0.5,False,True,False
dịp,nfc,1,▁dịp,,True,1.0,False,False,False
dịp,nfd,3,▁di|̣|p,1.5|2,False,0.5,False,True,False
dịt,nfc,2,▁dị|t,2,False,1.0,False,False,False
dịt,nfd,2,▁di|̣t,1.5,False,0.0,False,False,False
dịu,nfc,2,▁dị|u,2,False,1.0,False,False,False
dịu,nfd,3,▁di|̣|u,1.5|2,False,0.5,False,True,False
dọc,nfc,2,▁d|ọc,1,False,1.0,True,False,False
dọc,nfd,2,▁do|̣c,1.5,False,0.0,False,False,False
dọi,nfc,2,▁d|ọi,1,False,1.0,True,False,False
dọi,nfd,2,▁do|̣i,1.5,False,0.0,False,False,False
dọn,nfc,2,▁d|ọn,1,False,1.0,True,False,False
dọn,nfd,2,▁do|̣n,1.5,False,0.0,False,False,False
dọng,nfc,2,▁d|ọng,1,False,1.0,True,False,False
dọng,nfd,2,▁do|̣ng,1.5,False,0.0,False,False,False
dọp,nfc,3,▁d|ọ|p,1|2,False,1.0,True,False,False
dọp,nfd,3,▁do|̣|p,1.5|2,False,0.5,False,True,False
dỏ,nfc,2,▁d|ỏ,1,False,1.0,True,False,False
dỏ,nfd,2,▁do|̉,1.5,False,0.0,False,True,False
dỏm,nfc,3,▁d|ỏ|m,1|2,False,1.0,True,False,False
dỏm,nfd,3,▁do|̉|m,1.5|2,False,0.5,False,True,False
dỏng,nfc,2,▁d|ỏng,1,False,1.0,True,False,False
dỏng,nfd,3,▁do|̉|ng,1.5|2,False,0.5,False,True,False
dốc,nfc,2,▁d|ốc,1,False,1.0,True,False,False
dốc,nfd,3,▁do|̂|́c,1.5|1.5,False,0.0,False,False,False
dối,nfc,2,▁d|ối,1,False,1.0,True,False,False
dối,nfd,3,▁do|̂|́i,1.5|1.5,False,0.0,False,False,False
dốt,nfc,2,▁d|ốt,1,False,1.0,True,False,False
dốt,nfd,3,▁do|̂|́t,1.5|1.5,False,0.0,False,False,False
dồi,nfc,2,▁d|ồi,1,False,1.0,True,False,False
dồi,nfd,3,▁do|̂|̀i,1.5|1.5,False,0.0,False,False,False
dồn,nfc,2,▁d|ồn,1,False,1.0,True,False,False
dồn,nfd,3,▁do|̂|̀n,1.5|1.5,False,0.0,False,False,False
dỗ,nfc,2,▁d|ỗ,1,False,1.0,True,False,False
dỗ,nfd,3,▁do|̂|̃,1.5|1.5,False,0.0,False,True,False
dỗi,nfc,2,▁d|ỗi,1,False,1.0,True,False,False
dỗi,nfd,4,▁do|̂|̃|i,1.5|1.5|2,False,0.3333333333333333,False,True,False
dội,nfc,2,▁d|ội,1,False,1.0,True,False,False
dội,nfd,4,▁do|̣|̂|i,1.5|1.5|2,False,0.3333333333333333,False,True,False
dộng,nfc,2,▁d|ộng,1,False,1.0,True,False,False
dộng,nfd,4,▁do|̣|̂|ng,1.5|1.5|2,False,0.3333333333333333,False,True,False
dột,nfc,2,▁d|ột,1,False,1.0,True,False,False
dột,nfd,4,▁do|̣|̂|t,1.5|1.5|2,False,0.3333333333333333,False,True,False
dớ,nfc,2,▁d|ớ,1,False,1.0,True,False,False
dớ,nfd,3,▁do|̛|́,1.5|1.5,False,0.0,False,True,False
dớp,nfc,2,▁d|ớp,1,False,1.0,True,False,False
dớp,nfd,4,▁do|̛|́|p,1.5|1.5|2,False,0.3333333333333333,False,True,False
dờ,nfc,2,▁d|ờ,1,False,1.0,True,False,False
dờ,nfd,3,▁do|̛|̀,1.5|1.5,False,0.0,False,True,False
dời,nfc,2,▁d|ời,1,False,1.0,True,False,False
dời,nfd,3,▁do|̛|̀i,1.5|1.5,False,0.0,False,False,False
dở,nfc,2,▁d|ở,1,False,1.0,True,False,False
dở,nfd,3,▁do|̛|̉,1.5|1.5,False,0.0,False,True,False
dởm,nfc,3,▁d|ở|m,1|2,False,1.0,True,False,False
dởm,nfd,4,▁do|̛|̉|m,1.5|1.5|2,False,0.3333333333333333,False,True,False
dỡ,nfc,2,▁d|ỡ,1,False,1.0,True,False,False
dỡ,nfd,3,▁do|̛|̃,1.5|1.5,False,0.0,False,True,False
dợ,nfc,2,▁d|ợ,1,False,1.0,True,False,False
dợ,nfd,3,▁do|̛|̣,1.5|1.5,False,0.0,False,True,False
dụ,nfc,1,▁dụ,,True,1.0,False,False,False
dụ,nfd,2,▁du|̣,1.5,False,0.0,False,True,False
dục,nfc,1,▁dục,,True,1.0,False,False,False
dục,nfd,2,▁du|̣c,1.5,False,0.0,False,False,False
dụm,nfc,2,▁dụ|m,2,False,1.0,False,False,False
dụm,nfd,3,▁du|̣|m,1.5|2,False,0.5,False,True,False
dụng,nfc,1,▁dụng,,True,1.0,False,False,False
dụng,nfd,2,▁du|̣ng,1.5,False,0.0,False,False,False
dứ,nfc,2,▁d|ứ,1,False,1.0,True,False,False
dứ,nfd,3,▁du|̛|́,1.5|1.5,False,0.0,False,True,False
dứa,nfc,2,▁d|ứa,1,False,1.0,True,False,False
dứa,nfd,4,▁du|̛|́|a,1.5|1.5|2,False,0.0,False,True,False
dức,nfc,2,▁d|ức,1,False,1.0,True,False,False
dức,nfd,3,▁du|̛|́c,1.5|1.5,False,0.0,False,False,False
dứt,nfc,2,▁d|ứt,1,False,1.0,True,False,False
dứt,nfd,3,▁du|̛|́t,1.5|1.5,False,0.0,False,False,False
dừ,nfc,2,▁d|ừ,1,False,1.0,True,False,False
dừ,nfd,3,▁du|̛|̀,1.5|1.5,False,0.0,False,True,False
dừa,nfc,1,▁dừa,,True,1.0,False,False,False
dừa,nfd,4,▁du|̛|̀|a,1.5|1.5|2,False,0.0,False,True,False
dừng,nfc,1,▁dừng,,True,1.0,False,False,False
dừng,nfd,3,▁du|̛|̀ng,1.5|1.5,False,0.0,False,False,False
dử,nfc,2,▁d|ử,1,False,1.0,True,False,False
dử,nfd,3,▁du|̛|̉,1.5|1.5,False,0.0,False,True,False
dửng,nfc,3,▁d|ử|ng,1|2,False,1.0,True,False,False
dửng,nfd,4,▁du|̛|̉|ng,1.5|1.5|2,False,0.3333333333333333,False,True,False
dữ,nfc,1,▁dữ,,True,1.0,False,False,False
dữ,nfd,3,▁du|̛|̃,1.5|1.5,False,0.0,False,True,False
dự,nfc,1,▁dự,,True,1.0,False,False,False
dự,nfd,3,▁du|̛|̣,1.5|1.5,False,0.0,False,True,False
dựa,nfc,1,▁dựa,,True,1.0,False,False,False
dựa,nfd,4,▁du|̛|̣|a,1.5|1.5|2,False,0.0,False,True,False
dực,nfc,2,▁d|ực,1,False,1.0,True,False,False
dực,nfd,3,▁du|̛|̣c,1.5|1.5,False,0.0,False,False,False
dựng,nfc,1,▁dựng,,True,1.0,False,False,False
dựng,nfd,3,▁du|̛|̣ng,1.5|1.5,False,0.0,False,False,False
e,nfc,1,▁e,,True,1.0,False,False,False
e,nfd,1,▁e,,True,1.0,False,False,False
em,nfc,1,▁em,,True,1.0,False,False,False
em,nfd,1,▁em,,True,1.0,False,False,False
en,nfc,1,▁en,,True,1.0,False,False,False
en,nfd,1,▁en,,True,1.0,False,False,False
eng,nfc,1,▁eng,,True,1.0,False,False,False
eng,nfd,1,▁eng,,True,1.0,False,False,False
eo,nfc,1,▁eo,,True,1.0,False,False,False
eo,nfd,1,▁eo,,True,1.0,False,False,False
ga,nfc,1,▁ga,,True,1.0,False,False,False
ga,nfd,1,▁ga,,True,1.0,False,False,False
gai,nfc,1,▁gai,,True,1.0,False,False,False
gai,nfd,1,▁gai,,True,1.0,False,False,False
gam,nfc,1,▁gam,,True,1.0,False,False,False
gam,nfd,1,▁gam,,True,1.0,False,False,False
gan,nfc,1,▁gan,,True,1.0,False,False,False
gan,nfd,1,▁gan,,True,1.0,False,False,False
gang,nfc,1,▁gang,,True,1.0,False,False,False
gang,nfd,1,▁gang,,True,1.0,False,False,False
ganh,nfc,2,▁gan|h,3,False,0.0,False,False,False
ganh,nfd,2,▁gan|h,3,False,0.0,False,False,False
gao,nfc,2,▁g|ao,1,False,1.0,True,False,False
gao,nfd,2,▁g|ao,1,False,1.0,True,False,False
gau,nfc,1,▁gau,,True,1.0,False,False,False
gau,nfd,1,▁gau,,True,1.0,False,False,False
gay,nfc,1,▁gay,,True,1.0,False,False,False
gay,nfd,1,▁gay,,True,1.0,False,False,False
gen,nfc,1,▁gen,,True,1.0,False,False,False
gen,nfd,1,▁gen,,True,1.0,False,False,False
ghe,nfc,1,▁ghe,,True,1.0,False,False,False
ghe,nfd,1,▁ghe,,True,1.0,False,False,False
ghen,nfc,2,▁g|hen,1,False,0.0,False,False,False
ghen,nfd,2,▁g|hen,1,False,0.0,False,False,False
ghi,nfc,1,▁ghi,,True,1.0,False,False,False
ghi,nfd,1,▁ghi,,True,1.0,False,False,False
ghim,nfc,2,▁g|him,1,False,0.0,False,False,False
ghim,nfd,2,▁g|him,1,False,0.0,False,False,False
ghiếc,nfc,2,▁ghi|ếc,3,False,0.0,False,False,False
ghiếc,nfd,4,▁g|hie|̂|́c,1|3.5|3.5,False,0.0,False,False,False
ghiền,nfc,2,▁ghi|ền,3,False,0.0,False,False,False
ghiền,nfd,4,▁g|hie|̂|̀n,1|3.5|3.5,False,0.0,False,False,False
ghè,nfc,2,▁gh|è,2,False,1.0,True,False,False
ghè,nfd,2,▁ghe|̀,2.5,False,0.0,False,True,False
ghèn,nfc,2,▁gh|èn,2,False,1.0,True,False,False
ghèn,nfd,2,▁ghe|̀n,2.5,False,0.0,False,False,False
ghé,nfc,2,▁g|hé,1,False,0.0,False,False,False
ghé,nfd,2,▁ghe|́,2.5,False,0.0,False,True,False
ghém,nfc,2,▁gh|ém,2,False,1.0,True,False,False
ghém,nfd,3,▁ghe|́|m,2.5|3,False,0.5,False,True,False
ghép,nfc,1,▁ghép,,True,1.0,False,False,False
ghép,nfd,3,▁ghe|́|p,2.5|3,False,0.5,False,True,False
ghét,nfc,2,▁gh|ét,2,False,1.0,True,False,False
ghét,nfd,2,▁ghe|́t,2.5,False,0.0,False,False,False
ghê,nfc,2,▁gh|ê,2,False,1.0,True,False,False
ghê,nfd,2,▁ghe|̂,2.5,False,0.0,False,False,False
ghì,nfc,2,▁gh|ì,2,False,1.0,True,False,False
ghì,nfd,2,▁ghi|̀,2.5,False,0.0,False,True,False
ghìm,nfc,2,▁gh|ìm,2,False,1.0,True,False,False
ghìm,nfd,3,▁ghi|̀|m,2.5|3,False,0.5,False,True,False
ghẹ,nfc,2,▁gh|ẹ,2,False,1.0,True,False,False
ghẹ,nfd,2,▁ghe|̣,2.5,False,0.0,False,True,False
ghẹn,nfc,2,▁gh|ẹn,2,False,1.0,True,False,False
ghẹn,nfd,2,▁ghe|̣n,2.5,False,0.0,False,False,False
ghẹo,nfc,2,▁gh|ẹo,2,False,1.0,True,False,False
ghẹo,nfd,3,▁ghe|̣|o,2.5|3,False,0.5,False,True,False
ghẻ,nfc,2,▁gh|ẻ,2,False,1.0,True,False,False
ghẻ,nfd,2,▁ghe|̉,2.5,False,0.0,False,True,False
ghẽ,nfc,2,▁gh|ẽ,2,False,1.0,True,False,False
ghẽ,nfd,2,▁ghe|̃,2.5,False,0.0,False,True,False
ghế,nfc,1,▁ghế,,True,1.0,False,False,False
ghế,nfd,3,▁ghe|̂|́,2.5|2.5,False,0.0,False,True,False
ghếch,nfc,2,▁ghế|ch,3,False,1.0,False,False,False
ghếch,nfd,4,▁ghe|̂|́|ch,2.5|2.5|3,False,0.3333333333333333,False,True,False
ghề,nfc,2,▁gh|ề,2,False,1.0,True,False,False
ghề,nfd,3,▁ghe|̂|̀,2.5|2.5,False,0.0,False,True,False
ghềnh,nfc,3,▁gh|ề|nh,2|3,False,1.0,True,False,False
ghềnh,nfd,3,▁ghe|̂|̀nh,2.5|2.5,False,0.0,False,False,False
ghểnh,nfc,3,▁gh|ể|nh,2|3,False,1.0,True,False,False
ghểnh,nfd,4,▁ghe|̂|̉|nh,2.5|2.5|3,False,0.3333333333333333,False,True,False
ghệt,nfc,2,▁gh|ệt,2,False,1.0,True,False,False
ghệt,nfd,4,▁ghe|̣|̂|t,2.5|2.5|3,False,0.3333333333333333,False,True,False
gi,nfc,1,▁gi,,True,1.0,False,False,False
gi,nfd,1,▁gi,,True,1.0,False,False,False
gia,nfc,1,▁gia,,True,1.0,False,False,False
gia,nfd,1,▁gia,,True,1.0,False,False,False
giai,nfc,1,▁giai,,True,1.0,False,False,False
giai,nfd,1,▁giai,,True,1.0,False,False,False
giam,nfc,2,▁gi|am,2,False,1.0,True,False,False
giam,nfd,2,▁gi|am,2,False,1.0,True,False,False
gian,nfc,1,▁gian,,True,1.0,False,False,False
gian,nfd,1,▁gian,,True,1.0,False,False,False
giang,nfc,1,▁giang,,True,1.0,False,False,False
giang,nfd,1,▁giang,,True,1.0,False,False,False
gianh,nfc,2,▁gian|h,4,False,0.0,False,False,False
gianh,nfd,2,▁gian|h,4,False,0.0,False,False,False
giao,nfc,1,▁giao,,True,1.0,False,False,False
giao,nfd,1,▁giao,,True,1.0,False,False,False
gieo,nfc,2,▁gie|o,3,False,1.0,False,False,False
gieo,nfd,2,▁gie|o,3,False,1.0,False,False,False
gio,nfc,1,▁gio,,True,1.0,False,False,False
gio,nfd,1,▁gio,,True,1.0,False,False,False
gioi,nfc,2,▁gio|i,3,False,1.0,False,False,False
gioi,nfd,2,▁gio|i,3,False,1.0,False,False,False
gion,nfc,2,▁g|ion,1,False,0.0,False,False,False
gion,nfd,2,▁g|ion,1,False,0.0,False,False,False
giong,nfc,2,▁g|iong,1,False,0.0,False,False,False
giong,nfd,2,▁g|iong,1,False,0.0,False,False,False
gip,nfc,2,▁g|ip,1,False,0.0,False,False,False
gip,nfd,2,▁g|ip,1,False,0.0,False,False,False
giu,nfc,1,▁giu,,True,1.0,False,False,False
giu,nfd,1,▁giu,,True,1.0,False,False,False
giua,nfc,2,▁gi|ua,2,False,1.0,True,False,False
giua,nfd,2,▁gi|ua,2,False,1.0,True,False,False
giun,nfc,2,▁gi|un,2,False,1.0,True,False,False
giun,nfd,2,▁gi|un,2,False,1.0,True,False,False
giuộc,nfc,2,▁giu|ộc,3,False,0.0,False,False,False
giuộc,nfd,5,▁gi|uo|̣|̂|c,2|3.5|3.5|4,False,0.5,True,True,False
già,nfc,1,▁già,,True,1.0,False,False,False
già,nfd,2,▁gia|̀,2.5,False,0.0,False,True,False
giàn,nfc,2,▁gi|àn,2,False,1.0,True,False,False
giàn,nfd,2,▁gia|̀n,2.5,False,0.0,False,False,False
giàng,nfc,2,▁gi|àng,2,False,1.0,True,False,False
giàng,nfd,2,▁gia|̀ng,2.5,False,0.0,False,False,False
giành,nfc,1,▁giành,,True,1.0,False,False,False
giành,nfd,2,▁gia|̀nh,2.5,False,0.0,False,False,False
giào,nfc,2,▁gi|ào,2,False,1.0,True,False,False
giào,nfd,3,▁gia|̀|o,2.5|3,False,0.5,False,True,False
giàu,nfc,1,▁giàu,,True,1.0,False,False,False
giàu,nfd,2,▁gia|̀u,2.5,False,0.0,False,False,False
giày,nfc,1,▁giày,,True,1.0,False,False,False
giày,nfd,3,▁gia|̀|y,2.5|3,False,0.5,False,True,False
giá,nfc,1,▁giá,,True,1.0,False,False,False
giá,nfd,2,▁gia|́,2.5,False,0.0,False,True,False
giác,nfc,1,▁giác,,True,1.0,False,False,False
giác,nfd,2,▁gia|́c,2.5,False,0.0,False,False,False
giám,nfc,1,▁giám,,True,1.0,False,False,False
giám,nfd,3,▁gia|́|m,2.5|3,False,0.5,False,True,False
gián,nfc,2,▁gi|án,2,False,1.0,True,False,False
gián,nfd,2,▁gia|́n,2.5,False,0.0,False,False,False
giáng,nfc,2,▁gi|áng,2,False,1.0,True,False,False
giáng,nfd,2,▁gia|́ng,2.5,False,0.0,False,False,False
giáo,nfc,1,▁giáo,,True,1.0,False,False,False
giáo,nfd,3,▁gia|́|o,2.5|3,False,0.5,False,True,False
giáp,nfc,1,▁giáp,,True,1.0,False,False,False
giáp,nfd,3,▁gia|́|p,2.5|3,False,0.5,False,True,False
giát,nfc,2,▁gi|át,2,False,1.0,True,False,False
giát,nfd,2,▁gia|́t,2.5,False,0.0,False,False,False
giâm,nfc,2,▁gi|âm,2,False,1.0,True,False,False
giâm,nfd,3,▁gia|̂|m,2.5|3,False,0.5,False,False,False
giâu,nfc,2,▁gi|âu,2,False,1.0,True,False,False
giâu,nfd,3,▁gia|̂|u,2.5|3,False,0.5,False,False,False
giây,nfc,1,▁giây,,True,1.0,False,False,False
giây,nfd,3,▁gia|̂|y,2.5|3,False,0.5,False,False,False
giã,nfc,2,▁gi|ã,2,False,1.0,True,False,False
giã,nfd,2,▁gia|̃,2.5,False,0.0,False,True,False
giãi,nfc,2,▁gi|ãi,2,False,1.0,True,False,False
giãi,nfd,3,▁gia|̃|i,2.5|3,False,0.5,False,True,False
giãn,nfc,1,▁giãn,,True,1.0,False,False,False
giãn,nfd,3,▁gia|̃|n,2.5|3,False,0.5,False,True,False
giãy,nfc,2,▁gi|ãy,2,False,1.0,True,False,False
giãy,nfd,3,▁gia|̃|y,2.5|3,False,0.5,False,True,False
gièm,nfc,2,▁gi|èm,2,False,1.0,True,False,False
gièm,nfd,3,▁gie|̀|m,2.5|3,False,0.5,False,True,False
gié,nfc,2,▁gi|é,2,False,1.0,True,False,False
gié,nfd,2,▁gie|́,2.5,False,0.0,False,True,False
giéo,nfc,2,▁gi|éo,2,False,1.0,True,False,False
giéo,nfd,3,▁gie|́|o,2.5|3,False,0.5,False,True,False
giêng,nfc,2,▁gi|êng,2,False,1.0,True,False,False
giêng,nfd,3,▁gie|̂|ng,2.5|3,False,0.5,False,False,False
giò,nfc,2,▁gi|ò,2,False,1.0,True,False,False
giò,nfd,2,▁gio|̀,2.5,False,0.0,False,True,False
giòi,nfc,2,▁gi|òi,2,False,1.0,True,False,False
giòi,nfd,2,▁gio|̀i,2.5,False,0.0,False,False,False
giòn,nfc,2,▁gi|òn,2,False,1.0,True,False,False
giòn,nfd,2,▁gio|̀n,2.5,False,0.0,False,False,False
gió,nfc,1,▁gió,,True,1.0,False,False,False
gió,nfd,2,▁gio|́,2.5,False,0.0,False,True,False
gióc,nfc,2,▁gi|óc,2,False,1.0,True,False,False
gióc,nfd,2,▁gio|́c,2.5,False,0.0,False,False,False
giói,nfc,2,▁gi|ói,2,False,1.0,True,False,False
giói,nfd,2,▁gio|́i,2.5,False,0.0,False,False,False
gión,nfc,2,▁g|ión,1,False,0.0,False,False,False
gión,nfd,2,▁gio|́n,2.5,False,0.0,False,False,False
gióng,nfc,2,▁gi|óng,2,False,1.0,True,False,False
gióng,nfd,2,▁gio|́ng,2.5,False,0.0,False,False,False
giô,nfc,2,▁gi|ô,2,False,1.0,True,False,False
giô,nfd,2,▁gio|̂,2.5,False,0.0,False,False,False
giôn,nfc,2,▁gi|ôn,2,False,1.0,True,False,False
giôn,nfd,3,▁gio|̂|n,2.5|3,False,0.5,False,False,False
giông,nfc,2,▁gi|ông,2,False,1.0,True,False,False
giông,nfd,3,▁gio|̂|ng,2.5|3,False,0.5,False,False,False
giùi,nfc,2,▁gi|ùi,2,False,1.0,True,False,False
giùi,nfd,2,▁giu|̀i,2.5,False,0.0,False,False,False
giùm,nfc,2,▁gi|ùm,2,False,1.0,True,False,False
giùm,nfd,3,▁giu|̀|m,2.5|3,False,0.5,False,True,False
giú,nfc,2,▁gi|ú,2,False,1.0,True,False,False
giú,nfd,2,▁giu|́,2.5,False,0.0,False,True,False
giúi,nfc,2,▁gi|úi,2,False,1.0,True,False,False
giúi,nfd,2,▁giu|́i,2.5,False,0.0,False,False,False
giúp,nfc,1,▁giúp,,True,1.0,False,False,False
giúp,nfd,3,▁giu|́|p,2.5|3,False,0.5,False,True,False
giăm,nfc,2,▁gi|ăm,2,False,1.0,True,False,False
giăm,nfd,3,▁gia|̆|m,2.5|3,False,0.5,False,False,False
giăng,nfc,2,▁gi|ăng,2,False,1.0,True,False,False
giăng,nfd,3,▁gia|̆|ng,2.5|3,False,0.5,False,False,False
giũ,nfc,2,▁gi|ũ,2,False,1.0,True,False,False
giũ,nfd,2,▁giu|̃,2.5,False,0.0,False,True,False
giũa,nfc,3,▁gi|ũ|a,2|3,False,0.5,True,False,False
giũa,nfd,3,▁giu|̃|a,2.5|3,False,0.0,False,True,False
giơ,nfc,2,▁gi|ơ,2,False,1.0,True,False,False
giơ,nfd,2,▁gio|̛,2.5,False,0.0,False,False,False
giương,nfc,2,▁gi|ương,2,False,1.0,True,False,False
giương,nfd,5,▁giu|̛|o|̛|ng,2.5|3|3.5|4,False,0.25,False,False,False
giướng,nfc,2,▁gi|ướng,2,False,1.0,True,False,False
giướng,nfd,5,▁giu|̛|o|̛|́ng,2.5|3|3.5|3.5,False,0.0,False,False,False
giường,nfc,1,▁giường,,True,1.0,False,False,False
giường,nfd,5,▁giu|̛|o|̛|̀ng,2.5|3|3.5|3.5,False,0.0,False,False,False
giượng,nfc,2,▁gi|ượng,2,False,1.0,True,False,False
giượng,nfd,5,▁giu|̛|o|̛|̣ng,2.5|3|3.5|3.5,False,0.0,False,False,False
giạ,nfc,2,▁gi|ạ,2,False,1.0,True,False,False
giạ,nfd,2,▁gia|̣,2.5,False,0.0,False,True,False
giại,nfc,2,▁gi|ại,2,False,1.0,True,False,False
giại,nfd,2,▁gia|̣i,2.5,False,0.0,False,False,False
giạng,nfc,2,▁gi|ạng,2,False,1.0,True,False,False
giạng,nfd,2,▁gia|̣ng,2.5,False,0.0,False,False,False
giạt,nfc,2,▁gi|ạt,2,False,1.0,True,False,False
giạt,nfd,2,▁gia|̣t,2.5,False,0.0,False,False,False
giả,nfc,1,▁giả,,True,1.0,False,False,False
giả,nfd,2,▁gia|̉,2.5,False,0.0,False,True,False
giải,nfc,1,▁giải,,True,1.0,False,False,False
giải,nfd,3,▁gia|̉|i,2.5|3,False,0.5,False,True,False
giảm,nfc,1,▁giảm,,True,1.0,False,False,False
giảm,nfd,3,▁gia|̉|m,2.5|3,False,0.5,False,True,False
giản,nfc,1,▁giản,,True,1.0,False,False,False
giản,nfd,3,▁gia|̉|n,2.5|3,False,0.5,False,True,False
giảng,nfc,1,▁giảng,,True,1.0,False,False,False
giảng,nfd,3,▁gia|̉|ng,2.5|3,False,0.5,False,True,False
giảnh,nfc,2,▁gi|ảnh,2,False,1.0,True,False,False
giảnh,nfd,3,▁gia|̉|nh,2.5|3,False,0.5,False,True,False
giảo,nfc,2,▁gi|ảo,2,False,1.0,True,False,False
giảo,nfd,3,▁gia|̉|o,2.5|3,False,0.5,False,True,False
giảu,nfc,2,▁giả|u,3,False,1.0,False,False,False
giảu,nfd,3,▁gia|̉|u,2.5|3,False,0.5,False,True,False
giấc,nfc,1,▁giấc,,True,1.0,False,False,False
giấc,nfd,3,▁gia|̂|́c,2.5|2.5,False,0.0,False,False,False
giấm,nfc,2,▁gi|ấm,2,False,1.0,True,False,False
giấm,nfd,4,▁gia|̂|́|m,2.5|2.5|3,False,0.3333333333333333,False,True,False
giấp,nfc,2,▁gi|ấp,2,False,1.0,True,False,False
giấp,nfd,4,▁gia|̂|́|p,2.5|2.5|3,False,0.3333333333333333,False,True,False
giấu,nfc,2,▁gi|ấu,2,False,1.0,True,False,False
giấu,nfd,4,▁gia|̂|́|u,2.5|2.5|3,False,0.3333333333333333,False,True,False
giấy,nfc,1,▁giấy,,True,1.0,False,False,False
giấy,nfd,4,▁gia|̂|́|y,2.5|2.5|3,False,0.3333333333333333,False,True,False
giầm,nfc,2,▁gi|ầm,2,False,1.0,True,False,False
giầm,nfd,4,▁gia|̂|̀|m,2.5|2.5|3,False,0.3333333333333333,False,True,False
giần,nfc,2,▁gi|ần,2,False,1.0,True,False,False
giần,nfd,3,▁gia|̂|̀n,2.5|2.5,False,0.0,False,False,False
giầu,nfc,2,▁gi|ầu,2,False,1.0,True,False,False
giầu,nfd,3,▁gia|̂|̀u,2.5|2.5,False,0.0,False,False,False
giầy,nfc,2,▁gi|ầy,2,False,1.0,True,False,False
giầy,nfd,4,▁gia|̂|̀|y,2.5|2.5|3,False,0.3333333333333333,False,True,False
giẫm,nfc,3,▁gi|ẫ|m,2|3,False,1.0,True,False,False
giẫm,nfd,4,▁gia|̂|̃|m,2.5|2.5|3,False,0.3333333333333333,False,True,False
giẫy,nfc,2,▁gi|ẫy,2,False,1.0,True,False,False
giẫy,nfd,4,▁gia|̂|̃|y,2.5|2.5|3,False,0.3333333333333333,False,True,False
giậm,nfc,2,▁gi|ậm,2,False,1.0,True,False,False
giậm,nfd,4,▁gia|̣|̂|m,2.5|2.5|3,False,0.3333333333333333,False,True,False
giận,nfc,2,▁gi|ận,2,False,1.0,True,False,False
giận,nfd,4,▁gia|̣|̂|n,2.5|2.5|3,False,0.3333333333333333,False,True,False
giập,nfc,2,▁gi|ập,2,False,1.0,True,False,False
giập,nfd,4,▁gia|̣|̂|p,2.5|2.5|3,False,0.3333333333333333,False,True,False
giật,nfc,2,▁gi|ật,2,False,1.0,True,False,False
giật,nfd,4,▁gia|̣|̂|t,2.5|2.5|3,False,0.3333333333333333,False,True,False
giậu,nfc,2,▁gi|ậu,2,False,1.0,True,False,False
giậu,nfd,4,▁gia|̣|̂|u,2.5|2.5|3,False,0.3333333333333333,False,True,False
giắn,nfc,2,▁gi|ắn,2,False,1.0,True,False,False
giắn,nfd,3,▁gia|̆|́n,2.5|2.5,False,0.0,False,False,False
giắt,nfc,2,▁gi|ắt,2,False,1.0,True,False,False
giắt,nfd,3,▁gia|̆|́t,2.5|2.5,False,0.0,False,False,False
giằm,nfc,2,▁gi|ằm,2,False,1.0,True,False,False
giằm,nfd,4,▁gia|̆|̀|m,2.5|2.5|3,False,0.3333333333333333,False,True,False
giằn,nfc,3,▁gi|ằ|n,2|3,False,1.0,True,False,False
giằn,nfd,3,▁gia|̆|̀n,2.5|2.5,False,0.0,False,False,False
giằng,nfc,2,▁gi|ằng,2,False,1.0,True,False,False
giằng,nfd,3,▁gia|̆|̀ng,2.5|2.5,False,0.0,False,False,False
giặc,nfc,2,▁gi|ặc,2,False,1.0,True,False,False
giặc,nfd,4,▁gia|̣|̆|c,2.5|2.5|3,False,0.3333333333333333,False,True,False
giặm,nfc,3,▁gi|ặ|m,2|3,False,1.0,True,False,False
giặm,nfd,4,▁gia|̣|̆|m,2.5|2.5|3,False,0.3333333333333333,False,True,False
giặn,nfc,2,▁gi|ặn,2,False,1.0,True,False,False
giặn,nfd,4,▁gia|̣|̆|n,2.5|2.5|3,False,0.3333333333333333,False,True,False
giặt,nfc,1,▁giặt,,True,1.0,False,False,False
giặt,nfd,4,▁gia|̣|̆|t,2.5|2.5|3,False,0.3333333333333333,False,True,False
giẹo,nfc,2,▁gi|ẹo,2,False,1.0,True,False,False
giẹo,nfd,3,▁gie|̣|o,2.5|3,False,0.5,False,True,False
giẹp,nfc,2,▁gi|ẹp,2,False,1.0,True,False,False
giẹp,nfd,3,▁gie|̣|p,2.5|3,False,0.5,False,True,False
giẻ,nfc,2,▁gi|ẻ,2,False,1.0,True,False,False
giẻ,nfd,2,▁gie|̉,2.5,False,0.0,False,True,False
giếc,nfc,2,▁gi|ếc,2,False,1.0,True,False,False
giếc,nfd,3,▁gie|̂|́c,2.5|2.5,False,0.0,False,False,False
giếm,nfc,2,▁gi|ếm,2,False,1.0,True,False,False
giếm,nfd,4,▁gie|̂|́|m,2.5|2.5|3,False,0.3333333333333333,False,True,False
giếng,nfc,2,▁gi|ếng,2,False,1.0,True,False,False
giếng,nfd,3,▁gie|̂|́ng,2.5|2.5,False,0.0,False,False,False
giết,nfc,1,▁giết,,True,1.0,False,False,False
giết,nfd,3,▁gie|̂|́t,2.5|2.5,False,0.0,False,False,False
giền,nfc,2,▁gi|ền,2,False,1.0,True,False,False
giền,nfd,3,▁gie|̂|̀n,2.5|2.5,False,0.0,False,False,False
giềng,nfc,3,▁gi|ề|ng,2|3,False,1.0,True,False,False
giềng,nfd,3,▁gie|̂|̀ng,2.5|2.5,False,0.0,False,False,False
giễu,nfc,3,▁gi|ễ|u,2|3,False,1.0,True,False,False
giễu,nfd,4,▁gie|̂|̃|u,2.5|2.5|3,False,0.3333333333333333,False,True,False
giọ,nfc,2,▁gi|ọ,2,False,1.0,True,False,False
giọ,nfd,2,▁gio|̣,2.5,False,0.0,False,True,False
giọc,nfc,2,▁gi|ọc,2,False,1.0,True,False,False
giọc,nfd,2,▁gio|̣c,2.5,False,0.0,False,False,False
giọi,nfc,2,▁gi|ọi,2,False,1.0,True,False,False
giọi,nfd,2,▁gio|̣i,2.5,False,0.0,False,False,False
giọng,nfc,1,▁giọng,,True,1.0,False,False,False
giọng,nfd,2,▁gio|̣ng,2.5,False,0.0,False,False,False
giọt,nfc,2,▁gi|ọt,2,False,1.0,True,False,False
giọt,nfd,2,▁gio|̣t,2.5,False,0.0,False,False,False
giỏ,nfc,2,▁gi|ỏ,2,False,1.0,True,False,False
giỏ,nfd,2,▁gio|̉,2.5,False,0.0,False,True,False
giỏi,nfc,2,▁gi|ỏi,2,False,1.0,True,False,False
giỏi,nfd,3,▁gio|̉|i,2.5|3,False,0.5,False,True,False
giỏn,nfc,3,▁gi|ỏ|n,2|3,False,1.0,True,False,False
giỏn,nfd,3,▁gio|̉|n,2.5|3,False,0.5,False,True,False
giỏng,nfc,2,▁gi|ỏng,2,False,1.0,True,False,False
giỏng,nfd,3,▁gio|̉|ng,2.5|3,False,0.5,False,True,False
giối,nfc,2,▁gi|ối,2,False,1.0,True,False,False
giối,nfd,3,▁gio|̂|́i,2.5|2.5,False,0.0,False,False,False
giống,nfc,1,▁giống,,True,1.0,False,False,False
giống,nfd,3,▁gio|̂|́ng,2.5|2.5,False,0.0,False,False,False
giốt,nfc,2,▁gi|ốt,2,False,1.0,True,False,False
giốt,nfd,3,▁gio|̂|́t,2.5|2.5,False,0.0,False,False,False
giồ,nfc,2,▁gi|ồ,2,False,1.0,True,False,False
giồ,nfd,3,▁gio|̂|̀,2.5|2.5,False,0.0,False,True,False
giồi,nfc,2,▁gi|ồi,2,False,1.0,True,False,False
giồi,nfd,3,▁gio|̂|̀i,2.5|2.5,False,0.0,False,False,False
giồng,nfc,2,▁gi|ồng,2,False,1.0,True,False,False
giồng,nfd,3,▁gio|̂|̀ng,2.5|2.5,False,0.0,False,False,False
giổi,nfc,2,▁gi|ổi,2,False,1.0,True,False,False
giổi,nfd,4,▁gio|̂|̉|i,2.5|2.5|3,False,0.3333333333333333,False,True,False
giỗ,nfc,2,▁gi|ỗ,2,False,1.0,True,False,False
giỗ,nfd,3,▁gio|̂|̃,2.5|2.5,False,0.0,False,True,False
giộ,nfc,2,▁gi|ộ,2,False,1.0,True,False,False
giộ,nfd,3,▁gio|̣|̂,2.5|2.5,False,0.0,False,True,False
giội,nfc,2,▁gi|ội,2,False,1.0,True,False,False
giội,nfd,4,▁gio|̣|̂|i,2.5|2.5|3,False,0.3333333333333333,False,True,False
giộp,nfc,2,▁gi|ộp,2,False,1.0,True,False,False
giộp,nfd,4,▁gio|̣|̂|p,2.5|2.5|3,False,0.3333333333333333,False,True,False
giới,nfc,1,▁giới,,True,1.0,False,False,False
giới,nfd,3,▁gio|̛|́i,2.5|2.5,False,0.0,False,False,False
giờ,nfc,1,▁giờ,,True,1.0,False,False,False
giờ,nfd,3,▁gio|̛|̀,2.5|2.5,False,0.0,False,True,False
giời,nfc,2,▁gi|ời,2,False,1.0,True,False,False
giời,nfd,3,▁gio|̛|̀i,2.5|2.5,False,0.0,False,False,False
giờn,nfc,2,▁giờ|n,3,False,1.0,False,False,False
giờn,nfd,3,▁gio|̛|̀n,2.5|2.5,False,0.0,False,False,False
giở,nfc,2,▁gi|ở,2,False,1.0,True,False,False
giở,nfd,3,▁gio|̛|̉,2.5|2.5,False,0.0,False,True,False
giỡn,nfc,3,▁gi|ỡ|n,2|3,False,1.0,True,False,False
giỡn,nfd,4,▁gio|̛|̃|n,2.5|2.5|3,False,0.3333333333333333,False,True,False
giụa,nfc,3,▁gi|ụ|a,2|3,False,0.5,True,False,False
giụa,nfd,3,▁giu|̣|a,2.5|3,False,0.0,False,True,False
giục,nfc,2,▁gi|ục,2,False,1.0,True,False,False
giục,nfd,2,▁giu|̣c,2.5,False,0.0,False,False,False
giụi,nfc,3,▁gi|ụ|i,2|3,False,1.0,True,False,False
giụi,nfd,2,▁giu|̣i,2.5,False,0.0,False,False,False
giủi,nfc,2,▁gi|ủi,2,False,1.0,True,False,False
giủi,nfd,3,▁giu|̉|i,2.5|3,False,0.5,False,True,False
giừ,nfc,2,▁gi|ừ,2,False,1.0,True,False,False
giừ,nfd,3,▁giu|̛|̀,2.5|2.5,False,0.0,False,True,False
giữ,nfc,1,▁giữ,,True,1.0,False,False,False
giữ,nfd,3,▁giu|̛|̃,2.5|2.5,False,0.0,False,True,False
giữa,nfc,1,▁giữa,,True,1.0,False,False,False
giữa,nfd,4,▁giu|̛|̃|a,2.5|2.5|3,False,0.0,False,True,False
giựt,nfc,3,▁gi|ự|t,2|3,False,1.0,True,False,False
giựt,nfd,3,▁giu|̛|̣t,2.5|2.5,False,0.0,False,False,False
go,nfc,1,▁go,,True,1.0,False,False,False
go,nfd,1,▁go,,True,1.0,False,False,False
gom,nfc,1,▁gom,,True,1.0,False,False,False
gom,nfd,1,▁gom,,True,1.0,False,False,False
gon,nfc,1,▁gon,,True,1.0,False,False,False
gon,nfd,1,▁gon,,True,1.0,False,False,False
goá,nfc,2,▁go|á,2,False,1.0,False,False,False
goá,nfd,2,▁goa|́,2.5,False,0.0,False,True,False
goòng,nfc,2,▁go|òng,2,False,0.0,False,False,False
goòng,nfd,2,▁goo|̀ng,2.5,False,0.0,False,False,False
gu,nfc,1,▁gu,,True,1.0,False,False,False
gu,nfd,1,▁gu,,True,1.0,False,False,False
guốc,nfc,2,▁gu|ốc,2,False,0.0,False,False,False
guốc,nfd,4,▁gu|o|̂|́c,2|2.5|2.5,False,0.0,False,False,False
guồi,nfc,2,▁gu|ồi,2,False,0.0,False,False,False
guồi,nfd,4,▁gu|o|̂|̀i,2|2.5|2.5,False,0.0,False,False,False
guồng,nfc,2,▁gu|ồng,2,False,0.0,False,False,False
guồng,nfd,4,▁gu|o|̂|̀ng,2|2.5|2.5,False,0.0,False,False,False
guộc,nfc,2,▁gu|ộc,2,False,0.0,False,False,False
guộc,nfd,5,▁gu|o|̣|̂|c,2|2.5|2.5|3,False,0.25,False,True,False
gà,nfc,1,▁gà,,True,1.0,False,False,False
gà,nfd,2,▁ga|̀,1.5,False,0.0,False,True,False
gài,nfc,2,▁g|ài,1,False,1.0,True,False,False
gài,nfd,2,▁ga|̀i,1.5,False,0.0,False,False,False
gàn,nfc,2,▁g|àn,1,False,1.0,True,False,False
gàn,nfd,2,▁ga|̀n,1.5,False,0.0,False,False,False
gàng,nfc,2,▁g|àng,1,False,1.0,True,False,False
gàng,nfd,2,▁ga|̀ng,1.5,False,0.0,False,False,False
gành,nfc,2,▁g|ành,1,False,1.0,True,False,False
gành,nfd,2,▁ga|̀nh,1.5,False,0.0,False,False,False
gào,nfc,2,▁g|ào,1,False,1.0,True,False,False
gào,nfd,3,▁ga|̀|o,1.5|2,False,0.5,False,True,False
gàu,nfc,2,▁g|àu,1,False,1.0,True,False,False
gàu,nfd,2,▁ga|̀u,1.5,False,0.0,False,False,False
gá,nfc,2,▁g|á,1,False,1.0,True,False,False
gá,nfd,2,▁ga|́,1.5,False,0.0,False,True,False
gác,nfc,2,▁g|ác,1,False,1.0,True,False,False
gác,nfd,2,▁ga|́c,1.5,False,0.0,False,False,False
gái,nfc,1,▁gái,,True,1.0,False,False,False
gái,nfd,2,▁ga|́i,1.5,False,0.0,False,False,False
gán,nfc,2,▁g|án,1,False,1.0,True,False,False
gán,nfd,2,▁ga|́n,1.5,False,0.0,False,False,False
gánh,nfc,2,▁g|ánh,1,False,1.0,True,False,False
gánh,nfd,3,▁ga|́|nh,1.5|2,False,0.5,False,True,False
gáo,nfc,2,▁g|áo,1,False,1.0,True,False,False
gáo,nfd,3,▁ga|́|o,1.5|2,False,0.5,False,True,False
gáp,nfc,2,▁g|áp,1,False,1.0,True,False,False
gáp,nfd,3,▁ga|́|p,1.5|2,False,0.5,False,True,False
gáu,nfc,2,▁g|áu,1,False,1.0,True,False,False
gáu,nfd,3,▁ga|́|u,1.5|2,False,0.5,False,True,False
gáy,nfc,2,▁g|áy,1,False,1.0,True,False,False
gáy,nfd,3,▁ga|́|y,1.5|2,False,0.5,False,True,False
gâm,nfc,2,▁g|âm,1,False,1.0,True,False,False
gâm,nfd,3,▁ga|̂|m,1.5|2,False,0.5,False,False,False
gân,nfc,2,▁g|ân,1,False,1.0,True,False,False
gân,nfd,3,▁ga|̂|n,1.5|2,False,0.5,False,False,False
gâu,nfc,2,▁g|âu,1,False,1.0,True,False,False
gâu,nfd,3,▁ga|̂|u,1.5|2,False,0.5,False,False,False
gây,nfc,1,▁gây,,True,1.0,False,False,False
gây,nfd,3,▁ga|̂|y,1.5|2,False,0.5,False,False,False
gã,nfc,2,▁g|ã,1,False,1.0,True,False,False
gã,nfd,2,▁ga|̃,1.5,False,0.0,False,True,False
gãi,nfc,2,▁g|ãi,1,False,1.0,True,False,False
gãi,nfd,3,▁ga|̃|i,1.5|2,False,0.5,False,True,False
gãy,nfc,2,▁g|ãy,1,False,1.0,True,False,False
gãy,nfd,3,▁ga|̃|y,1.5|2,False,0.5,False,True,False
gì,nfc,1,▁gì,,True,1.0,False,False,False
gì,nfd,2,▁gi|̀,1.5,False,0.0,False,True,False
gìm,nfc,2,▁gì|m,2,False,1.0,True,False,False
gìm,nfd,3,▁gi|̀|m,1.5|2,False,0.5,True,True,False
gìn,nfc,2,▁gì|n,2,False,1.0,True,False,False
gìn,nfd,2,▁gi|̀n,1.5,False,0.0,False,False,False
gí,nfc,2,▁g|í,1,False,0.0,False,False,False
gí,nfd,2,▁gi|́,1.5,False,0.0,False,True,False
gích,nfc,2,▁g|ích,1,False,0.0,False,False,False
gích,nfd,3,▁gi|́|ch,1.5|2,False,0.5,True,True,False
gíp,nfc,2,▁g|íp,1,False,0.0,False,False,False
gíp,nfd,3,▁gi|́|p,1.5|2,False,0.5,True,True,False
gò,nfc,2,▁g|ò,1,False,1.0,True,False,False
gò,nfd,2,▁go|̀,1.5,False,0.0,False,True,False
gòn,nfc,1,▁gòn,,True,1.0,False,False,False
gòn,nfd,2,▁go|̀n,1.5,False,0.0,False,False,False
góc,nfc,1,▁góc,,True,1.0,False,False,False
góc,nfd,2,▁go|́c,1.5,False,0.0,False,False,False
gói,nfc,1,▁gói,,True,1.0,False,False,False
gói,nfd,2,▁go|́i,1.5,False,0.0,False,False,False
góp,nfc,1,▁góp,,True,1.0,False,False,False
góp,nfd,3,▁go|́|p,1.5|2,False,0.5,False,True,False
gót,nfc,2,▁g|ót,1,False,1.0,True,False,False
gót,nfd,2,▁go|́t,1.5,False,0.0,False,False,False
gô,nfc,2,▁g|ô,1,False,1.0,True,False,False
gô,nfd,2,▁go|̂,1.5,False,0.0,False,False,False
gôm,nfc,2,▁g|ôm,1,False,1.0,True,False,False
gôm,nfd,3,▁go|̂|m,1.5|2,False,0.5,False,False,False
gôn,nfc,2,▁g|ôn,1,False,1.0,True,False,False
gôn,nfd,3,▁go|̂|n,1.5|2,False,0.5,False,False,False
gông,nfc,2,▁g|ông,1,False,1.0,True,False,False
gông,nfd,3,▁go|̂|ng,1.5|2,False,0.5,False,False,False
gõ,nfc,2,▁g|õ,1,False,1.0,True,False,False
gõ,nfd,2,▁go|̃,1.5,False,0.0,False,True,False
gù,nfc,2,▁g|ù,1,False,1.0,True,False,False
gù,nfd,2,▁gu|̀,1.5,False,0.0,False,True,False
gùi,nfc,2,▁g|ùi,1,False,1.0,True,False,False
gùi,nfd,2,▁gu|̀i,1.5,False,0.0,False,False,False
gùn,nfc,2,▁g|ùn,1,False,1.0,True,False,False
gùn,nfd,2,▁gu|̀n,1.5,False,0.0,False,False,False
gùng,nfc,2,▁g|ùng,1,False,1.0,True,False,False
gùng,nfd,2,▁gu|̀ng,1.5,False,0.0,False,False,False
gút,nfc,2,▁g|út,1,False,1.0,True,False,False
gút,nfd,2,▁gu|́t,1.5,False,0.0,False,False,False
găm,nfc,2,▁g|ăm,1,False,1.0,True,False,False
găm,nfd,3,▁ga|̆|m,1.5|2,False,0.5,False,False,False
găn,nfc,2,▁g|ăn,1,False,1.0,True,False,False
găn,nfd,3,▁ga|̆|n,1.5|2,False,0.5,False,False,False
găng,nfc,2,▁g|ăng,1,False,1.0,True,False,False
găng,nfd,3,▁ga|̆|ng,1.5|2,False,0.5,False,False,False
gũi,nfc,3,▁g|ũ|i,1|2,False,1.0,True,False,False
gũi,nfd,3,▁gu|̃|i,1.5|2,False,0.5,False,True,False
gơ,nfc,2,▁g|ơ,1,False,1.0,True,False,False
gơ,nfd,2,▁go|̛,1.5,False,0.0,False,False,False
gươm,nfc,3,▁g|ươ|m,1|3,False,1.0,True,False,False
gươm,nfd,5,▁gu|̛|o|̛|m,1.5|2|2.5|3,False,0.25,False,False,False
gương,nfc,1,▁gương,,True,1.0,False,False,False
gương,nfd,5,▁gu|̛|o|̛|ng,1.5|2|2.5|3,False,0.25,False,False,False
gườm,nfc,3,▁g|ườ|m,1|3,False,1.0,True,False,False
gườm,nfd,6,▁gu|̛|o|̛|̀|m,1.5|2|2.5|2.5|3,False,0.2,False,True,False
gường,nfc,2,▁g|ường,1,False,1.0,True,False,False
gường,nfd,5,▁gu|̛|o|̛|̀ng,1.5|2|2.5|2.5,False,0.0,False,False,False
gưỡng,nfc,2,▁g|ưỡng,1,False,1.0,True,False,False
gưỡng,nfd,6,▁gu|̛|o|̛|̃|ng,1.5|2|2.5|2.5|3,False,0.2,False,True,False
gượm,nfc,3,▁g|ượ|m,1|3,False,1.0,True,False,False
gượm,nfd,6,▁gu|̛|o|̛|̣|m,1.5|2|2.5|2.5|3,False,0.2,False,True,False
gượng,nfc,2,▁g|ượng,1,False,1.0,True,False,False
gượng,nfd,5,▁gu|̛|o|̛|̣ng,1.5|2|2.5|2.5,False,0.0,False,False,False
gạ,nfc,2,▁g|ạ,1,False,1.0,True,False,False
gạ,nfd,2,▁ga|̣,1.5,False,0.0,False,True,False
gạc,nfc,2,▁g|ạc,1,False,1.0,True,False,False
gạc,nfd,2,▁ga|̣c,1.5,False,0.0,False,False,False
gạch,nfc,1,▁gạch,,True,1.0,False,False,False
gạch,nfd,3,▁ga|̣|ch,1.5|2,False,0.5,False,True,False
gạn,nfc,2,▁g|ạn,1,False,1.0,True,False,False
gạn,nfd,2,▁ga|̣n,1.5,False,0.0,False,False,False
gạnh,nfc,2,▁g|ạnh,1,False,1.0,True,False,False
gạnh,nfd,3,▁ga|̣|nh,1.5|2,False,0.5,False,True,False
gạo,nfc,1,▁gạo,,True,1.0,False,False,False
gạo,nfd,3,▁ga|̣|o,1.5|2,False,0.5,False,True,False
gạt,nfc,2,▁g|ạt,1,False,1.0,True,False,False
gạt,nfd,2,▁ga|̣t,1.5,False,0.0,False,False,False
gả,nfc,2,▁g|ả,1,False,1.0,True,False,False
gả,nfd,2,▁ga|̉,1.5,False,0.0,False,True,False
gảy,nfc,2,▁g|ảy,1,False,1.0,True,False,False
gảy,nfd,3,▁ga|̉|y,1.5|2,False,0.5,False,True,False
gấc,nfc,2,▁g|ấc,1,False,1.0,True,False,False
gấc,nfd,3,▁ga|̂|́c,1.5|1.5,False,0.0,False,False,False
gấm,nfc,2,▁g|ấm,1,False,1.0,True,False,False
gấm,nfd,4,▁ga|̂|́|m,1.5|1.5|2,False,0.3333333333333333,False,True,False
gấp,nfc,1,▁gấp,,True,1.0,False,False,False
gấp,nfd,4,▁ga|̂|́|p,1.5|1.5|2,False,0.3333333333333333,False,True,False
gấu,nfc,1,▁gấu,,True,1.0,False,False,False
gấu,nfd,4,▁ga|̂|́|u,1.5|1.5|2,False,0.3333333333333333,False,True,False
gấy,nfc,2,▁g|ấy,1,False,1.0,True,False,False
gấy,nfd,4,▁ga|̂|́|y,1.5|1.5|2,False,0.3333333333333333,False,True,False
gầm,nfc,2,▁g|ầm,1,False,1.0,True,False,False
gầm,nfd,4,▁ga|̂|̀|m,1.5|1.5|2,False,0.3333333333333333,False,True,False
gần,nfc,1,▁gần,,True,1.0,False,False,False
gần,nfd,3,▁ga|̂|̀n,1.5|1.5,False,0.0,False,False,False
gầu,nfc,2,▁g|ầu,1,False,1.0,True,False,False
gầu,nfd,3,▁ga|̂|̀u,1.5|1.5,False,0.0,False,False,False
gầy,nfc,2,▁g|ầy,1,False,1.0,True,False,False
gầy,nfd,4,▁ga|̂|̀|y,1.5|1.5|2,False,0.3333333333333333,False,True,False
gẩm,nfc,2,▁g|ẩm,1,False,1.0,True,False,False
gẩm,nfd,4,▁ga|̂|̉|m,1.5|1.5|2,False,0.3333333333333333,False,True,False
gẫm,nfc,3,▁g|ẫ|m,1|2,False,1.0,True,False,False
gẫm,nfd,4,▁ga|̂|̃|m,1.5|1.5|2,False,0.3333333333333333,False,True,False
gẫu,nfc,2,▁g|ẫu,1,False,1.0,True,False,False
gẫu,nfd,4,▁ga|̂|̃|u,1.5|1.5|2,False,0.3333333333333333,False,True,False
gậm,nfc,2,▁g|ậm,1,False,1.0,True,False,False
gậm,nfd,4,▁ga|̣|̂|m,1.5|1.5|2,False,0.3333333333333333,False,True,False
gập,nfc,2,▁g|ập,1,False,1.0,True,False,False
gập,nfd,4,▁ga|̣|̂|p,1.5|1.5|2,False,0.3333333333333333,False,True,False
gật,nfc,2,▁g|ật,1,False,1.0,True,False,False
gật,nfd,4,▁ga|̣|̂|t,1.5|1.5|2,False,0.3333333333333333,False,True,False
gậy,nfc,2,▁g|ậy,1,False,1.0,True,False,False
gậy,nfd,4,▁ga|̣|̂|y,1.5|1.5|2,False,0.3333333333333333,False,True,False
gắm,nfc,2,▁g|ắm,1,False,1.0,True,False,False
gắm,nfd,4,▁ga|̆|́|m,1.5|1.5|2,False,0.3333333333333333,False,True,False
gắn,nfc,1,▁gắn,,True,1.0,False,False,False
gắn,nfd,3,▁ga|̆|́n,1.5|1.5,False,0.0,False,False,False
gắng,nfc,1,▁gắng,,True,1.0,False,False,False
gắng,nfd,3,▁ga|̆|́ng,1.5|1.5,False,0.0,False,False,False
gắp,nfc,2,▁g|ắp,1,False,1.0,True,False,False
gắp,nfd,4,▁ga|̆|́|p,1.5|1.5|2,False,0.3333333333333333,False,True,False
gắt,nfc,2,▁g|ắt,1,False,1.0,True,False,False
gắt,nfd,3,▁ga|̆|́t,1.5|1.5,False,0.0,False,False,False
gằm,nfc,2,▁g|ằm,1,False,1.0,True,False,False
gằm,nfd,4,▁ga|̆|̀|m,1.5|1.5|2,False,0.3333333333333333,False,True,False
gằn,nfc,3,▁g|ằ|n,1|2,False,1.0,True,False,False
gằn,nfd,3,▁ga|̆|̀n,1.5|1.5,False,0.0,False,False,False
gặc,nfc,2,▁g|ặc,1,False,1.0,True,False,False
gặc,nfd,4,▁ga|̣|̆|c,1.5|1.5|2,False,0.3333333333333333,False,True,False
gặm,nfc,3,▁g|ặ|m,1|2,False,1.0,True,False,False
gặm,nfd,4,▁ga|̣|̆|m,1.5|1.5|2,False,0.3333333333333333,False,True,False
gặn,nfc,2,▁g|ặn,1,False,1.0,True,False,False
gặn,nfd,4,▁ga|̣|̆|n,1.5|1.5|2,False,0.3333333333333333,False,True,False
gặng,nfc,2,▁g|ặng,1,False,1.0,True,False,False
gặng,nfd,4,▁ga|̣|̆|ng,1.5|1.5|2,False,0.3333333333333333,False,True,False
gặp,nfc,1,▁gặp,,True,1.0,False,False,False
gặp,nfd,4,▁ga|̣|̆|p,1.5|1.5|2,False,0.3333333333333333,False,True,False
gặt,nfc,2,▁g|ặt,1,False,1.0,True,False,False
gặt,nfd,4,▁ga|̣|̆|t,1.5|1.5|2,False,0.3333333333333333,False,True,False
gỉ,nfc,2,▁g|ỉ,1,False,0.0,False,False,False
gỉ,nfd,2,▁gi|̉,1.5,False,0.0,False,True,False
gọi,nfc,1,▁gọi,,True,1.0,False,False,False
gọi,nfd,2,▁go|̣i,1.5,False,0.0,False,False,False
gọn,nfc,1,▁gọn,,True,1.0,False,False,False
gọn,nfd,2,▁go|̣n,1.5,False,0.0,False,False,False
gọng,nfc,2,▁g|ọng,1,False,1.0,True,False,False
gọng,nfd,2,▁go|̣ng,1.5,False,0.0,False,False,False
gọt,nfc,2,▁g|ọt,1,False,1.0,True,False,False
gọt,nfd,2,▁go|̣t,1.5,False,0.0,False,False,False
gỏi,nfc,2,▁g|ỏi,1,False,1.0,True,False,False
gỏi,nfd,3,▁go|̉|i,1.5|2,False,0.5,False,True,False
gỏng,nfc,2,▁g|ỏng,1,False,1.0,True,False,False
gỏng,nfd,3,▁go|̉|ng,1.5|2,False,0.5,False,True,False
gốc,nfc,1,▁gốc,,True,1.0,False,False,False
gốc,nfd,3,▁go|̂|́c,1.5|1.5,False,0.0,False,False,False
gối,nfc,1,▁gối,,True,1.0,False,False,False
gối,nfd,3,▁go|̂|́i,1.5|1.5,False,0.0,False,False,False
gốm,nfc,2,▁g|ốm,1,False,1.0,True,False,False
gốm,nfd,4,▁go|̂|́|m,1.5|1.5|2,False,0.3333333333333333,False,True,False
gồ,nfc,2,▁g|ồ,1,False,1.0,True,False,False
gồ,nfd,3,▁go|̂|̀,1.5|1.5,False,0.0,False,True,False
gồi,nfc,2,▁g|ồi,1,False,1.0,True,False,False
gồi,nfd,3,▁go|̂|̀i,1.5|1.5,False,0.0,False,False,False
gồm,nfc,1,▁gồm,,True,1.0,False,False,False
gồm,nfd,4,▁go|̂|̀|m,1.5|1.5|2,False,0.3333333333333333,False,True,False
gồng,nfc,2,▁g|ồng,1,False,1.0,True,False,False
gồng,nfd,3,▁go|̂|̀ng,1.5|1.5,False,0.0,False,False,False
gổ,nfc,2,▁g|ổ,1,False,1.0,True,False,False
gổ,nfd,3,▁go|̂|̉,1.5|1.5,False,0.0,False,True,False
gỗ,nfc,1,▁gỗ,,True,1.0,False,False,False
gỗ,nfd,3,▁go|̂|̃,1.5|1.5,False,0.0,False,True,False
gộ,nfc,2,▁g|ộ,1,False,1.0,True,False,False
gộ,nfd,3,▁go|̣|̂,1.5|1.5,False,0.0,False,True,False
gộc,nfc,2,▁g|ộc,1,False,1.0,True,False,False
gộc,nfd,4,▁go|̣|̂|c,1.5|1.5|2,False,0.3333333333333333,False,True,False
gội,nfc,2,▁g|ội,1,False,1.0,True,False,False
gội,nfd,4,▁go|̣|̂|i,1.5|1.5|2,False,0.3333333333333333,False,True,False
gộp,nfc,2,▁g|ộp,1,False,1.0,True,False,False
gộp,nfd,4,▁go|̣|̂|p,1.5|1.5|2,False,0.3333333333333333,False,True,False
gột,nfc,2,▁g|ột,1,False,1.0,True,False,False
gột,nfd,4,▁go|̣|̂|t,1.5|1.5|2,False,0.3333333333333333,False,True,False
gớm,nfc,2,▁g|ớm,1,False,1.0,True,False,False
gớm,nfd,4,▁go|̛|́|m,1.5|1.5|2,False,0.3333333333333333,False,True,False
gờ,nfc,2,▁g|ờ,1,False,1.0,True,False,False
gờ,nfd,3,▁go|̛|̀,1.5|1.5,False,0.0,False,True,False
gờm,nfc,3,▁g|ờ|m,1|2,False,1.0,True,False,False
gờm,nfd,4,▁go|̛|̀|m,1.5|1.5|2,False,0.3333333333333333,False,True,False
gờn,nfc,3,▁g|ờ|n,1|2,False,1.0,True,False,False
gờn,nfd,3,▁go|̛|̀n,1.5|1.5,False,0.0,False,False,False
gở,nfc,2,▁g|ở,1,False,1.0,True,False,False
gở,nfd,3,▁go|̛|̉,1.5|1.5,False,0.0,False,True,False
gởi,nfc,2,▁g|ởi,1,False,1.0,True,False,False
gởi,nfd,4,▁go|̛|̉|i,1.5|1.5|2,False,0.3333333333333333,False,True,False
gỡ,nfc,2,▁g|ỡ,1,False,1.0,True,False,False
gỡ,nfd,3,▁go|̛|̃,1.5|1.5,False,0.0,False,True,False
gợi,nfc,1,▁gợi,,True,1.0,False,False,False
gợi,nfd,3,▁go|̛|̣i,1.5|1.5,False,0.0,False,False,False
gợn,nfc,2,▁g|ợn,1,False,1.0,True,False,False
gợn,nfd,3,▁go|̛|̣n,1.5|1.5,False,0.0,False,False,False
gợt,nfc,2,▁g|ợt,1,False,1.0,True,False,False
gợt,nfd,3,▁go|̛|̣t,1.5|1.5,False,0.0,False,False,False
gụ,nfc,2,▁g|ụ,1,False,1.0,True,False,False
gụ,nfd,2,▁gu|̣,1.5,False,0.0,False,True,False
gục,nfc,2,▁g|ục,1,False,1.0,True,False,False
gục,nfd,2,▁gu|̣c,1.5,False,0.0,False,False,False
gụi,nfc,3,▁g|ụ|i,1|2,False,1.0,True,False,False
gụi,nfd,2,▁gu|̣i,1.5,False,0.0,False,False,False
gụt,nfc,3,▁g|ụ|t,1|2,False,1.0,True,False,False
gụt,nfd,2,▁gu|̣t,1.5,False,0.0,False,False,False
gừ,nfc,2,▁g|ừ,1,False,1.0,True,False,False
gừ,nfd,3,▁gu|̛|̀,1.5|1.5,False,0.0,False,True,False
gừng,nfc,2,▁g|ừng,1,False,1.0,True,False,False
gừng,nfd,3,▁gu|̛|̀ng,1.5|1.5,False,0.0,False,False,False
gửi,nfc,1,▁gửi,,True,1.0,False,False,False
gửi,nfd,4,▁gu|̛|̉|i,1.5|1.5|2,False,0.3333333333333333,False,True,False
ha,nfc,1,▁ha,,True,1.0,False,False,False
ha,nfd,1,▁ha,,True,1.0,False,False,False
hai,nfc,1,▁hai,,True,1.0,False,False,False
hai,nfd,1,▁hai,,True,1.0,False,False,False
ham,nfc,1,▁ham,,True,1.0,False,False,False
ham,nfd,1,▁ham,,True,1.0,False,False,False
han,nfc,1,▁han,,True,1.0,False,False,False
han,nfd,1,▁han,,True,1.0,False,False,False
hang,nfc,1,▁hang,,True,1.0,False,False,False
hang,nfd,1,▁hang,,True,1.0,False,False,False
hanh,nfc,2,▁han|h,3,False,0.0,False,False,False
hanh,nfd,2,▁han|h,3,False,0.0,False,False,False
hao,nfc,1,▁hao,,True,1.0,False,False,False
hao,nfd,1,▁hao,,True,1.0,False,False,False
hau,nfc,1,▁hau,,True,1.0,False,False,False
hau,nfd,1,▁hau,,True,1.0,False,False,False
hay,nfc,1,▁hay,,True,1.0,False,False,False
hay,nfd,1,▁hay,,True,1.0,False,False,False
he,nfc,1,▁he,,True,1.0,False,False,False
he,nfd,1,▁he,,True,1.0,False,False,False
hem,nfc,1,▁hem,,True,1.0,False,False,False
hem,nfd,1,▁hem,,True,1.0,False,False,False
hen,nfc,1,▁hen,,True,1.0,False,False,False
hen,nfd,1,▁hen,,True,1.0,False,False,False
heo,nfc,1,▁heo,,True,1.0,False,False,False
heo,nfd,1,▁heo,,True,1.0,False,False,False
hi,nfc,1,▁hi,,True,1.0,False,False,False
hi,nfd,1,▁hi,,True,1.0,False,False,False
hia,nfc,2,▁h|ia,1,False,1.0,True,False,False
hia,nfd,2,▁h|ia,1,False,1.0,True,False,False
him,nfc,1,▁him,,True,1.0,False,False,False
him,nfd,1,▁him,,True,1.0,False,False,False
hiu,nfc,2,▁hi|u,2,False,1.0,False,False,False
hiu,nfd,2,▁hi|u,2,False,1.0,False,False,False
hiên,nfc,2,▁hi|ên,2,False,0.0,False,False,False
hiên,nfd,3,▁hie|̂|n,2.5|3,False,0.5,False,False,False
hiêng,nfc,2,▁hi|êng,2,False,0.0,False,False,False
hiêng,nfd,3,▁hie|̂|ng,2.5|3,False,0.5,False,False,False
hiếm,nfc,2,▁hi|ếm,2,False,0.0,False,False,False
hiếm,nfd,4,▁hie|̂|́|m,2.5|2.5|3,False,0.3333333333333333,False,True,False
hiến,nfc,2,▁hi|ến,2,False,0.0,False,False,False
hiến,nfd,3,▁hie|̂|́n,2.5|2.5,False,0.0,False,False,False
hiếng,nfc,2,▁hi|ếng,2,False,0.0,False,False,False
hiếng,nfd,3,▁hie|̂|́ng,2.5|2.5,False,0.0,False,False,False
hiếp,nfc,2,▁hi|ếp,2,False,0.0,False,False,False
hiếp,nfd,4,▁hie|̂|́|p,2.5|2.5|3,False,0.3333333333333333,False,True,False
hiếu,nfc,2,▁hi|ếu,2,False,0.0,False,False,False
hiếu,nfd,4,▁hie|̂|́|u,2.5|2.5|3,False,0.3333333333333333,False,True,False
hiềm,nfc,2,▁hi|ềm,2,False,0.0,False,False,False
hiềm,nfd,4,▁hie|̂|̀|m,2.5|2.5|3,False,0.3333333333333333,False,True,False
hiền,nfc,2,▁hi|ền,2,False,0.0,False,False,False
hiền,nfd,3,▁hie|̂|̀n,2.5|2.5,False,0.0,False,False,False
hiểm,nfc,1,▁hiểm,,True,1.0,False,False,False
hiểm,nfd,4,▁hie|̂|̉|m,2.5|2.5|3,False,0.3333333333333333,False,True,False
hiển,nfc,1,▁hiển,,True,1.0,False,False,False
hiển,nfd,4,▁hie|̂|̉|n,2.5|2.5|3,False,0.3333333333333333,False,True,False
hiểu,nfc,1,▁hiểu,,True,1.0,False,False,False
hiểu,nfd,4,▁hie|̂|̉|u,2.5|2.5|3,False,0.3333333333333333,False,True,False
hiện,nfc,1,▁hiện,,True,1.0,False,False,False
hiện,nfd,4,▁hie|̣|̂|n,2.5|2.5|3,False,0.3333333333333333,False,True,False
hiệp,nfc,1,▁hiệp,,True,1.0,False,False,False
hiệp,nfd,4,▁hie|̣|̂|p,2.5|2.5|3,False,0.3333333333333333,False,True,False
hiệu,nfc,1,▁hiệu,,True,1.0,False,False,False
hiệu,nfd,4,▁hie|̣|̂|u,2.5|2.5|3,False,0.3333333333333333,False,True,False
ho,nfc,1,▁ho,,True,1.0,False,False,False
ho,nfd,1,▁ho,,True,1.0,False,False,False
hoa,nfc,1,▁hoa,,True,1.0,False,False,False
hoa,nfd,1,▁hoa,,True,1.0,False,False,False
hoan,nfc,2,▁ho|an,2,False,1.0,False,False,False
hoan,nfd,2,▁ho|an,2,False,1.0,False,False,False
hoang,nfc,1,▁hoang,,True,1.0,False,False,False
hoang,nfd,1,▁hoang,,True,1.0,False,False,False
hoay,nfc,2,▁ho|ay,2,False,1.0,False,False,False
hoay,nfd,2,▁ho|ay,2,False,1.0,False,False,False
hoe,nfc,1,▁hoe,,True,1.0,False,False,False
hoe,nfd,1,▁hoe,,True,1.0,False,False,False
hoen,nfc,2,▁ho|en,2,False,1.0,False,False,False
hoen,nfd,2,▁ho|en,2,False,1.0,False,False,False
hoi,nfc,1,▁hoi,,True,1.0,False,False,False
hoi,nfd,1,▁hoi,,True,1.0,False,False,False
hom,nfc,1,▁hom,,True,1.0,False,False,False
hom,nfd,1,▁hom,,True,1.0,False,False,False
hon,nfc,1,▁hon,,True,1.0,False,False,False
hon,nfd,1,▁hon,,True,1.0,False,False,False
hong,nfc,1,▁hong,,True,1.0,False,False,False
hong,nfd,1,▁hong,,True,1.0,False,False,False
hoà,nfc,2,▁ho|à,2,False,1.0,False,False,False
hoà,nfd,2,▁hoa|̀,2.5,False,0.0,False,True,False
hoài,nfc,2,▁ho|ài,2,False,1.0,False,False,False
hoài,nfd,2,▁hoa|̀i,2.5,False,0.0,False,False,False
hoàn,nfc,1,▁hoàn,,True,1.0,False,False,False
hoàn,nfd,2,▁hoa|̀n,2.5,False,0.0,False,False,False
hoàng,nfc,1,▁hoàng,,True,1.0,False,False,False
hoàng,nfd,2,▁hoa|̀ng,2.5,False,0.0,False,False,False
hoành,nfc,2,▁ho|ành,2,False,1.0,False,False,False
hoành,nfd,2,▁hoa|̀nh,2.5,False,0.0,False,False,False
hoá,nfc,1,▁hoá,,True,1.0,False,False,False
hoá,nfd,2,▁hoa|́,2.5,False,0.0,False,True,False
hoác,nfc,2,▁ho|ác,2,False,1.0,False,False,False
hoác,nfd,2,▁hoa|́c,2.5,False,0.0,False,False,False
hoán,nfc,2,▁ho|án,2,False,1.0,False,False,False
hoán,nfd,2,▁hoa|́n,2.5,False,0.0,False,False,False
hoáy,nfc,2,▁hoá|y,3,False,1.0,False,False,False
hoáy,nfd,3,▁hoa|́|y,2.5|3,False,0.5,False,True,False
hoãn,nfc,2,▁ho|ãn,2,False,1.0,False,False,False
hoãn,nfd,3,▁hoa|̃|n,2.5|3,False,0.5,False,True,False
hoè,nfc,2,▁ho|è,2,False,1.0,False,False,False
hoè,nfd,2,▁hoe|̀,2.5,False,0.0,False,True,False
hoét,nfc,2,▁ho|ét,2,False,1.0,False,False,False
hoét,nfd,2,▁hoe|́t,2.5,False,0.0,False,False,False
hoăm,nfc,2,▁ho|ăm,2,False,1.0,False,False,False
hoăm,nfd,3,▁hoa|̆|m,2.5|3,False,0.5,False,False,False
hoăng,nfc,2,▁ho|ăng,2,False,1.0,False,False,False
hoăng,nfd,3,▁hoa|̆|ng,2.5|3,False,0.5,False,False,False
hoạ,nfc,2,▁ho|ạ,2,False,1.0,False,False,False
hoạ,nfd,2,▁hoa|̣,2.5,False,0.0,False,True,False
hoạch,nfc,1,▁hoạch,,True,1.0,False,False,False
hoạch,nfd,3,▁hoa|̣|ch,2.5|3,False,0.5,False,True,False
hoại,nfc,2,▁ho|ại,2,False,1.0,False,False,False
hoại,nfd,2,▁hoa|̣i,2.5,False,0.0,False,False,False
hoạn,nfc,2,▁ho|ạn,2,False,1.0,False,False,False
hoạn,nfd,2,▁hoa|̣n,2.5,False,0.0,False,False,False
hoạnh,nfc,2,▁ho|ạnh,2,False,1.0,False,False,False
hoạnh,nfd,3,▁hoa|̣|nh,2.5|3,False,0.5,False,True,False
hoạt,nfc,1,▁hoạt,,True,1.0,False,False,False
hoạt,nfd,2,▁hoa|̣t,2.5,False,0.0,False,False,False
hoả,nfc,2,▁ho|ả,2,False,1.0,False,False,False
hoả,nfd,2,▁hoa|̉,2.5,False,0.0,False,True,False
hoải,nfc,2,▁ho|ải,2,False,1.0,False,False,False
hoải,nfd,3,▁hoa|̉|i,2.5|3,False,0.5,False,True,False
hoảng,nfc,2,▁ho|ảng,2,False,1.0,False,False,False
hoảng,nfd,3,▁hoa|̉|ng,2.5|3,False,0.5,False,True,False
hoảnh,nfc,2,▁ho|ảnh,2,False,1.0,False,False,False
hoảnh,nfd,3,▁hoa|̉|nh,2.5|3,False,0.5,False,True,False
hoắc,nfc,2,▁ho|ắc,2,False,1.0,False,False,False
hoắc,nfd,3,▁hoa|̆|́c,2.5|2.5,False,0.0,False,False,False
hoắm,nfc,2,▁ho|ắm,2,False,1.0,False,False,False
hoắm,nfd,4,▁hoa|̆|́|m,2.5|2.5|3,False,0.3333333333333333,False,True,False
hoắt,nfc,2,▁ho|ắt,2,False,1.0,False,False,False
hoắt,nfd,3,▁hoa|̆|́t,2.5|2.5,False,0.0,False,False,False
hoẳn,nfc,2,▁ho|ẳn,2,False,1.0,False,False,False
hoẳn,nfd,4,▁hoa|̆|̉|n,2.5|2.5|3,False,0.3333333333333333,False,True,False
hoẵng,nfc,2,▁ho|ẵng,2,False,1.0,False,False,False
hoẵng,nfd,4,▁hoa|̆|̃|ng,2.5|2.5|3,False,0.3333333333333333,False,True,False
hoặc,nfc,1,▁hoặc,,True,1.0,False,False,False
hoặc,nfd,4,▁hoa|̣|̆|c,2.5|2.5|3,False,0.3333333333333333,False,True,False
hoẹ,nfc,2,▁ho|ẹ,2,False,1.0,False,False,False
hoẹ,nfd,2,▁hoe|̣,2.5,False,0.0,False,True,False
hoẹt,nfc,3,▁ho|ẹ|t,2|3,False,1.0,False,False,False
hoẹt,nfd,2,▁hoe|̣t,2.5,False,0.0,False,False,False
hoẻn,nfc,3,▁ho|ẻ|n,2|3,False,1.0,False,False,False
hoẻn,nfd,3,▁hoe|̉|n,2.5|3,False,0.5,False,True,False
hu,nfc,1,▁hu,,True,1.0,False,False,False
hu,nfd,1,▁hu,,True,1.0,False,False,False
hua,nfc,1,▁hua,,True,1.0,False,False,False
hua,nfd,1,▁hua,,True,1.0,False,False,False
hum,nfc,1,▁hum,,True,1.0,False,False,False
hum,nfd,1,▁hum,,True,1.0,False,False,False
hun,nfc,1,▁hun,,True,1.0,False,False,False
hun,nfd,1,▁hun,,True,1.0,False,False,False
hung,nfc,1,▁hung,,True,1.0,False,False,False
hung,nfd,1,▁hung,,True,1.0,False,False,False
huy,nfc,1,▁huy,,True,1.0,False,False,False
huy,nfd,1,▁huy,,True,1.0,False,False,False
huynh,nfc,2,▁hu|ynh,2,False,1.0,False,False,False
huynh,nfd,2,▁hu|ynh,2,False,1.0,False,False,False
huyên,nfc,2,▁huy|ên,3,False,0.0,False,False,False
huyên,nfd,4,▁hu|ye|̂|n,2|3.5|4,False,0.6666666666666666,False,False,False
huyết,nfc,1,▁huyết,,True,1.0,False,False,False
huyết,nfd,4,▁hu|ye|̂|́t,2|3.5|3.5,False,0.3333333333333333,False,False,False
huyền,nfc,1,▁huyền,,True,1.0,False,False,False
huyền,nfd,4,▁hu|ye|̂|̀n,2|3.5|3.5,False,0.3333333333333333,False,False,False
huyễn,nfc,2,▁huy|ễn,3,False,0.0,False,False,False
huyễn,nfd,5,▁hu|ye|̂|̃|n,2|3.5|3.5|4,False,0.5,False,True,False
huyện,nfc,1,▁huyện,,True,1.0,False,False,False
huyện,nfd,5,▁hu|ye|̣|̂|n,2|3.5|3.5|4,False,0.5,False,True,False
huyệt,nfc,2,▁huy|ệt,3,False,0.0,False,False,False
huyệt,nfd,5,▁hu|ye|̣|̂|t,2|3.5|3.5|4,False,0.5,False,True,False
huân,nfc,2,▁hu|ân,2,False,1.0,False,False,False
huân,nfd,3,▁hua|̂|n,2.5|3,False,0.5,False,False,False
huê,nfc,2,▁hu|ê,2,False,1.0,False,False,False
huê,nfd,2,▁hue|̂,2.5,False,0.0,False,False,False
huênh,nfc,3,▁hu|ê|nh,2|3,False,1.0,False,False,False
huênh,nfd,3,▁hue|̂|nh,2.5|3,False,0.5,False,False,False
huý,nfc,2,▁hu|ý,2,False,1.0,False,False,False
huý,nfd,2,▁huy|́,2.5,False,0.0,False,True,False
huých,nfc,2,▁hu|ých,2,False,1.0,False,False,False
huých,nfd,3,▁huy|́|ch,2.5|3,False,0.5,False,True,False
huýt,nfc,2,▁hu|ýt,2,False,1.0,False,False,False
huýt,nfd,2,▁huy|́t,2.5,False,0.0,False,False,False
huơ,nfc,2,▁hu|ơ,2,False,1.0,False,False,False
huơ,nfd,2,▁huo|̛,2.5,False,0.0,False,False,False
huấn,nfc,2,▁hu|ấn,2,False,1.0,False,False,False
huấn,nfd,3,▁hua|̂|́n,2.5|2.5,False,0.0,False,False,False
huếch,nfc,3,▁hu|ế|ch,2|3,False,1.0,False,False,False
huếch,nfd,4,▁hue|̂|́|ch,2.5|2.5|3,False,0.3333333333333333,False,True,False
huề,nfc,2,▁hu|ề,2,False,1.0,False,False,False
huề,nfd,3,▁hue|̂|̀,2.5|2.5,False,0.0,False,True,False
huệ,nfc,2,▁hu|ệ,2,False,1.0,False,False,False
huệ,nfd,3,▁hue|̣|̂,2.5|2.5,False,0.0,False,True,False
huống,nfc,2,▁hu|ống,2,False,0.0,False,False,False
huống,nfd,3,▁huo|̂|́ng,2.5|2.5,False,0.0,False,False,False
huỳnh,nfc,2,▁hu|ỳnh,2,False,1.0,False,False,False
huỳnh,nfd,2,▁huy|̀nh,2.5,False,0.0,False,False,False
huỵch,nfc,3,▁hu|ỵ|ch,2|3,False,1.0,False,False,False
huỵch,nfd,3,▁huy|̣|ch,2.5|3,False,0.5,False,True,False
huỷ,nfc,2,▁hu|ỷ,2,False,1.0,False,False,False
huỷ,nfd,2,▁huy|̉,2.5,False,0.0,False,True,False
hy,nfc,1,▁hy,,True,1.0,False,False,False
hy,nfd,1,▁hy,,True,1.0,False,False,False
hà,nfc,1,▁hà,,True,1.0,False,False,False
hà,nfd,2,▁ha|̀,1.5,False,0.0,False,True,False
hài,nfc,1,▁hài,,True,1.0,False,False,False
hài,nfd,2,▁ha|̀i,1.5,False,0.0,False,False,False
hàm,nfc,1,▁hàm,,True,1.0,False,False,False
hàm,nfd,3,▁ha|̀|m,1.5|2,False,0.5,False,True,False
hàn,nfc,1,▁hàn,,True,1.0,False,False,False
hàn,nfd,2,▁ha|̀n,1.5,False,0.0,False,False,False
hàng,nfc,1,▁hàng,,True,1.0,False,False,False
hàng,nfd,2,▁ha|̀ng,1.5,False,0.0,False,False,False
hành,nfc,1,▁hành,,True,1.0,False,False,False
hành,nfd,2,▁ha|̀nh,1.5,False,0.0,False,False,False
hào,nfc,1,▁hào,,True,1.0,False,False,False
hào,nfd,3,▁ha|̀|o,1.5|2,False,0.5,False,True,False
hàu,nfc,2,▁h|àu,1,False,1.0,True,False,False
hàu,nfd,2,▁ha|̀u,1.5,False,0.0,False,False,False
há,nfc,1,▁há,,True,1.0,False,False,False
há,nfd,2,▁ha|́,1.5,False,0.0,False,True,False
hác,nfc,2,▁h|ác,1,False,1.0,True,False,False
hác,nfd,2,▁ha|́c,1.5,False,0.0,False,False,False
hách,nfc,2,▁h|ách,1,False,1.0,True,False,False
hách,nfd,3,▁ha|́|ch,1.5|2,False,0.5,False,True,False
hái,nfc,2,▁h|ái,1,False,1.0,True,False,False
hái,nfd,2,▁ha|́i,1.5,False,0.0,False,False,False
hám,nfc,2,▁h|ám,1,False,1.0,True,False,False
hám,nfd,3,▁ha|́|m,1.5|2,False,0.5,False,True,False
hán,nfc,2,▁h|án,1,False,1.0,True,False,False
hán,nfd,2,▁ha|́n,1.5,False,0.0,False,False,False
háng,nfc,2,▁h|áng,1,False,1.0,True,False,False
háng,nfd,2,▁ha|́ng,1.5,False,0.0,False,False,False
hánh,nfc,2,▁há|nh,2,False,1.0,False,False,False
hánh,nfd,3,▁ha|́|nh,1.5|2,False,0.5,False,True,False
háo,nfc,2,▁há|o,2,False,1.0,False,False,False
háo,nfd,3,▁ha|́|o,1.5|2,False,0.5,False,True,False
hát,nfc,1,▁hát,,True,1.0,False,False,False
hát,nfd,2,▁ha|́t,1.5,False,0.0,False,False,False
háu,nfc,2,▁há|u,2,False,1.0,False,False,False
háu,nfd,3,▁ha|́|u,1.5|2,False,0.5,False,True,False
háy,nfc,2,▁há|y,2,False,1.0,False,False,False
háy,nfd,3,▁ha|́|y,1.5|2,False,0.5,False,True,False
hâm,nfc,1,▁hâm,,True,1.0,False,False,False
hâm,nfd,3,▁ha|̂|m,1.5|2,False,0.5,False,False,False
hân,nfc,2,▁h|ân,1,False,1.0,True,False,False
hân,nfd,3,▁ha|̂|n,1.5|2,False,0.5,False,False,False
hâu,nfc,2,▁h|âu,1,False,1.0,True,False,False
hâu,nfd,3,▁ha|̂|u,1.5|2,False,0.5,False,False,False
hây,nfc,2,▁h|ây,1,False,1.0,True,False,False
hây,nfd,3,▁ha|̂|y,1.5|2,False,0.5,False,False,False
hãi,nfc,2,▁hã|i,2,False,1.0,False,False,False
hãi,nfd,3,▁ha|̃|i,1.5|2,False,0.5,False,True,False
hãm,nfc,2,▁hã|m,2,False,1.0,False,False,False
hãm,nfd,3,▁ha|̃|m,1.5|2,False,0.5,False,True,False
hãn,nfc,2,▁hã|n,2,False,1.0,False,False,False
hãn,nfd,3,▁ha|̃|n,1.5|2,False,0.5,False,True,False
hãng,nfc,1,▁hãng,,True,1.0,False,False,False
hãng,nfd,3,▁ha|̃|ng,1.5|2,False,0.5,False,True,False
hãnh,nfc,2,▁hã|nh,2,False,1.0,False,False,False
hãnh,nfd,3,▁ha|̃|nh,1.5|2,False,0.5,False,True,False
hão,nfc,2,▁h|ão,1,False,1.0,True,False,False
hão,nfd,2,▁ha|̃o,1.5,False,0.0,False,False,False
hãy,nfc,1,▁hãy,,True,1.0,False,False,False
hãy,nfd,3,▁ha|̃|y,1.5|2,False,0.5,False,True,False
hè,nfc,1,▁hè,,True,1.0,False,False,False
hè,nfd,2,▁he|̀,1.5,False,0.0,False,True,False
hèm,nfc,2,▁h|èm,1,False,1.0,True,False,False
hèm,nfd,3,▁he|̀|m,1.5|2,False,0.5,False,True,False
hèn,nfc,2,▁h|èn,1,False,1.0,True,False,False
hèn,nfd,2,▁he|̀n,1.5,False,0.0,False,False,False
hèo,nfc,2,▁h|èo,1,False,1.0,True,False,False
hèo,nfd,3,▁he|̀|o,1.5|2,False,0.5,False,True,False
hé,nfc,1,▁hé,,True,1.0,False,False,False
hé,nfd,2,▁he|́,1.5,False,0.0,False,True,False
héc,nfc,2,▁h|éc,1,False,1.0,True,False,False
héc,nfd,2,▁he|́c,1.5,False,0.0,False,False,False
héo,nfc,2,▁h|éo,1,False,1.0,True,False,False
héo,nfd,3,▁he|́|o,1.5|2,False,0.5,False,True,False
hét,nfc,1,▁hét,,True,1.0,False,False,False
hét,nfd,2,▁he|́t,1.5,False,0.0,False,False,False
hê,nfc,2,▁h|ê,1,False,1.0,True,False,False
hê,nfd,2,▁he|̂,1.5,False,0.0,False,False,False
hên,nfc,2,▁h|ên,1,False,1.0,True,False,False
hên,nfd,3,▁he|̂|n,1.5|2,False,0.5,False,False,False
hênh,nfc,3,▁h|ê|nh,1|2,False,1.0,True,False,False
hênh,nfd,3,▁he|̂|nh,1.5|2,False,0.5,False,False,False
hì,nfc,2,▁h|ì,1,False,1.0,True,False,False
hì,nfd,2,▁hi|̀,1.5,False,0.0,False,True,False
hình,nfc,1,▁hình,,True,1.0,False,False,False
hình,nfd,2,▁hi|̀nh,1.5,False,0.0,False,False,False
hí,nfc,1,▁hí,,True,1.0,False,False,False
hí,nfd,2,▁hi|́,1.5,False,0.0,False,True,False
hích,nfc,2,▁h|ích,1,False,1.0,True,False,False
hích,nfd,3,▁hi|́|ch,1.5|2,False,0.5,False,True,False
híp,nfc,2,▁hí|p,2,False,1.0,False,False,False
híp,nfd,3,▁hi|́|p,1.5|2,False,0.5,False,True,False
hít,nfc,2,▁h|ít,1,False,1.0,True,False,False
hít,nfd,2,▁hi|́t,1.5,False,0.0,False,False,False
hò,nfc,2,▁h|ò,1,False,1.0,True,False,False
hò,nfd,2,▁ho|̀,1.5,False,0.0,False,True,False
hòi,nfc,2,▁h|òi,1,False,1.0,True,False,False
hòi,nfd,2,▁ho|̀i,1.5,False,0.0,False,False,False
hòm,nfc,2,▁h|òm,1,False,1.0,True,False,False
hòm,nfd,3,▁ho|̀|m,1.5|2,False,0.5,False,True,False
hòn,nfc,2,▁h|òn,1,False,1.0,True,False,False
hòn,nfd,2,▁ho|̀n,1.5,False,0.0,False,False,False
hòng,nfc,2,▁h|òng,1,False,1.0,True,False,False
hòng,nfd,2,▁ho|̀ng,1.5,False,0.0,False,False,False
hóc,nfc,2,▁h|óc,1,False,1.0,True,False,False
hóc,nfd,2,▁ho|́c,1.5,False,0.0,False,False,False
hói,nfc,2,▁h|ói,1,False,1.0,True,False,False
hói,nfd,2,▁ho|́i,1.5,False,0.0,False,False,False
hóm,nfc,2,▁h|óm,1,False,1.0,True,False,False
hóm,nfd,3,▁ho|́|m,1.5|2,False,0.5,False,True,False
hóng,nfc,2,▁h|óng,1,False,1.0,True,False,False
hóng,nfd,2,▁ho|́ng,1.5,False,0.0,False,False,False
hóp,nfc,2,▁hó|p,2,False,1.0,False,False,False
hóp,nfd,3,▁ho|́|p,1.5|2,False,0.5,False,True,False
hót,nfc,2,▁h|ót,1,False,1.0,True,False,False
hót,nfd,2,▁ho|́t,1.5,False,0.0,False,False,False
hô,nfc,1,▁hô,,True,1.0,False,False,False
hô,nfd,2,▁ho|̂,1.5,False,0.0,False,False,False
hôi,nfc,2,▁h|ôi,1,False,1.0,True,False,False
hôi,nfd,3,▁ho|̂|i,1.5|2,False,0.5,False,False,False
hôm,nfc,1,▁hôm,,True,1.0,False,False,False
hôm,nfd,3,▁ho|̂|m,1.5|2,False,0.5,False,False,False
hôn,nfc,1,▁hôn,,True,1.0,False,False,False
hôn,nfd,3,▁ho|̂|n,1.5|2,False,0.5,False,False,False
hông,nfc,2,▁h|ông,1,False,1.0,True,False,False
hông,nfd,3,▁ho|̂|ng,1.5|2,False,0.5,False,False,False
hõm,nfc,3,▁h|õ|m,1|2,False,1.0,True,False,False
hõm,nfd,3,▁ho|̃|m,1.5|2,False,0.5,False,True,False
hù,nfc,2,▁h|ù,1,False,1.0,True,False,False
hù,nfd,2,▁hu|̀,1.5,False,0.0,False,True,False
hùa,nfc,2,▁h|ùa,1,False,1.0,True,False,False
hùa,nfd,3,▁hu|̀|a,1.5|2,False,0.0,False,True,False
hùm,nfc,2,▁h|ùm,1,False,1.0,True,False,False
hùm,nfd,3,▁hu|̀|m,1.5|2,False,0.5,False,True,False
hùn,nfc,2,▁h|ùn,1,False,1.0,True,False,False
hùn,nfd,2,▁hu|̀n,1.5,False,0.0,False,False,False
hùng,nfc,1,▁hùng,,True,1.0,False,False,False
hùng,nfd,2,▁hu|̀ng,1.5,False,0.0,False,False,False
hú,nfc,1,▁hú,,True,1.0,False,False,False
hú,nfd,2,▁hu|́,1.5,False,0.0,False,True,False
húc,nfc,2,▁h|úc,1,False,1.0,True,False,False
húc,nfd,2,▁hu|́c,1.5,False,0.0,False,False,False
húi,nfc,2,▁hú|i,2,False,1.0,False,False,False
húi,nfd,2,▁hu|́i,1.5,False,0.0,False,False,False
húng,nfc,2,▁h|úng,1,False,1.0,True,False,False
húng,nfd,2,▁hu|́ng,1.5,False,0.0,False,False,False
húp,nfc,2,▁h|úp,1,False,1.0,True,False,False
húp,nfd,3,▁hu|́|p,1.5|2,False,0.5,False,True,False
hút,nfc,1,▁hút,,True,1.0,False,False,False
hút,nfd,2,▁hu|́t,1.5,False,0.0,False,False,False
hăm,nfc,2,▁h|ăm,1,False,1.0,True,False,False
hăm,nfd,3,▁ha|̆|m,1.5|2,False,0.5,False,False,False
hăng,nfc,2,▁h|ăng,1,False,1.0,True,False,False
hăng,nfd,3,▁ha|̆|ng,1.5|2,False,0.5,False,False,False
hĩm,nfc,3,▁h|ĩ|m,1|2,False,1.0,True,False,False
hĩm,nfd,3,▁hi|̃|m,1.5|2,False,0.5,False,True,False
hĩnh,nfc,2,▁h|ĩnh,1,False,1.0,True,False,False
hĩnh,nfd,3,▁hi|̃|nh,1.5|2,False,0.5,False,True,False
hũ,nfc,2,▁h|ũ,1,False,1.0,True,False,False
hũ,nfd,2,▁hu|̃,1.5,False,0.0,False,True,False
hũm,nfc,3,▁h|ũ|m,1|2,False,1.0,True,False,False
hũm,nfd,3,▁hu|̃|m,1.5|2,False,0.5,False,True,False
hơ,nfc,2,▁h|ơ,1,False,1.0,True,False,False
hơ,nfd,2,▁ho|̛,1.5,False,0.0,False,False,False
hơi,nfc,1,▁hơi,,True,1.0,False,False,False
hơi,nfd,3,▁ho|̛|i,1.5|2,False,0.5,False,False,False
hơn,nfc,1,▁hơn,,True,1.0,False,False,False
hơn,nfd,3,▁ho|̛|n,1.5|2,False,0.5,False,False,False
hư,nfc,1,▁hư,,True,1.0,False,False,False
hư,nfd,2,▁hu|̛,1.5,False,0.0,False,False,False
hưng,nfc,1,▁hưng,,True,1.0,False,False,False
hưng,nfd,3,▁hu|̛|ng,1.5|2,False,0.5,False,False,False
hưu,nfc,2,▁h|ưu,1,False,1.0,True,False,False
hưu,nfd,3,▁hu|̛|u,1.5|2,False,0.5,False,False,False
hương,nfc,1,▁hương,,True,1.0,False,False,False
hương,nfd,5,▁hu|̛|o|̛|ng,1.5|2|2.5|3,False,0.25,False,False,False
hươu,nfc,3,▁h|ươ|u,1|3,False,1.0,True,False,False
hươu,nfd,5,▁hu|̛|o|̛|u,1.5|2|2.5|3,False,0.25,False,False,False
hước,nfc,2,▁h|ước,1,False,1.0,True,False,False
hước,nfd,5,▁hu|̛|o|̛|́c,1.5|2|2.5|2.5,False,0.0,False,False,False
hướm,nfc,3,▁h|ướ|m,1|3,False,1.0,True,False,False
hướm,nfd,6,▁hu|̛|o|̛|́|m,1.5|2|2.5|2.5|3,False,0.2,False,True,False
hướng,nfc,1,▁hướng,,True,1.0,False,False,False
hướng,nfd,5,▁hu|̛|o|̛|́ng,1.5|2|2.5|2.5,False,0.0,False,False,False
hường,nfc,2,▁h|ường,1,False,1.0,True,False,False
hường,nfd,5,▁hu|̛|o|̛|̀ng,1.5|2|2.5|2.5,False,0.0,False,False,False
hưởng,nfc,1,▁hưởng,,True,1.0,False,False,False
hưởng,nfd,6,▁hu|̛|o|̛|̉|ng,1.5|2|2.5|2.5|3,False,0.2,False,True,False
hượm,nfc,3,▁h|ượ|m,1|3,False,1.0,True,False,False
hượm,nfd,6,▁hu|̛|o|̛|̣|m,1.5|2|2.5|2.5|3,False,0.2,False,True,False
hạ,nfc,1,▁hạ,,True,1.0,False,False,False
hạ,nfd,2,▁ha|̣,1.5,False,0.0,False,True,False
hạc,nfc,2,▁h|ạc,1,False,1.0,True,False,False
hạc,nfd,2,▁ha|̣c,1.5,False,0.0,False,False,False
hạch,nfc,2,▁h|ạch,1,False,1.0,True,False,False
hạch,nfd,3,▁ha|̣|ch,1.5|2,False,0.5,False,True,False
hại,nfc,1,▁hại,,True,1.0,False,False,False
hại,nfd,2,▁ha|̣i,1.5,False,0.0,False,False,False
hạm,nfc,2,▁h|ạm,1,False,1.0,True,False,False
hạm,nfd,3,▁ha|̣|m,1.5|2,False,0.5,False,True,False
hạn,nfc,1,▁hạn,,True,1.0,False,False,False
hạn,nfd,2,▁ha|̣n,1.5,False,0.0,False,False,False
hạng,nfc,1,▁hạng,,True,1.0,False,False,False
hạng,nfd,2,▁ha|̣ng,1.5,False,0.0,False,False,False
hạnh,nfc,1,▁hạnh,,True,1.0,False,False,False
hạnh,nfd,3,▁ha|̣|nh,1.5|2,False,0.5,False,True,False
hạo,nfc,2,▁h|ạo,1,False,1.0,True,False,False
hạo,nfd,3,▁ha|̣|o,1.5|2,False,0.5,False,True,False
hạp,nfc,2,▁h|ạp,1,False,1.0,True,False,False
hạp,nfd,3,▁ha|̣|p,1.5|2,False,0.5,False,True,False
hạt,nfc,1,▁hạt,,True,1.0,False,False,False
hạt,nfd,2,▁ha|̣t,1.5,False,0.0,False,False,False
hả,nfc,2,▁h|ả,1,False,1.0,True,False,False
hả,nfd,2,▁ha|̉,1.5,False,0.0,False,True,False
hải,nfc,1,▁hải,,True,1.0,False,False,False
hải,nfd,3,▁ha|̉|i,1.5|2,False,0.5,False,True,False
hảm,nfc,2,▁h|ảm,1,False,1.0,True,False,False
hảm,nfd,3,▁ha|̉|m,1.5|2,False,0.5,False,True,False
hảng,nfc,2,▁h|ảng,1,False,1.0,True,False,False
hảng,nfd,3,▁ha|̉|ng,1.5|2,False,0.5,False,True,False
hảo,nfc,1,▁hảo,,True,1.0,False,False,False
hảo,nfd,3,▁ha|̉|o,1.5|2,False,0.5,False,True,False
hấn,nfc,2,▁h|ấn,1,False,1.0,True,False,False
hấn,nfd,3,▁ha|̂|́n,1.5|1.5,False,0.0,False,False,False
hấng,nfc,3,▁h|ấ|ng,1|2,False,1.0,True,False,False
hấng,nfd,3,▁ha|̂|́ng,1.5|1.5,False,0.0,False,False,False
hấp,nfc,1,▁hấp,,True,1.0,False,False,False
hấp,nfd,4,▁ha|̂|́|p,1.5|1.5|2,False,0.3333333333333333,False,True,False
hất,nfc,2,▁h|ất,1,False,1.0,True,False,False
hất,nfd,3,▁ha|̂|́t,1.5|1.5,False,0.0,False,False,False
hấu,nfc,2,▁h|ấu,1,False,1.0,True,False,False
hấu,nfd,4,▁ha|̂|́|u,1.5|1.5|2,False,0.3333333333333333,False,True,False
hấy,nfc,2,▁h|ấy,1,False,1.0,True,False,False
hấy,nfd,4,▁ha|̂|́|y,1.5|1.5|2,False,0.3333333333333333,False,True,False
hầm,nfc,1,▁hầm,,True,1.0,False,False,False
hầm,nfd,4,▁ha|̂|̀|m,1.5|1.5|2,False,0.3333333333333333,False,True,False
hầu,nfc,1,▁hầu,,True,1.0,False,False,False
hầu,nfd,3,▁ha|̂|̀u,1.5|1.5,False,0.0,False,False,False
hầy,nfc,2,▁h|ầy,1,False,1.0,True,False,False
hầy,nfd,4,▁ha|̂|̀|y,1.5|1.5|2,False,0.3333333333333333,False,True,False
hẩm,nfc,2,▁h|ẩm,1,False,1.0,True,False,False
hẩm,nfd,4,▁ha|̂|̉|m,1.5|1.5|2,False,0.3333333333333333,False,True,False
hẩng,nfc,3,▁h|ẩ|ng,1|2,False,1.0,True,False,False
hẩng,nfd,4,▁ha|̂|̉|ng,1.5|1.5|2,False,0.3333333333333333,False,True,False
hẩu,nfc,2,▁h|ẩu,1,False,1.0,True,False,False
hẩu,nfd,4,▁ha|̂|̉|u,1.5|1.5|2,False,0.3333333333333333,False,True,False
hẩy,nfc,2,▁h|ẩy,1,False,1.0,True,False,False
hẩy,nfd,4,▁ha|̂|̉|y,1.5|1.5|2,False,0.3333333333333333,False,True,False
hẫng,nfc,3,▁h|ẫ|ng,1|2,False,1.0,True,False,False
hẫng,nfd,4,▁ha|̂|̃|ng,1.5|1.5|2,False,0.3333333333333333,False,True,False
hẫu,nfc,2,▁h|ẫu,1,False,1.0,True,False,False
hẫu,nfd,4,▁ha|̂|̃|u,1.5|1.5|2,False,0.3333333333333333,False,True,False
hậm,nfc,2,▁h|ậm,1,False,1.0,True,False,False
hậm,nfd,4,▁ha|̣|̂|m,1.5|1.5|2,False,0.3333333333333333,False,True,False
hận,nfc,2,▁h|ận,1,False,1.0,True,False,False
hận,nfd,4,▁ha|̣|̂|n,1.5|1.5|2,False,0.3333333333333333,False,True,False
hập,nfc,2,▁h|ập,1,False,1.0,True,False,False
hập,nfd,4,▁ha|̣|̂|p,1.5|1.5|2,False,0.3333333333333333,False,True,False
hậu,nfc,1,▁hậu,,True,1.0,False,False,False
hậu,nfd,4,▁ha|̣|̂|u,1.5|1.5|2,False,0.3333333333333333,False,True,False
hắc,nfc,2,▁h|ắc,1,False,1.0,True,False,False
hắc,nfd,3,▁ha|̆|́c,1.5|1.5,False,0.0,False,False,False
hắn,nfc,1,▁hắn,,True,1.0,False,False,False
hắn,nfd,3,▁ha|̆|́n,1.5|1.5,False,0.0,False,False,False
hắng,nfc,2,▁h|ắng,1,False,1.0,True,False,False
hắng,nfd,3,▁ha|̆|́ng,1.5|1.5,False,0.0,False,False,False
hắt,nfc,2,▁h|ắt,1,False,1.0,True,False,False
hắt,nfd,3,▁ha|̆|́t,1.5|1.5,False,0.0,False,False,False
hằm,nfc,2,▁h|ằm,1,False,1.0,True,False,False
hằm,nfd,4,▁ha|̆|̀|m,1.5|1.5|2,False,0.3333333333333333,False,True,False
hằn,nfc,3,▁h|ằ|n,1|2,False,1.0,True,False,False
hằn,nfd,3,▁ha|̆|̀n,1.5|1.5,False,0.0,False,False,False
hằng,nfc,2,▁h|ằng,1,False,1.0,True,False,False
hằng,nfd,3,▁ha|̆|̀ng,1.5|1.5,False,0.0,False,False,False
hẳn,nfc,1,▁hẳn,,True,1.0,False,False,False
hẳn,nfd,4,▁ha|̆|̉|n,1.5|1.5|2,False,0.3333333333333333,False,True,False
hẵng,nfc,2,▁h|ẵng,1,False,1.0,True,False,False
hẵng,nfd,4,▁ha|̆|̃|ng,1.5|1.5|2,False,0.3333333333333333,False,True,False
hặc,nfc,2,▁h|ặc,1,False,1.0,True,False,False
hặc,nfd,4,▁ha|̣|̆|c,1.5|1.5|2,False,0.3333333333333333,False,True,False
hẹ,nfc,2,▁h|ẹ,1,False,1.0,True,False,False
hẹ,nfd,2,▁he|̣,1.5,False,0.0,False,True,False
hẹm,nfc,3,▁h|ẹ|m,1|2,False,1.0,True,False,False
hẹm,nfd,3,▁he|̣|m,1.5|2,False,0.5,False,True,False
hẹn,nfc,1,▁hẹn,,True,1.0,False,False,False
hẹn,nfd,2,▁he|̣n,1.5,False,0.0,False,False,False
hẹp,nfc,2,▁h|ẹp,1,False,1.0,True,False,False
hẹp,nfd,3,▁he|̣|p,1.5|2,False,0.5,False,True,False
hẻm,nfc,3,▁h|ẻ|m,1|2,False,1.0,True,False,False
hẻm,nfd,3,▁he|̉|m,1.5|2,False,0.5,False,True,False
hẻo,nfc,2,▁h|ẻo,1,False,1.0,True,False,False
hẻo,nfd,3,▁he|̉|o,1.5|2,False,0.5,False,True,False
hếch,nfc,3,▁h|ế|ch,1|2,False,1.0,True,False,False
hếch,nfd,4,▁he|̂|́|ch,1.5|1.5|2,False,0.3333333333333333,False,True,False
hến,nfc,2,▁h|ến,1,False,1.0,True,False,False
hến,nfd,3,▁he|̂|́n,1.5|1.5,False,0.0,False,False,False
hết,nfc,1,▁hết,,True,1.0,False,False,False
hết,nfd,3,▁he|̂|́t,1.5|1.5,False,0.0,False,False,False
hếu,nfc,2,▁h|ếu,1,False,1.0,True,False,False
hếu,nfd,4,▁he|̂|́|u,1.5|1.5|2,False,0.3333333333333333,False,True,False
hề,nfc,1,▁hề,,True,1.0,False,False,False
hề,nfd,3,▁he|̂|̀,1.5|1.5,False,0.0,False,True,False
hềnh,nfc,2,▁hề|nh,2,False,1.0,False,False,False
hềnh,nfd,3,▁he|̂|̀nh,1.5|1.5,False,0.0,False,False,False
hể,nfc,2,▁h|ể,1,False,1.0,True,False,False
hể,nfd,3,▁he|̂|̉,1.5|1.5,False,0.0,False,True,False
hển,nfc,2,▁h|ển,1,False,1.0,True,False,False
hển,nfd,4,▁he|̂|̉|n,1.5|1.5|2,False,0.3333333333333333,False,True,False
hểnh,nfc,3,▁h|ể|nh,1|2,False,1.0,True,False,False
hểnh,nfd,4,▁he|̂|̉|nh,1.5|1.5|2,False,0.3333333333333333,False,True,False
hệ,nfc,1,▁hệ,,True,1.0,False,False,False
hệ,nfd,3,▁he|̣|̂,1.5|1.5,False,0.0,False,True,False
hệch,nfc,2,▁hệ|ch,2,False,1.0,False,False,False
hệch,nfd,4,▁he|̣|̂|ch,1.5|1.5|2,False,0.3333333333333333,False,True,False
hệt,nfc,2,▁h|ệt,1,False,1.0,True,False,False
hệt,nfd,4,▁he|̣|̂|t,1.5|1.5|2,False,0.3333333333333333,False,True,False
hỉ,nfc,2,▁h|ỉ,1,False,1.0,True,False,False
hỉ,nfd,2,▁hi|̉,1.5,False,0.0,False,True,False
hỉnh,nfc,2,▁h|ỉnh,1,False,1.0,True,False,False
hỉnh,nfd,3,▁hi|̉|nh,1.5|2,False,0.5,False,True,False
hịch,nfc,2,▁h|ịch,1,False,1.0,True,False,False
hịch,nfd,3,▁hi|̣|ch,1.5|2,False,0.5,False,True,False
họ,nfc,1,▁họ,,True,1.0,False,False,False
họ,nfd,2,▁ho|̣,1.5,False,0.0,False,True,False
học,nfc,1,▁học,,True,1.0,False,False,False
học,nfd,2,▁ho|̣c,1.5,False,0.0,False,False,False
họng,nfc,2,▁h|ọng,1,False,1.0,True,False,False
họng,nfd,2,▁ho|̣ng,1.5,False,0.0,False,False,False
họp,nfc,1,▁họp,,True,1.0,False,False,False
họp,nfd,3,▁ho|̣|p,1.5|2,False,0.5,False,True,False
hỏi,nfc,1,▁hỏi,,True,1.0,False,False,False
hỏi,nfd,3,▁ho|̉|i,1.5|2,False,0.5,False,True,False
hỏm,nfc,3,▁h|ỏ|m,1|2,False,1.0,True,False,False
hỏm,nfd,3,▁ho|̉|m,1.5|2,False,0.5,False,True,False
hỏn,nfc,3,▁h|ỏ|n,1|2,False,1.0,True,False,False
hỏn,nfd,3,▁ho|̉|n,1.5|2,False,0.5,False,True,False
hỏng,nfc,2,▁h|ỏng,1,False,1.0,True,False,False
hỏng,nfd,3,▁ho|̉|ng,1.5|2,False,0.5,False,True,False
hố,nfc,2,▁h|ố,1,False,1.0,True,False,False
hố,nfd,3,▁ho|̂|́,1.5|1.5,False,0.0,False,True,False
hốc,nfc,2,▁h|ốc,1,False,1.0,True,False,False
hốc,nfd,3,▁ho|̂|́c,1.5|1.5,False,0.0,False,False,False
hối,nfc,2,▁h|ối,1,False,1.0,True,False,False
hối,nfd,3,▁ho|̂|́i,1.5|1.5,False,0.0,False,False,False
hống,nfc,2,▁h|ống,1,False,1.0,True,False,False
hống,nfd,3,▁ho|̂|́ng,1.5|1.5,False,0.0,False,False,False
hốt,nfc,2,▁h|ốt,1,False,1.0,True,False,False
hốt,nfd,3,▁ho|̂|́t,1.5|1.5,False,0.0,False,False,False
hồ,nfc,1,▁hồ,,True,1.0,False,False,False
hồ,nfd,3,▁ho|̂|̀,1.5|1.5,False,0.0,False,True,False
hồi,nfc,1,▁hồi,,True,1.0,False,False,False
hồi,nfd,3,▁ho|̂|̀i,1.5|1.5,False,0.0,False,False,False
hồn,nfc,1,▁hồn,,True,1.0,False,False,False
hồn,nfd,3,▁ho|̂|̀n,1.5|1.5,False,0.0,False,False,False
hồng,nfc,1,▁hồng,,True,1.0,False,False,False
hồng,nfd,3,▁ho|̂|̀ng,1.5|1.5,False,0.0,False,False,False
hổ,nfc,1,▁hổ,,True,1.0,False,False,False
hổ,nfd,3,▁ho|̂|̉,1.5|1.5,False,0.0,False,True,False
hổi,nfc,2,▁h|ổi,1,False,1.0,True,False,False
hổi,nfd,4,▁ho|̂|̉|i,1.5|1.5|2,False,0.3333333333333333,False,True,False
hổm,nfc,2,▁hổ|m,2,False,1.0,False,False,False
hổm,nfd,4,▁ho|̂|̉|m,1.5|1.5|2,False,0.3333333333333333,False,True,False
hổn,nfc,2,▁hổ|n,2,False,1.0,False,False,False
hổn,nfd,4,▁ho|̂|̉|n,1.5|1.5|2,False,0.3333333333333333,False,True,False
hổng,nfc,2,▁h|ổng,1,False,1.0,True,False,False
hổng,nfd,4,▁ho|̂|̉|ng,1.5|1.5|2,False,0.3333333333333333,False,True,False
hỗ,nfc,1,▁hỗ,,True,1.0,False,False,False
hỗ,nfd,3,▁ho|̂|̃,1.5|1.5,False,0.0,False,True,False
hỗn,nfc,2,▁hỗ|n,2,False,1.0,False,False,False
hỗn,nfd,4,▁ho|̂|̃|n,1.5|1.5|2,False,0.3333333333333333,False,True,False
hỗng,nfc,2,▁hỗ|ng,2,False,1.0,False,False,False
hỗng,nfd,4,▁ho|̂|̃|ng,1.5|1.5|2,False,0.3333333333333333,False,True,False
hộ,nfc,1,▁hộ,,True,1.0,False,False,False
hộ,nfd,3,▁ho|̣|̂,1.5|1.5,False,0.0,False,True,False
hộc,nfc,2,▁h|ộc,1,False,1.0,True,False,False
hộc,nfd,4,▁ho|̣|̂|c,1.5|1.5|2,False,0.3333333333333333,False,True,False
hội,nfc,1,▁hội,,True,1.0,False,False,False
hội,nfd,4,▁ho|̣|̂|i,1.5|1.5|2,False,0.3333333333333333,False,True,False
hộn,nfc,2,▁hộ|n,2,False,1.0,False,False,False
hộn,nfd,4,▁ho|̣|̂|n,1.5|1.5|2,False,0.3333333333333333,False,True,False
hộp,nfc,1,▁hộp,,True,1.0,False,False,False
hộp,nfd,4,▁ho|̣|̂|p,1.5|1.5|2,False,0.3333333333333333,False,True,False
hột,nfc,2,▁h|ột,1,False,1.0,True,False,False
hột,nfd,4,▁ho|̣|̂|t,1.5|1.5|2,False,0.3333333333333333,False,True,False
hớ,nfc,2,▁h|ớ,1,False,1.0,True,False,False
hớ,nfd,3,▁ho|̛|́,1.5|1.5,False,0.0,False,True,False
hớm,nfc,2,▁h|ớm,1,False,1.0,True,False,False
hớm,nfd,4,▁ho|̛|́|m,1.5|1.5|2,False,0.3333333333333333,False,True,False
hớn,nfc,3,▁h|ớ|n,1|2,False,1.0,True,False,False
hớn,nfd,3,▁ho|̛|́n,1.5|1.5,False,0.0,False,False,False
hớp,nfc,2,▁h|ớp,1,False,1.0,True,False,False
hớp,nfd,4,▁ho|̛|́|p,1.5|1.5|2,False,0.3333333333333333,False,True,False
hớt,nfc,2,▁h|ớt,1,False,1.0,True,False,False
hớt,nfd,3,▁ho|̛|́t,1.5|1.5,False,0.0,False,False,False
hờ,nfc,2,▁h|ờ,1,False,1.0,True,False,False
hờ,nfd,3,▁ho|̛|̀,1.5|1.5,False,0.0,False,True,False
hời,nfc,2,▁h|ời,1,False,1.0,True,False,False
hời,nfd,3,▁ho|̛|̀i,1.5|1.5,False,0.0,False,False,False
hờn,nfc,3,▁h|ờ|n,1|2,False,1.0,True,False,False
hờn,nfd,3,▁ho|̛|̀n,1.5|1.5,False,0.0,False,False,False
hở,nfc,2,▁h|ở,1,False,1.0,True,False,False
hở,nfd,3,▁ho|̛|̉,1.5|1.5,False,0.0,False,True,False
hởi,nfc,2,▁h|ởi,1,False,1.0,True,False,False
hởi,nfd,4,▁ho|̛|̉|i,1.5|1.5|2,False,0.3333333333333333,False,True,False
hỡi,nfc,2,▁h|ỡi,1,False,1.0,True,False,False
hỡi,nfd,4,▁ho|̛|̃|i,1.5|1.5|2,False,0.3333333333333333,False,True,False
hợi,nfc,2,▁h|ợi,1,False,1.0,True,False,False
hợi,nfd,3,▁ho|̛|̣i,1.5|1.5,False,0.0,False,False,False
hợm,nfc,3,▁h|ợ|m,1|2,False,1.0,True,False,False
hợm,nfd,4,▁ho|̛|̣|m,1.5|1.5|2,False,0.3333333333333333,False,True,False
hợp,nfc,1,▁hợp,,True,1.0,False,False,False
hợp,nfd,4,▁ho|̛|̣|p,1.5|1.5|2,False,0.3333333333333333,False,True,False
hợt,nfc,2,▁h|ợt,1,False,1.0,True,False,False
hợt,nfd,3,▁ho|̛|̣t,1.5|1.5,False,0.0,False,False,False
hục,nfc,2,▁h|ục,1,False,1.0,True,False,False
hục,nfd,2,▁hu|̣c,1.5,False,0.0,False,False,False
hụi,nfc,3,▁h|ụ|i,1|2,False,1.0,True,False,False
hụi,nfd,2,▁hu|̣i,1.5,False,0.0,False,False,False
hụm,nfc,3,▁h|ụ|m,1|2,False,1.0,True,False,False
hụm,nfd,3,▁hu|̣|m,1.5|2,False,0.5,False,True,False
hụp,nfc,2,▁h|ụp,1,False,1.0,True,False,False
hụp,nfd,3,▁hu|̣|p,1.5|2,False,0.5,False,True,False
hụt,nfc,3,▁h|ụ|t,1|2,False,1.0,True,False,False
hụt,nfd,2,▁hu|̣t,1.5,False,0.0,False,False,False
hủ,nfc,2,▁h|ủ,1,False,1.0,True,False,False
hủ,nfd,2,▁hu|̉,1.5,False,0.0,False,True,False
hủi,nfc,2,▁h|ủi,1,False,1.0,True,False,False
hủi,nfd,3,▁hu|̉|i,1.5|2,False,0.5,False,True,False
hủn,nfc,3,▁h|ủ|n,1|2,False,1.0,True,False,False
hủn,nfd,3,▁hu|̉|n,1.5|2,False,0.5,False,True,False
hứa,nfc,2,▁h|ứa,1,False,1.0,True,False,False
hứa,nfd,4,▁hu|̛|́|a,1.5|1.5|2,False,0.0,False,True,False
hức,nfc,2,▁h|ức,1,False,1.0,True,False,False
hức,nfd,3,▁hu|̛|́c,1.5|1.5,False,0.0,False,False,False
hứng,nfc,1,▁hứng,,True,1.0,False,False,False
hứng,nfd,3,▁hu|̛|́ng,1.5|1.5,False,0.0,False,False,False
hừ,nfc,2,▁h|ừ,1,False,1.0,True,False,False
hừ,nfd,3,▁hu|̛|̀,1.5|1.5,False,0.0,False,True,False
hừm,nfc,3,▁h|ừ|m,1|2,False,1.0,True,False,False
hừm,nfd,4,▁hu|̛|̀|m,1.5|1.5|2,False,0.3333333333333333,False,True,False
hừng,nfc,2,▁h|ừng,1,False,1.0,True,False,False
hừng,nfd,3,▁hu|̛|̀ng,1.5|1.5,False,0.0,False,False,False
hử,nfc,2,▁h|ử,1,False,1.0,True,False,False
hử,nfd,3,▁hu|̛|̉,1.5|1.5,False,0.0,False,True,False
hửng,nfc,3,▁h|ử|ng,1|2,False,1.0,True,False,False
hửng,nfd,4,▁hu|̛|̉|ng,1.5|1.5|2,False,0.3333333333333333,False,True,False
hữ,nfc,2,▁h|ữ,1,False,1.0,True,False,False
hữ,nfd,3,▁hu|̛|̃,1.5|1.5,False,0.0,False,True,False
hững,nfc,2,▁h|ững,1,False,1.0,True,False,False
hững,nfd,4,▁hu|̛|̃|ng,1.5|1.5|2,False,0.3333333333333333,False,True,False
hữu,nfc,1,▁hữu,,True,1.0,False,False,False
hữu,nfd,4,▁hu|̛|̃|u,1.5|1.5|2,False,0.3333333333333333,False,True,False
hự,nfc,2,▁h|ự,1,False,1.0,True,False,False
hự,nfd,3,▁hu|̛|̣,1.5|1.5,False,0.0,False,True,False
hực,nfc,2,▁h|ực,1,False,1.0,True,False,False
hực,nfd,3,▁hu|̛|̣c,1.5|1.5,False,0.0,False,False,False
hựu,nfc,2,▁h|ựu,1,False,1.0,True,False,False
hựu,nfd,4,▁hu|̛|̣|u,1.5|1.5|2,False,0.3333333333333333,False,True,False
i,nfc,1,▁i,,True,1.0,False,False,False
i,nfd,1,▁i,,True,1.0,False,False,False
im,nfc,1,▁im,,True,1.0,False,False,False
im,nfd,1,▁im,,True,1.0,False,False,False
in,nfc,1,▁in,,True,1.0,False,False,False
in,nfd,1,▁in,,True,1.0,False,False,False
inh,nfc,2,▁in|h,2,False,0.0,False,False,False
inh,nfd,2,▁in|h,2,False,0.0,False,False,False
iu,nfc,1,▁iu,,True,1.0,False,False,False
iu,nfd,1,▁iu,,True,1.0,False,False,False
ka,nfc,1,▁ka,,True,1.0,False,False,False
ka,nfd,1,▁ka,,True,1.0,False,False,False
ke,nfc,1,▁ke,,True,1.0,False,False,False
ke,nfd,1,▁ke,,True,1.0,False,False,False
kem,nfc,1,▁kem,,True,1.0,False,False,False
kem,nfd,1,▁kem,,True,1.0,False,False,False
ken,nfc,1,▁ken,,True,1.0,False,False,False
ken,nfd,1,▁ken,,True,1.0,False,False,False
keng,nfc,2,▁k|eng,1,False,1.0,True,False,False
keng,nfd,2,▁k|eng,1,False,1.0,True,False,False
keo,nfc,1,▁keo,,True,1.0,False,False,False
keo,nfd,1,▁keo,,True,1.0,False,False,False
kha,nfc,1,▁kha,,True,1.0,False,False,False
kha,nfd,1,▁kha,,True,1.0,False,False,False
khai,nfc,1,▁khai,,True,1.0,False,False,False
khai,nfd,1,▁khai,,True,1.0,False,False,False
kham,nfc,2,▁k|ham,1,False,0.0,False,False,False
kham,nfd,2,▁k|ham,1,False,0.0,False,False,False
khan,nfc,1,▁khan,,True,1.0,False,False,False
khan,nfd,1,▁khan,,True,1.0,False,False,False
khang,nfc,2,▁kh|ang,2,False,1.0,True,False,False
khang,nfd,2,▁kh|ang,2,False,1.0,True,False,False
khanh,nfc,2,▁khan|h,4,False,0.0,False,False,False
khanh,nfd,2,▁khan|h,4,False,0.0,False,False,False
khao,nfc,2,▁k|hao,1,False,0.0,False,False,False
khao,nfd,2,▁k|hao,1,False,0.0,False,False,False
khau,nfc,2,▁k|hau,1,False,0.0,False,False,False
khau,nfd,2,▁k|hau,1,False,0.0,False,False,False
khay,nfc,2,▁k|hay,1,False,0.0,False,False,False
khay,nfd,2,▁k|hay,1,False,0.0,False,False,False
khe,nfc,1,▁khe,,True,1.0,False,False,False
khe,nfd,1,▁khe,,True,1.0,False,False,False
khem,nfc,2,▁k|hem,1,False,0.0,False,False,False
khem,nfd,2,▁k|hem,1,False,0.0,False,False,False
khen,nfc,2,▁k|hen,1,False,0.0,False,False,False
khen,nfd,2,▁k|hen,1,False,0.0,False,False,False
kheo,nfc,2,▁khe|o,3,False,1.0,False,False,False
kheo,nfd,2,▁khe|o,3,False,1.0,False,False,False
khi,nfc,1,▁khi,,True,1.0,False,False,False
khi,nfd,1,▁khi,,True,1.0,False,False,False
khin,nfc,2,▁kh|in,2,False,1.0,True,False,False
khin,nfd,2,▁kh|in,2,False,1.0,True,False,False
khinh,nfc,2,▁kh|inh,2,False,1.0,True,False,False
khinh,nfd,2,▁kh|inh,2,False,1.0,True,False,False
khiu,nfc,2,▁khi|u,3,False,1.0,False,False,False
khiu,nfd,2,▁khi|u,3,False,1.0,False,False,False
khiêm,nfc,2,▁khi|êm,3,False,0.0,False,False,False
khiêm,nfd,4,▁khi|e|̂|m,3|3.5|4,False,0.3333333333333333,False,False,False
khiên,nfc,2,▁khi|ên,3,False,0.0,False,False,False
khiên,nfd,4,▁khi|e|̂|n,3|3.5|4,False,0.3333333333333333,False,False,False
khiêng,nfc,2,▁khi|êng,3,False,0.0,False,False,False
khiêng,nfd,4,▁khi|e|̂|ng,3|3.5|4,False,0.3333333333333333,False,False,False
khiêu,nfc,2,▁khi|êu,3,False,0.0,False,False,False
khiêu,nfd,4,▁khi|e|̂|u,3|3.5|4,False,0.3333333333333333,False,False,False
khiếm,nfc,2,▁khi|ếm,3,False,0.0,False,False,False
khiếm,nfd,5,▁khi|e|̂|́|m,3|3.5|3.5|4,False,0.25,False,True,False
khiến,nfc,1,▁khiến,,True,1.0,False,False,False
khiến,nfd,4,▁khi|e|̂|́n,3|3.5|3.5,False,0.0,False,False,False
khiếp,nfc,2,▁khi|ếp,3,False,0.0,False,False,False
khiếp,nfd,5,▁khi|e|̂|́|p,3|3.5|3.5|4,False,0.25,False,True,False
khiết,nfc,2,▁khi|ết,3,False,0.0,False,False,False
khiết,nfd,4,▁khi|e|̂|́t,3|3.5|3.5,False,0.0,False,False,False
khiếu,nfc,2,▁khi|ếu,3,False,0.0,False,False,False
khiếu,nfd,5,▁khi|e|̂|́|u,3|3.5|3.5|4,False,0.25,False,True,False
khiền,nfc,2,▁khi|ền,3,False,0.0,False,False,False
khiền,nfd,4,▁khi|e|̂|̀n,3|3.5|3.5,False,0.0,False,False,False
khiển,nfc,1,▁khiển,,True,1.0,False,False,False
khiển,nfd,5,▁khi|e|̂|̉|n,3|3.5|3.5|4,False,0.25,False,True,False
khiễng,nfc,3,▁khi|ễ|ng,3|4,False,0.5,False,False,False
khiễng,nfd,5,▁khi|e|̂|̃|ng,3|3.5|3.5|4,False,0.25,False,True,False
kho,nfc,1,▁kho,,True,1.0,False,False,False
kho,nfd,1,▁kho,,True,1.0,False,False,False
khoa,nfc,1,▁khoa,,True,1.0,False,False,False
khoa,nfd,1,▁khoa,,True,1.0,False,False,False
khoai,nfc,1,▁khoai,,True,1.0,False,False,False
khoai,nfd,1,▁khoai,,True,1.0,False,False,False
khoan,nfc,1,▁khoan,,True,1.0,False,False,False
khoan,nfd,1,▁khoan,,True,1.0,False,False,False
khoang,nfc,2,▁kho|ang,3,False,1.0,False,False,False
khoang,nfd,2,▁kho|ang,3,False,1.0,False,False,False
khoanh,nfc,2,▁kho|anh,3,False,1.0,False,False,False
khoanh,nfd,2,▁kho|anh,3,False,1.0,False,False,False
khoe,nfc,1,▁khoe,,True,1.0,False,False,False
khoe,nfd,1,▁khoe,,True,1.0,False,False,False
khoeo,nfc,2,▁kho|eo,3,False,1.0,False,False,False
khoeo,nfd,2,▁kho|eo,3,False,1.0,False,False,False
khom,nfc,2,▁kh|om,2,False,1.0,True,False,False
khom,nfd,2,▁kh|om,2,False,1.0,True,False,False
khoào,nfc,2,▁kho|ào,3,False,1.0,False,False,False
khoào,nfd,3,▁khoa|̀|o,3.5|4,False,0.5,False,True,False
khoá,nfc,2,▁kho|á,3,False,1.0,False,False,False
khoá,nfd,2,▁khoa|́,3.5,False,0.0,False,True,False
khoác,nfc,1,▁khoác,,True,1.0,False,False,False
khoác,nfd,2,▁khoa|́c,3.5,False,0.0,False,False,False
khoái,nfc,2,▁kho|ái,3,False,1.0,False,False,False
khoái,nfd,2,▁khoa|́i,3.5,False,0.0,False,False,False
khoán,nfc,2,▁kho|án,3,False,1.0,False,False,False
khoán,nfd,2,▁khoa|́n,3.5,False,0.0,False,False,False
khoáng,nfc,2,▁kho|áng,3,False,1.0,False,False,False
khoáng,nfd,2,▁khoa|́ng,3.5,False,0.0,False,False,False
khoát,nfc,2,▁kho|át,3,False,1.0,False,False,False
khoát,nfd,2,▁khoa|́t,3.5,False,0.0,False,False,False
khoáy,nfc,2,▁kho|áy,3,False,1.0,False,False,False
khoáy,nfd,3,▁khoa|́|y,3.5|4,False,0.5,False,True,False
khoèo,nfc,2,▁kho|èo,3,False,1.0,False,False,False
khoèo,nfd,3,▁khoe|̀|o,3.5|4,False,0.5,False,True,False
khoé,nfc,2,▁kho|é,3,False,1.0,False,False,False
khoé,nfd,2,▁khoe|́,3.5,False,0.0,False,True,False
khoét,nfc,2,▁kho|ét,3,False,1.0,False,False,False
khoét,nfd,2,▁khoe|́t,3.5,False,0.0,False,False,False
khoăm,nfc,2,▁kho|ăm,3,False,1.0,False,False,False
khoăm,nfd,3,▁khoa|̆|m,3.5|4,False,0.5,False,False,False
khoăn,nfc,2,▁kho|ăn,3,False,1.0,False,False,False
khoăn,nfd,3,▁khoa|̆|n,3.5|4,False,0.5,False,False,False
khoả,nfc,2,▁kho|ả,3,False,1.0,False,False,False
khoả,nfd,2,▁khoa|̉,3.5,False,0.0,False,True,False
khoải,nfc,2,▁kho|ải,3,False,1.0,False,False,False
khoải,nfd,3,▁khoa|̉|i,3.5|4,False,0.5,False,True,False
khoản,nfc,1,▁khoản,,True,1.0,False,False,False
khoản,nfd,3,▁khoa|̉|n,3.5|4,False,0.5,False,True,False
khoảng,nfc,1,▁khoảng,,True,1.0,False,False,False
khoảng,nfd,3,▁khoa|̉|ng,3.5|4,False,0.5,False,True,False
khoảnh,nfc,2,▁kho|ảnh,3,False,1.0,False,False,False
khoảnh,nfd,3,▁khoa|̉|nh,3.5|4,False,0.5,False,True,False
khoắm,nfc,2,▁kho|ắm,3,False,1.0,False,False,False
khoắm,nfd,4,▁khoa|̆|́|m,3.5|3.5|4,False,0.3333333333333333,False,True,False
khoắn,nfc,2,▁kho|ắn,3,False,1.0,False,False,False
khoắn,nfd,3,▁khoa|̆|́n,3.5|3.5,False,0.0,False,False,False
khoắng,nfc,2,▁kho|ắng,3,False,1.0,False,False,False
khoắng,nfd,3,▁khoa|̆|́ng,3.5|3.5,False,0.0,False,False,False
khoắt,nfc,2,▁kho|ắt,3,False,1.0,False,False,False
khoắt,nfd,3,▁khoa|̆|́t,3.5|3.5,False,0.0,False,False,False
khoằm,nfc,2,▁kho|ằm,3,False,1.0,False,False,False
khoằm,nfd,4,▁khoa|̆|̀|m,3.5|3.5|4,False,0.3333333333333333,False,True,False
khoẻ,nfc,2,▁kho|ẻ,3,False,1.0,False,False,False
khoẻ,nfd,2,▁khoe|̉,3.5,False,0.0,False,True,False
khu,nfc,1,▁khu,,True,1.0,False,False,False
khu,nfd,1,▁khu,,True,1.0,False,False,False
khua,nfc,2,▁kh|ua,2,False,1.0,True,False,False
khua,nfd,2,▁kh|ua,2,False,1.0,True,False,False
khui,nfc,2,▁kh|ui,2,False,1.0,True,False,False
khui,nfd,2,▁kh|ui,2,False,1.0,True,False,False
khum,nfc,2,▁kh|um,2,False,1.0,True,False,False
khum,nfd,2,▁kh|um,2,False,1.0,True,False,False
khung,nfc,1,▁khung,,True,1.0,False,False,False
khung,nfd,1,▁khung,,True,1.0,False,False,False
khuy,nfc,1,▁khuy,,True,1.0,False,False,False
khuy,nfd,1,▁khuy,,True,1.0,False,False,False
khuya,nfc,2,▁khu|ya,3,False,1.0,False,False,False
khuya,nfd,2,▁khu|ya,3,False,1.0,False,False,False
khuynh,nfc,2,▁khu|ynh,3,False,1.0,False,False,False
khuynh,nfd,2,▁khu|ynh,3,False,1.0,False,False,False
khuyên,nfc,1,▁khuyên,,True,1.0,False,False,False
khuyên,nfd,4,▁khu|ye|̂|n,3|4.5|5,False,0.6666666666666666,False,False,False
khuyến,nfc,1,▁khuyến,,True,1.0,False,False,False
khuyến,nfd,4,▁khu|ye|̂|́n,3|4.5|4.5,False,0.3333333333333333,False,False,False
khuyết,nfc,2,▁khuy|ết,4,False,0.0,False,False,False
khuyết,nfd,4,▁khu|ye|̂|́t,3|4.5|4.5,False,0.3333333333333333,False,False,False
khuyển,nfc,2,▁khuy|ển,4,False,0.0,False,False,False
khuyển,nfd,5,▁khu|ye|̂|̉|n,3|4.5|4.5|5,False,0.5,False,True,False
khuân,nfc,2,▁khu|ân,3,False,1.0,False,False,False
khuân,nfd,4,▁kh|ua|̂|n,2|3.5|4,False,0.6666666666666666,True,False,False
khuâng,nfc,2,▁khu|âng,3,False,1.0,False,False,False
khuâng,nfd,4,▁kh|ua|̂|ng,2|3.5|4,False,0.6666666666666666,True,False,False
khuây,nfc,2,▁khu|ây,3,False,1.0,False,False,False
khuây,nfd,4,▁kh|ua|̂|y,2|3.5|4,False,0.6666666666666666,True,False,False
khuê,nfc,2,▁khu|ê,3,False,1.0,False,False,False
khuê,nfd,3,▁kh|ue|̂,2|3.5,False,0.5,True,False,False
khuôn,nfc,1,▁khuôn,,True,1.0,False,False,False
khuôn,nfd,4,▁kh|uo|̂|n,2|3.5|4,False,0.6666666666666666,True,False,False
khuông,nfc,2,▁khu|ông,3,False,0.0,False,False,False
khuông,nfd,4,▁kh|uo|̂|ng,2|3.5|4,False,0.6666666666666666,True,False,False
khuơ,nfc,2,▁khu|ơ,3,False,1.0,False,False,False
khuơ,nfd,3,▁kh|uo|̛,2|3.5,False,0.5,True,False,False
khuất,nfc,2,▁khu|ất,3,False,1.0,False,False,False
khuất,nfd,4,▁kh|ua|̂|́t,2|3.5|3.5,False,0.3333333333333333,True,False,False
khuấy,nfc,2,▁khu|ấy,3,False,1.0,False,False,False
khuấy,nfd,5,▁kh|ua|̂|́|y,2|3.5|3.5|4,False,0.5,True,True,False
khuẩn,nfc,1,▁khuẩn,,True,1.0,False,False,False
khuẩn,nfd,5,▁kh|ua|̂|̉|n,2|3.5|3.5|4,False,0.5,True,True,False
khuếch,nfc,3,▁khu|ế|ch,3|4,False,1.0,False,False,False
khuếch,nfd,5,▁kh|ue|̂|́|ch,2|3.5|3.5|4,False,0.5,True,True,False
khuỳnh,nfc,2,▁khu|ỳnh,3,False,1.0,False,False,False
khuỳnh,nfd,2,▁khuy|̀nh,3.5,False,0.0,False,False,False
khuỵu,nfc,3,▁khu|ỵ|u,3|4,False,1.0,False,False,False
khuỵu,nfd,3,▁khuy|̣|u,3.5|4,False,0.5,False,True,False
khuỷu,nfc,3,▁khu|ỷ|u,3|4,False,1.0,False,False,False
khuỷu,nfd,3,▁khuy|̉|u,3.5|4,False,0.5,False,True,False
khà,nfc,2,▁kh|à,2,False,1.0,True,False,False
khà,nfd,2,▁kha|̀,2.5,False,0.0,False,True,False
khàn,nfc,2,▁kh|àn,2,False,1.0,True,False,False
khàn,nfd,2,▁kha|̀n,2.5,False,0.0,False,False,False
khàng,nfc,2,▁kh|àng,2,False,1.0,True,False,False
khàng,nfd,2,▁kha|̀ng,2.5,False,0.0,False,False,False
khá,nfc,1,▁khá,,True,1.0,False,False,False
khá,nfd,2,▁kha|́,2.5,False,0.0,False,True,False
khác,nfc,1,▁khác,,True,1.0,False,False,False
khác,nfd,2,▁kha|́c,2.5,False,0.0,False,False,False
khách,nfc,1,▁khách,,True,1.0,False,False,False
khách,nfd,3,▁kha|́|ch,2.5|3,False,0.5,False,True,False
khái,nfc,2,▁kh|ái,2,False,1.0,True,False,False
khái,nfd,2,▁kha|́i,2.5,False,0.0,False,False,False
khám,nfc,1,▁khám,,True,1.0,False,False,False
khám,nfd,3,▁kha|́|m,2.5|3,False,0.5,False,True,False
khán,nfc,1,▁khán,,True,1.0,False,False,False
khán,nfd,2,▁kha|́n,2.5,False,0.0,False,False,False
kháng,nfc,1,▁kháng,,True,1.0,False,False,False
kháng,nfd,2,▁kha|́ng,2.5,False,0.0,False,False,False
khánh,nfc,2,▁kh|ánh,2,False,1.0,True,False,False
khánh,nfd,3,▁kha|́|nh,2.5|3,False,0.5,False,True,False
kháo,nfc,2,▁kh|áo,2,False,1.0,True,False,False
kháo,nfd,3,▁kha|́|o,2.5|3,False,0.5,False,True,False
kháp,nfc,2,▁kh|áp,2,False,1.0,True,False,False
kháp,nfd,3,▁kha|́|p,2.5|3,False,0.5,False,True,False
khát,nfc,2,▁kh|át,2,False,1.0,True,False,False
khát,nfd,2,▁kha|́t,2.5,False,0.0,False,False,False
kháu,nfc,2,▁kh|áu,2,False,1.0,True,False,False
kháu,nfd,3,▁kha|́|u,2.5|3,False,0.5,False,True,False
kháy,nfc,2,▁khá|y,3,False,1.0,False,False,False
kháy,nfd,3,▁kha|́|y,2.5|3,False,0.5,False,True,False
khâm,nfc,2,▁kh|âm,2,False,1.0,True,False,False
khâm,nfd,3,▁kha|̂|m,2.5|3,False,0.5,False,False,False
khân,nfc,2,▁kh|ân,2,False,1.0,True,False,False
khân,nfd,3,▁kha|̂|n,2.5|3,False,0.5,False,False,False
khâu,nfc,2,▁kh|âu,2,False,1.0,True,False,False
khâu,nfd,3,▁kha|̂|u,2.5|3,False,0.5,False,False,False
khè,nfc,2,▁kh|è,2,False,1.0,True,False,False
khè,nfd,2,▁khe|̀,2.5,False,0.0,False,True,False
khèn,nfc,2,▁kh|èn,2,False,1.0,True,False,False
khèn,nfd,2,▁khe|̀n,2.5,False,0.0,False,False,False
khèo,nfc,2,▁kh|èo,2,False,1.0,True,False,False
khèo,nfd,3,▁khe|̀|o,2.5|3,False,0.5,False,True,False
khé,nfc,2,▁kh|é,2,False,1.0,True,False,False
khé,nfd,2,▁khe|́,2.5,False,0.0,False,True,False
khén,nfc,2,▁kh|én,2,False,1.0,True,False,False
khén,nfd,2,▁khe|́n,2.5,False,0.0,False,False,False
khéo,nfc,2,▁kh|éo,2,False,1.0,True,False,False
khéo,nfd,3,▁khe|́|o,2.5|3,False,0.5,False,True,False
khép,nfc,2,▁kh|ép,2,False,1.0,True,False,False
khép,nfd,3,▁khe|́|p,2.5|3,False,0.5,False,True,False
khét,nfc,2,▁kh|ét,2,False,1.0,True,False,False
khét,nfd,2,▁khe|́t,2.5,False,0.0,False,False,False
khê,nfc,2,▁kh|ê,2,False,1.0,True,False,False
khê,nfd,2,▁khe|̂,2.5,False,0.0,False,False,False
khênh,nfc,3,▁kh|ê|nh,2|3,False,1.0,True,False,False
khênh,nfd,3,▁khe|̂|nh,2.5|3,False,0.5,False,False,False
khêu,nfc,2,▁kh|êu,2,False,1.0,True,False,False
khêu,nfd,3,▁khe|̂|u,2.5|3,False,0.5,False,False,False
khì,nfc,2,▁kh|ì,2,False,1.0,True,False,False
khì,nfd,2,▁khi|̀,2.5,False,0.0,False,True,False
khìn,nfc,2,▁kh|ìn,2,False,1.0,True,False,False
khìn,nfd,2,▁khi|̀n,2.5,False,0.0,False,False,False
khí,nfc,1,▁khí,,True,1.0,False,False,False
khí,nfd,2,▁khi|́,2.5,False,0.0,False,True,False
khía,nfc,2,▁kh|ía,2,False,1.0,True,False,False
khía,nfd,3,▁khi|́|a,2.5|3,False,0.0,False,True,False
khích,nfc,2,▁kh|ích,2,False,1.0,True,False,False
khích,nfd,3,▁khi|́|ch,2.5|3,False,0.5,False,True,False
khít,nfc,2,▁kh|ít,2,False,1.0,True,False,False
khít,nfd,2,▁khi|́t,2.5,False,0.0,False,False,False
khíu,nfc,2,▁khí|u,3,False,1.0,False,False,False
khíu,nfd,3,▁khi|́|u,2.5|3,False,0.5,False,True,False
khò,nfc,2,▁kh|ò,2,False,1.0,True,False,False
khò,nfd,2,▁kho|̀,2.5,False,0.0,False,True,False
khòm,nfc,2,▁kh|òm,2,False,1.0,True,False,False
khòm,nfd,3,▁kho|̀|m,2.5|3,False,0.5,False,True,False
khòng,nfc,2,▁kh|òng,2,False,1.0,True,False,False
khòng,nfd,2,▁kho|̀ng,2.5,False,0.0,False,False,False
khó,nfc,1,▁khó,,True,1.0,False,False,False
khó,nfd,2,▁kho|́,2.5,False,0.0,False,True,False
khóc,nfc,1,▁khóc,,True,1.0,False,False,False
khóc,nfd,2,▁kho|́c,2.5,False,0.0,False,False,False
khói,nfc,2,▁kh|ói,2,False,1.0,True,False,False
khói,nfd,2,▁kho|́i,2.5,False,0.0,False,False,False
khóm,nfc,2,▁kh|óm,2,False,1.0,True,False,False
khóm,nfd,3,▁kho|́|m,2.5|3,False,0.5,False,True,False
khô,nfc,1,▁khô,,True,1.0,False,False,False
khô,nfd,2,▁kho|̂,2.5,False,0.0,False,False,False
khôi,nfc,2,▁kh|ôi,2,False,1.0,True,False,False
khôi,nfd,3,▁kho|̂|i,2.5|3,False,0.5,False,False,False
khôn,nfc,2,▁kh|ôn,2,False,1.0,True,False,False
khôn,nfd,3,▁kho|̂|n,2.5|3,False,0.5,False,False,False
không,nfc,1,▁không,,True,1.0,False,False,False
không,nfd,3,▁kho|̂|ng,2.5|3,False,0.5,False,False,False
khù,nfc,2,▁kh|ù,2,False,1.0,True,False,False
khù,nfd,2,▁khu|̀,2.5,False,0.0,False,True,False
khùng,nfc,2,▁kh|ùng,2,False,1.0,True,False,False
khùng,nfd,2,▁khu|̀ng,2.5,False,0.0,False,False,False
khú,nfc,2,▁kh|ú,2,False,1.0,True,False,False
khú,nfd,2,▁khu|́,2.5,False,0.0,False,True,False
khúc,nfc,1,▁khúc,,True,1.0,False,False,False
khúc,nfd,2,▁khu|́c,2.5,False,0.0,False,False,False
khúm,nfc,3,▁kh|ú|m,2|3,False,1.0,True,False,False
khúm,nfd,3,▁khu|́|m,2.5|3,False,0.5,False,True,False
khăm,nfc,2,▁kh|ăm,2,False,1.0,True,False,False
khăm,nfd,3,▁kha|̆|m,2.5|3,False,0.5,False,False,False
khăn,nfc,1,▁khăn,,True,1.0,False,False,False
khăn,nfd,3,▁kha|̆|n,2.5|3,False,0.5,False,False,False
khăng,nfc,2,▁kh|ăng,2,False,1.0,True,False,False
khăng,nfd,3,▁kha|̆|ng,2.5|3,False,0.5,False,False,False
khĩnh,nfc,2,▁kh|ĩnh,2,False,1.0,True,False,False
khĩnh,nfd,3,▁khi|̃|nh,2.5|3,False,0.5,False,True,False
khơ,nfc,2,▁kh|ơ,2,False,1.0,True,False,False
khơ,nfd,2,▁kho|̛,2.5,False,0.0,False,False,False
khơi,nfc,2,▁kh|ơi,2,False,1.0,True,False,False
khơi,nfd,3,▁kho|̛|i,2.5|3,False,0.5,False,False,False
khư,nfc,2,▁kh|ư,2,False,1.0,True,False,False
khư,nfd,2,▁khu|̛,2.5,False,0.0,False,False,False
khươi,nfc,2,▁kh|ươi,2,False,1.0,True,False,False
khươi,nfd,5,▁khu|̛|o|̛|i,2.5|3|3.5|4,False,0.25,False,False,False
khươm,nfc,3,▁kh|ươ|m,2|4,False,1.0,True,False,False
khươm,nfd,5,▁khu|̛|o|̛|m,2.5|3|3.5|4,False,0.25,False,False,False
khươn,nfc,3,▁kh|ươ|n,2|4,False,1.0,True,False,False
khươn,nfd,5,▁khu|̛|o|̛|n,2.5|3|3.5|4,False,0.25,False,False,False
khương,nfc,2,▁kh|ương,2,False,1.0,True,False,False
khương,nfd,5,▁khu|̛|o|̛|ng,2.5|3|3.5|4,False,0.25,False,False,False
khước,nfc,2,▁kh|ước,2,False,1.0,True,False,False
khước,nfd,5,▁khu|̛|o|̛|́c,2.5|3|3.5|3.5,False,0.0,False,False,False
khướt,nfc,2,▁kh|ướt,2,False,1.0,True,False,False
khướt,nfd,5,▁khu|̛|o|̛|́t,2.5|3|3.5|3.5,False,0.0,False,False,False
khướu,nfc,3,▁kh|ướ|u,2|4,False,1.0,True,False,False
khướu,nfd,6,▁khu|̛|o|̛|́|u,2.5|3|3.5|3.5|4,False,0.2,False,True,False
khạc,nfc,2,▁kh|ạc,2,False,1.0,True,False,False
khạc,nfd,2,▁kha|̣c,2.5,False,0.0,False,False,False
khạng,nfc,2,▁kh|ạng,2,False,1.0,True,False,False
khạng,nfd,2,▁kha|̣ng,2.5,False,0.0,False,False,False
khạo,nfc,2,▁kh|ạo,2,False,1.0,True,False,False
khạo,nfd,3,▁kha|̣|o,2.5|3,False,0.5,False,True,False
khả,nfc,1,▁khả,,True,1.0,False,False,False
khả,nfd,2,▁kha|̉,2.5,False,0.0,False,True,False
khải,nfc,2,▁kh|ải,2,False,1.0,True,False,False
khải,nfd,3,▁kha|̉|i,2.5|3,False,0.5,False,True,False
khảm,nfc,2,▁kh|ảm,2,False,1.0,True,False,False
khảm,nfd,3,▁kha|̉|m,2.5|3,False,0.5,False,True,False
khản,nfc,2,▁kh|ản,2,False,1.0,True,False,False
khản,nfd,3,▁kha|̉|n,2.5|3,False,0.5,False,True,False
khảng,nfc,2,▁kh|ảng,2,False,1.0,True,False,False
khảng,nfd,3,▁kha|̉|ng,2.5|3,False,0.5,False,True,False
khảnh,nfc,2,▁kh|ảnh,2,False,1.0,True,False,False
khảnh,nfd,3,▁kha|̉|nh,2.5|3,False,0.5,False,True,False
khảo,nfc,1,▁khảo,,True,1.0,False,False,False
khảo,nfd,3,▁kha|̉|o,2.5|3,False,0.5,False,True,False
khảy,nfc,2,▁kh|ảy,2,False,1.0,True,False,False
khảy,nfd,3,▁kha|̉|y,2.5|3,False,0.5,False,True,False
khấc,nfc,2,▁kh|ấc,2,False,1.0,True,False,False
khấc,nfd,3,▁kha|̂|́c,2.5|2.5,False,0.0,False,False,False
khấm,nfc,2,▁kh|ấm,2,False,1.0,True,False,False
khấm,nfd,4,▁kha|̂|́|m,2.5|2.5|3,False,0.3333333333333333,False,True,False
khấn,nfc,2,▁kh|ấn,2,False,1.0,True,False,False
khấn,nfd,3,▁kha|̂|́n,2.5|2.5,False,0.0,False,False,False
khấp,nfc,2,▁kh|ấp,2,False,1.0,True,False,False
khấp,nfd,4,▁kha|̂|́|p,2.5|2.5|3,False,0.3333333333333333,False,True,False
khất,nfc,2,▁kh|ất,2,False,1.0,True,False,False
khất,nfd,3,▁kha|̂|́t,2.5|2.5,False,0.0,False,False,False
khấu,nfc,2,▁kh|ấu,2,False,1.0,True,False,False
khấu,nfd,4,▁kha|̂|́|u,2.5|2.5|3,False,0.3333333333333333,False,True,False
khẩn,nfc,2,▁kh|ẩn,2,False,1.0,True,False,False
khẩn,nfd,4,▁kha|̂|̉|n,2.5|2.5|3,False,0.3333333333333333,False,True,False
khẩu,nfc,1,▁khẩu,,True,1.0,False,False,False
khẩu,nfd,4,▁kha|̂|̉|u,2.5|2.5|3,False,0.3333333333333333,False,True,False
khẩy,nfc,2,▁kh|ẩy,2,False,1.0,True,False,False
khẩy,nfd,4,▁kha|̂|̉|y,2.5|2.5|3,False,0.3333333333333333,False,True,False
khập,nfc,2,▁kh|ập,2,False,1.0,True,False,False
khập,nfd,4,▁kha|̣|̂|p,2.5|2.5|3,False,0.3333333333333333,False,True,False
khật,nfc,2,▁kh|ật,2,False,1.0,True,False,False
khật,nfd,4,▁kha|̣|̂|t,2.5|2.5|3,False,0.3333333333333333,False,True,False
khắc,nfc,1,▁khắc,,True,1.0,False,False,False
khắc,nfd,3,▁kha|̆|́c,2.5|2.5,False,0.0,False,False,False
khắm,nfc,2,▁kh|ắm,2,False,1.0,True,False,False
khắm,nfd,4,▁kha|̆|́|m,2.5|2.5|3,False,0.3333333333333333,False,True,False
khắng,nfc,2,▁kh|ắng,2,False,1.0,True,False,False
khắng,nfd,3,▁kha|̆|́ng,2.5|2.5,False,0.0,False,False,False
khắp,nfc,1,▁khắp,,True,1.0,False,False,False
khắp,nfd,4,▁kha|̆|́|p,2.5|2.5|3,False,0.3333333333333333,False,True,False
khắt,nfc,2,▁kh|ắt,2,False,1.0,True,False,False
khắt,nfd,3,▁kha|̆|́t,2.5|2.5,False,0.0,False,False,False
khằng,nfc,2,▁kh|ằng,2,False,1.0,True,False,False
khằng,nfd,3,▁kha|̆|̀ng,2.5|2.5,False,0.0,False,False,False
khẳm,nfc,3,▁kh|ẳ|m,2|3,False,1.0,True,False,False
khẳm,nfd,4,▁kha|̆|̉|m,2.5|2.5|3,False,0.3333333333333333,False,True,False
khẳn,nfc,2,▁kh|ẳn,2,False,1.0,True,False,False
khẳn,nfd,4,▁kha|̆|̉|n,2.5|2.5|3,False,0.3333333333333333,False,True,False
khẳng,nfc,2,▁kh|ẳng,2,False,1.0,True,False,False
khẳng,nfd,4,▁kha|̆|̉|ng,2.5|2.5|3,False,0.3333333333333333,False,True,False
khặc,nfc,2,▁kh|ặc,2,False,1.0,True,False,False
khặc,nfd,4,▁kha|̣|̆|c,2.5|2.5|3,False,0.3333333333333333,False,True,False
khẹc,nfc,3,▁kh|ẹ|c,2|3,False,1.0,True,False,False
khẹc,nfd,2,▁khe|̣c,2.5,False,0.0,False,False,False
khẻ,nfc,2,▁kh|ẻ,2,False,1.0,True,False,False
khẻ,nfd,2,▁khe|̉,2.5,False,0.0,False,True,False
khẻo,nfc,2,▁kh|ẻo,2,False,1.0,True,False,False
khẻo,nfd,3,▁khe|̉|o,2.5|3,False,0.5,False,True,False
khẽ,nfc,2,▁kh|ẽ,2,False,1.0,True,False,False
khẽ,nfd,2,▁khe|̃,2.5,False,0.0,False,True,False
khế,nfc,2,▁kh|ế,2,False,1.0,True,False,False
khế,nfd,3,▁khe|̂|́,2.5|2.5,False,0.0,False,True,False
khề,nfc,2,▁kh|ề,2,False,1.0,True,False,False
khề,nfd,3,▁khe|̂|̀,2.5|2.5,False,0.0,False,True,False
khều,nfc,2,▁kh|ều,2,False,1.0,True,False,False
khều,nfd,3,▁khe|̂|̀u,2.5|2.5,False,0.0,False,False,False
khểnh,nfc,3,▁kh|ể|nh,2|3,False,1.0,True,False,False
khểnh,nfd,4,▁khe|̂|̉|nh,2.5|2.5|3,False,0.3333333333333333,False,True,False
khệ,nfc,2,▁kh|ệ,2,False,1.0,True,False,False
khệ,nfd,3,▁khe|̣|̂,2.5|2.5,False,0.0,False,True,False
khệnh,nfc,2,▁kh|ệnh,2,False,1.0,True,False,False
khệnh,nfd,4,▁khe|̣|̂|nh,2.5|2.5|3,False,0.3333333333333333,False,True,False
khỉ,nfc,2,▁kh|ỉ,2,False,1.0,True,False,False
khỉ,nfd,2,▁khi|̉,2.5,False,0.0,False,True,False
khỉnh,nfc,2,▁kh|ỉnh,2,False,1.0,True,False,False
khỉnh,nfd,3,▁khi|̉|nh,2.5|3,False,0.5,False,True,False
khịa,nfc,2,▁kh|ịa,2,False,1.0,True,False,False
khịa,nfd,3,▁khi|̣|a,2.5|3,False,0.0,False,True,False
khịt,nfc,2,▁kh|ịt,2,False,1.0,True,False,False
khịt,nfd,2,▁khi|̣t,2.5,False,0.0,False,False,False
khọm,nfc,3,▁kh|ọ|m,2|3,False,1.0,True,False,False
khọm,nfd,3,▁kho|̣|m,2.5|3,False,0.5,False,True,False
khỏi,nfc,1,▁khỏi,,True,1.0,False,False,False
khỏi,nfd,3,▁kho|̉|i,2.5|3,False,0.5,False,True,False
khỏng,nfc,2,▁khỏ|ng,3,False,1.0,False,False,False
khỏng,nfd,3,▁kho|̉|ng,2.5|3,False,0.5,False,True,False
khố,nfc,2,▁kh|ố,2,False,1.0,True,False,False
khố,nfd,3,▁kho|̂|́,2.5|2.5,False,0.0,False,True,False
khốc,nfc,2,▁kh|ốc,2,False,1.0,True,False,False
khốc,nfd,3,▁kho|̂|́c,2.5|2.5,False,0.0,False,False,False
khối,nfc,1,▁khối,,True,1.0,False,False,False
khối,nfd,3,▁kho|̂|́i,2.5|2.5,False,0.0,False,False,False
khốn,nfc,2,▁kh|ốn,2,False,1.0,True,False,False
khốn,nfd,3,▁kho|̂|́n,2.5|2.5,False,0.0,False,False,False
khống,nfc,2,▁kh|ống,2,False,1.0,True,False,False
khống,nfd,3,▁kho|̂|́ng,2.5|2.5,False,0.0,False,False,False
khổ,nfc,1,▁khổ,,True,1.0,False,False,False
khổ,nfd,3,▁kho|̂|̉,2.5|2.5,False,0.0,False,True,False
khổn,nfc,2,▁khổ|n,3,False,1.0,False,False,False
khổn,nfd,4,▁kho|̂|̉|n,2.5|2.5|3,False,0.3333333333333333,False,True,False
khổng,nfc,2,▁kh|ổng,2,False,1.0,True,False,False
khổng,nfd,4,▁kho|̂|̉|ng,2.5|2.5|3,False,0.3333333333333333,False,True,False
khớ,nfc,2,▁kh|ớ,2,False,1.0,True,False,False
khớ,nfd,3,▁kho|̛|́,2.5|2.5,False,0.0,False,True,False
khớp,nfc,1,▁khớp,,True,1.0,False,False,False
khớp,nfd,4,▁kho|̛|́|p,2.5|2.5|3,False,0.3333333333333333,False,True,False
khờ,nfc,2,▁kh|ờ,2,False,1.0,True,False,False
khờ,nfd,3,▁kho|̛|̀,2.5|2.5,False,0.0,False,True,False
khởi,nfc,1,▁khởi,,True,1.0,False,False,False
khởi,nfd,4,▁kho|̛|̉|i,2.5|2.5|3,False,0.3333333333333333,False,True,False
khụ,nfc,2,▁kh|ụ,2,False,1.0,True,False,False
khụ,nfd,2,▁khu|̣,2.5,False,0.0,False,True,False
khục,nfc,2,▁kh|ục,2,False,1.0,True,False,False
khục,nfd,2,▁khu|̣c,2.5,False,0.0,False,False,False
khụt,nfc,3,▁kh|ụ|t,2|3,False,1.0,True,False,False
khụt,nfd,2,▁khu|̣t,2.5,False,0.0,False,False,False
khủ,nfc,2,▁kh|ủ,2,False,1.0,True,False,False
khủ,nfd,2,▁khu|̉,2.5,False,0.0,False,True,False
khủng,nfc,1,▁khủng,,True,1.0,False,False,False
khủng,nfd,3,▁khu|̉|ng,2.5|3,False,0.5,False,True,False
khứ,nfc,2,▁kh|ứ,2,False,1.0,True,False,False
khứ,nfd,3,▁khu|̛|́,2.5|2.5,False,0.0,False,True,False
khứa,nfc,2,▁kh|ứa,2,False,1.0,True,False,False
khứa,nfd,4,▁khu|̛|́|a,2.5|2.5|3,False,0.0,False,True,False
khứng,nfc,2,▁kh|ứng,2,False,1.0,True,False,False
khứng,nfd,3,▁khu|̛|́ng,2.5|2.5,False,0.0,False,False,False
khứu,nfc,3,▁kh|ứ|u,2|3,False,1.0,True,False,False
khứu,nfd,4,▁khu|̛|́|u,2.5|2.5|3,False,0.3333333333333333,False,True,False
khừ,nfc,2,▁kh|ừ,2,False,1.0,True,False,False
khừ,nfd,3,▁khu|̛|̀,2.5|2.5,False,0.0,False,True,False
khừng,nfc,2,▁kh|ừng,2,False,1.0,True,False,False
khừng,nfd,3,▁khu|̛|̀ng,2.5|2.5,False,0.0,False,False,False
khử,nfc,2,▁kh|ử,2,False,1.0,True,False,False
khử,nfd,3,▁khu|̛|̉,2.5|2.5,False,0.0,False,True,False
khựng,nfc,2,▁kh|ựng,2,False,1.0,True,False,False
khựng,nfd,3,▁khu|̛|̣ng,2.5|2.5,False,0.0,False,False,False
ki,nfc,1,▁ki,,True,1.0,False,False,False
ki,nfd,1,▁ki,,True,1.0,False,False,False
kia,nfc,1,▁kia,,True,1.0,False,False,False
kia,nfd,1,▁kia,,True,1.0,False,False,False
kim,nfc,1,▁kim,,True,1.0,False,False,False
kim,nfd,1,▁kim,,True,1.0,False,False,False
kinh,nfc,1,▁kinh,,True,1.0,False,False,False
kinh,nfd,1,▁kinh,,True,1.0,False,False,False
kiêm,nfc,2,▁ki|êm,2,False,0.0,False,False,False
kiêm,nfd,3,▁kie|̂|m,2.5|3,False,0.5,False,False,False
kiên,nfc,2,▁ki|ên,2,False,0.0,False,False,False
kiên,nfd,3,▁kie|̂|n,2.5|3,False,0.5,False,False,False
kiêng,nfc,2,▁ki|êng,2,False,0.0,False,False,False
kiêng,nfd,3,▁kie|̂|ng,2.5|3,False,0.5,False,False,False
kiêu,nfc,2,▁ki|êu,2,False,0.0,False,False,False
kiêu,nfd,3,▁kie|̂|u,2.5|3,False,0.5,False,False,False
kiếm,nfc,1,▁kiếm,,True,1.0,False,False,False
kiếm,nfd,4,▁kie|̂|́|m,2.5|2.5|3,False,0.3333333333333333,False,True,False
kiến,nfc,1,▁kiến,,True,1.0,False,False,False
kiến,nfd,3,▁kie|̂|́n,2.5|2.5,False,0.0,False,False,False
kiếp,nfc,2,▁ki|ếp,2,False,0.0,False,False,False
kiếp,nfd,4,▁kie|̂|́|p,2.5|2.5|3,False,0.3333333333333333,False,True,False
kiết,nfc,2,▁ki|ết,2,False,0.0,False,False,False
kiết,nfd,3,▁kie|̂|́t,2.5|2.5,False,0.0,False,False,False
kiếu,nfc,2,▁ki|ếu,2,False,0.0,False,False,False
kiếu,nfd,4,▁kie|̂|́|u,2.5|2.5|3,False,0.3333333333333333,False,True,False
kiềm,nfc,2,▁ki|ềm,2,False,0.0,False,False,False
kiềm,nfd,4,▁kie|̂|̀|m,2.5|2.5|3,False,0.3333333333333333,False,True,False
kiền,nfc,2,▁ki|ền,2,False,0.0,False,False,False
kiền,nfd,3,▁kie|̂|̀n,2.5|2.5,False,0.0,False,False,False
kiềng,nfc,3,▁ki|ề|ng,2|3,False,0.5,False,False,False
kiềng,nfd,3,▁kie|̂|̀ng,2.5|2.5,False,0.0,False,False,False
kiều,nfc,2,▁ki|ều,2,False,0.0,False,False,False
kiều,nfd,3,▁kie|̂|̀u,2.5|2.5,False,0.0,False,False,False
kiểm,nfc,1,▁kiểm,,True,1.0,False,False,False
kiểm,nfd,4,▁kie|̂|̉|m,2.5|2.5|3,False,0.3333333333333333,False,True,False
kiểng,nfc,3,▁ki|ể|ng,2|3,False,0.5,False,False,False
kiểng,nfd,4,▁kie|̂|̉|ng,2.5|2.5|3,False,0.3333333333333333,False,True,False
kiểu,nfc,1,▁kiểu,,True,1.0,False,False,False
kiểu,nfd,4,▁kie|̂|̉|u,2.5|2.5|3,False,0.3333333333333333,False,True,False
kiễng,nfc,3,▁ki|ễ|ng,2|3,False,0.5,False,False,False
kiễng,nfd,4,▁kie|̂|̃|ng,2.5|2.5|3,False,0.3333333333333333,False,True,False
kiệm,nfc,1,▁kiệm,,True,1.0,False,False,False
kiệm,nfd,4,▁kie|̣|̂|m,2.5|2.5|3,False,0.3333333333333333,False,True,False
kiện,nfc,1,▁kiện,,True,1.0,False,False,False
kiện,nfd,4,▁kie|̣|̂|n,2.5|2.5|3,False,0.3333333333333333,False,True,False
kiệt,nfc,2,▁ki|ệt,2,False,0.0,False,False,False
kiệt,nfd,4,▁kie|̣|̂|t,2.5|2.5|3,False,0.3333333333333333,False,True,False
kiệu,nfc,2,▁ki|ệu,2,False,0.0,False,False,False
kiệu,nfd,4,▁kie|̣|̂|u,2.5|2.5|3,False,0.3333333333333333,False,True,False
kè,nfc,2,▁k|è,1,False,1.0,True,False,False
kè,nfd,2,▁ke|̀,1.5,False,0.0,False,True,False
kèm,nfc,1,▁kèm,,True,1.0,False,False,False
kèm,nfd,3,▁ke|̀|m,1.5|2,False,0.5,False,True,False
kèn,nfc,2,▁k|èn,1,False,1.0,True,False,False
kèn,nfd,2,▁ke|̀n,1.5,False,0.0,False,False,False
kèo,nfc,1,▁kèo,,True,1.0,False,False,False
kèo,nfd,3,▁ke|̀|o,1.5|2,False,0.5,False,True,False
ké,nfc,1,▁ké,,True,1.0,False,False,False
ké,nfd,2,▁ke|́,1.5,False,0.0,False,True,False
kéc,nfc,2,▁k|éc,1,False,1.0,True,False,False
kéc,nfd,2,▁ke|́c,1.5,False,0.0,False,False,False
kém,nfc,1,▁kém,,True,1.0,False,False,False
kém,nfd,3,▁ke|́|m,1.5|2,False,0.5,False,True,False
kén,nfc,2,▁k|én,1,False,1.0,True,False,False
kén,nfd,2,▁ke|́n,1.5,False,0.0,False,False,False
kéo,nfc,1,▁kéo,,True,1.0,False,False,False
kéo,nfd,3,▁ke|́|o,1.5|2,False,0.5,False,True,False
kép,nfc,1,▁kép,,True,1.0,False,False,False
kép,nfd,3,▁ke|́|p,1.5|2,False,0.5,False,True,False
két,nfc,1,▁két,,True,1.0,False,False,False
két,nfd,2,▁ke|́t,1.5,False,0.0,False,False,False
kê,nfc,1,▁kê,,True,1.0,False,False,False
kê,nfd,2,▁ke|̂,1.5,False,0.0,False,False,False
kênh,nfc,1,▁kênh,,True,1.0,False,False,False
kênh,nfd,3,▁ke|̂|nh,1.5|2,False,0.5,False,False,False
kêu,nfc,2,▁k|êu,1,False,1.0,True,False,False
kêu,nfd,3,▁ke|̂|u,1.5|2,False,0.5,False,False,False
kì,nfc,1,▁kì,,True,1.0,False,False,False
kì,nfd,2,▁ki|̀,1.5,False,0.0,False,True,False
kìa,nfc,2,▁k|ìa,1,False,1.0,True,False,False
kìa,nfd,3,▁ki|̀|a,1.5|2,False,0.0,False,True,False
kìm,nfc,2,▁k|ìm,1,False,1.0,True,False,False
kìm,nfd,3,▁ki|̀|m,1.5|2,False,0.5,False,True,False
kình,nfc,2,▁k|ình,1,False,1.0,True,False,False
kình,nfd,2,▁ki|̀nh,1.5,False,0.0,False,False,False
kí,nfc,1,▁kí,,True,1.0,False,False,False
kí,nfd,2,▁ki|́,1.5,False,0.0,False,True,False
kích,nfc,1,▁kích,,True,1.0,False,False,False
kích,nfd,3,▁ki|́|ch,1.5|2,False,0.5,False,True,False
kín,nfc,1,▁kín,,True,1.0,False,False,False
kín,nfd,2,▁ki|́n,1.5,False,0.0,False,False,False
kính,nfc,1,▁kính,,True,1.0,False,False,False
kính,nfd,3,▁ki|́|nh,1.5|2,False,0.5,False,True,False
kíp,nfc,2,▁k|íp,1,False,1.0,True,False,False
kíp,nfd,3,▁ki|́|p,1.5|2,False,0.5,False,True,False
kít,nfc,2,▁k|ít,1,False,1.0,True,False,False
kít,nfd,2,▁ki|́t,1.5,False,0.0,False,False,False
ký,nfc,1,▁ký,,True,1.0,False,False,False
ký,nfd,2,▁ky|́,1.5,False,0.0,False,True,False
kĩ,nfc,2,▁k|ĩ,1,False,1.0,True,False,False
kĩ,nfd,2,▁ki|̃,1.5,False,0.0,False,True,False
kẹ,nfc,2,▁k|ẹ,1,False,1.0,True,False,False
kẹ,nfd,2,▁ke|̣,1.5,False,0.0,False,True,False
kẹn,nfc,2,▁k|ẹn,1,False,1.0,True,False,False
kẹn,nfd,2,▁ke|̣n,1.5,False,0.0,False,False,False
kẹo,nfc,2,▁k|ẹo,1,False,1.0,True,False,False
kẹo,nfd,3,▁ke|̣|o,1.5|2,False,0.5,False,True,False
kẹp,nfc,2,▁k|ẹp,1,False,1.0,True,False,False
kẹp,nfd,3,▁ke|̣|p,1.5|2,False,0.5,False,True,False
kẹt,nfc,3,▁k|ẹ|t,1|2,False,1.0,True,False,False
kẹt,nfd,2,▁ke|̣t,1.5,False,0.0,False,False,False
kẻ,nfc,1,▁kẻ,,True,1.0,False,False,False
kẻ,nfd,2,▁ke|̉,1.5,False,0.0,False,True,False
kẻng,nfc,2,▁kẻ|ng,2,False,1.0,False,False,False
kẻng,nfd,3,▁ke|̉|ng,1.5|2,False,0.5,False,True,False
kẻo,nfc,2,▁kẻ|o,2,False,1.0,False,False,False
kẻo,nfd,3,▁ke|̉|o,1.5|2,False,0.5,False,True,False
kẽ,nfc,2,▁k|ẽ,1,False,1.0,True,False,False
kẽ,nfd,2,▁ke|̃,1.5,False,0.0,False,True,False
kẽm,nfc,3,▁k|ẽ|m,1|2,False,1.0,True,False,False
kẽm,nfd,3,▁ke|̃|m,1.5|2,False,0.5,False,True,False
kẽo,nfc,3,▁k|ẽ|o,1|2,False,1.0,True,False,False
kẽo,nfd,2,▁ke|̃o,1.5,False,0.0,False,False,False
kế,nfc,1,▁kế,,True,1.0,False,False,False
kế,nfd,3,▁ke|̂|́,1.5|1.5,False,0.0,False,True,False
kếch,nfc,2,▁kế|ch,2,False,1.0,False,False,False
kếch,nfd,4,▁ke|̂|́|ch,1.5|1.5|2,False,0.3333333333333333,False,True,False
kếp,nfc,2,▁kế|p,2,False,1.0,False,False,False
kếp,nfd,4,▁ke|̂|́|p,1.5|1.5|2,False,0.3333333333333333,False,True,False
kết,nfc,1,▁kết,,True,1.0,False,False,False
kết,nfd,3,▁ke|̂|́t,1.5|1.5,False,0.0,False,False,False
kề,nfc,2,▁k|ề,1,False,1.0,True,False,False
kề,nfd,3,▁ke|̂|̀,1.5|1.5,False,0.0,False,True,False
kềm,nfc,2,▁k|ềm,1,False,1.0,True,False,False
kềm,nfd,4,▁ke|̂|̀|m,1.5|1.5|2,False,0.3333333333333333,False,True,False
kền,nfc,2,▁k|ền,1,False,1.0,True,False,False
kền,nfd,3,▁ke|̂|̀n,1.5|1.5,False,0.0,False,False,False
kềnh,nfc,3,▁k|ề|nh,1|2,False,1.0,True,False,False
kềnh,nfd,3,▁ke|̂|̀nh,1.5|1.5,False,0.0,False,False,False
kều,nfc,2,▁k|ều,1,False,1.0,True,False,False
kều,nfd,3,▁ke|̂|̀u,1.5|1.5,False,0.0,False,False,False
kể,nfc,1,▁kể,,True,1.0,False,False,False
kể,nfd,3,▁ke|̂|̉,1.5|1.5,False,0.0,False,True,False
kệ,nfc,1,▁kệ,,True,1.0,False,False,False
kệ,nfd,3,▁ke|̣|̂,1.5|1.5,False,0.0,False,True,False
kệch,nfc,2,▁kệ|ch,2,False,1.0,False,False,False
kệch,nfd,4,▁ke|̣|̂|ch,1.5|1.5|2,False,0.3333333333333333,False,True,False
kệnh,nfc,2,▁k|ệnh,1,False,1.0,True,False,False
kệnh,nfd,4,▁ke|̣|̂|nh,1.5|1.5|2,False,0.3333333333333333,False,True,False
kỉ,nfc,2,▁k|ỉ,1,False,1.0,True,False,False
kỉ,nfd,2,▁ki|̉,1.5,False,0.0,False,True,False
kỉnh,nfc,2,▁k|ỉnh,1,False,1.0,True,False,False
kỉnh,nfd,3,▁ki|̉|nh,1.5|2,False,0.5,False,True,False
kị,nfc,2,▁k|ị,1,False,1.0,True,False,False
kị,nfd,2,▁ki|̣,1.5,False,0.0,False,True,False
kịch,nfc,1,▁kịch,,True,1.0,False,False,False
kịch,nfd,3,▁ki|̣|ch,1.5|2,False,0.5,False,True,False
kịp,nfc,2,▁k|ịp,1,False,1.0,True,False,False
kịp,nfd,3,▁ki|̣|p,1.5|2,False,0.5,False,True,False
kịt,nfc,2,▁k|ịt,1,False,1.0,True,False,False
kịt,nfd,2,▁ki|̣t,1.5,False,0.0,False,False,False
kỳ,nfc,1,▁kỳ,,True,1.0,False,False,False
kỳ,nfd,2,▁ky|̀,1.5,False,0.0,False,True,False
kỵ,nfc,2,▁k|ỵ,1,False,1.0,True,False,False
kỵ,nfd,2,▁ky|̣,1.5,False,0.0,False,True,False
kỷ,nfc,1,▁kỷ,,True,1.0,False,False,False
kỷ,nfd,2,▁ky|̉,1.5,False,0.0,False,True,False
kỹ,nfc,1,▁kỹ,,True,1.0,False,False,False
kỹ,nfd,2,▁ky|̃,1.5,False,0.0,False,True,False
la,nfc,1,▁la,,True,1.0,False,False,False
la,nfd,1,▁la,,True,1.0,False,False,False
lai,nfc,1,▁lai,,True,1.0,False,False,False
lai,nfd,1,▁lai,,True,1.0,False,False,False
lam,nfc,1,▁lam,,True,1.0,False,False,False
lam,nfd,1,▁lam,,True,1.0,False,False,False
lan,nfc,1,▁lan,,True,1.0,False,False,False
lan,nfd,1,▁lan,,True,1.0,False,False,False
lang,nfc,1,▁lang,,True,1.0,False,False,False
lang,nfd,1,▁lang,,True,1.0,False,False,False
lanh,nfc,2,▁lan|h,3,False,0.0,False,False,False
lanh,nfd,2,▁lan|h,3,False,0.0,False,False,False
lao,nfc,1,▁lao,,True,1.0,False,False,False
lao,nfd,1,▁lao,,True,1.0,False,False,False
lau,nfc,1,▁lau,,True,1.0,False,False,False
lau,nfd,1,▁lau,,True,1.0,False,False,False
lay,nfc,1,▁lay,,True,1.0,False,False,False
lay,nfd,1,▁lay,,True,1.0,False,False,False
le,nfc,1,▁le,,True,1.0,False,False,False
le,nfd,1,▁le,,True,1.0,False,False,False
lem,nfc,1,▁lem,,True,1.0,False,False,False
lem,nfd,1,▁lem,,True,1.0,False,False,False
len,nfc,1,▁len,,True,1.0,False,False,False
len,nfd,1,▁len,,True,1.0,False,False,False
leng,nfc,1,▁leng,,True,1.0,False,False,False
leng,nfd,1,▁leng,,True,1.0,False,False,False
leo,nfc,1,▁leo,,True,1.0,False,False,False
leo,nfd,1,▁leo,,True,1.0,False,False,False
li,nfc,1,▁li,,True,1.0,False,False,False
li,nfd,1,▁li,,True,1.0,False,False,False
lia,nfc,1,▁lia,,True,1.0,False,False,False
lia,nfd,1,▁lia,,True,1.0,False,False,False
lim,nfc,1,▁lim,,True,1.0,False,False,False
lim,nfd,1,▁lim,,True,1.0,False,False,False
lin,nfc,1,▁lin,,True,1.0,False,False,False
lin,nfd,1,▁lin,,True,1.0,False,False,False
linh,nfc,1,▁linh,,True,1.0,False,False,False
linh,nfd,1,▁linh,,True,1.0,False,False,False
liu,nfc,1,▁liu,,True,1.0,False,False,False
liu,nfd,1,▁liu,,True,1.0,False,False,False
liêm,nfc,2,▁li|êm,2,False,0.0,False,False,False
liêm,nfd,3,▁lie|̂|m,2.5|3,False,0.5,False,False,False
liên,nfc,1,▁liên,,True,1.0,False,False,False
liên,nfd,3,▁lie|̂|n,2.5|3,False,0.5,False,False,False
liêng,nfc,2,▁li|êng,2,False,0.0,False,False,False
liêng,nfd,3,▁lie|̂|ng,2.5|3,False,0.5,False,False,False
liêu,nfc,2,▁li|êu,2,False,0.0,False,False,False
liêu,nfd,3,▁lie|̂|u,2.5|3,False,0.5,False,False,False
liếc,nfc,2,▁li|ếc,2,False,0.0,False,False,False
liếc,nfd,3,▁lie|̂|́c,2.5|2.5,False,0.0,False,False,False
liếm,nfc,2,▁li|ếm,2,False,0.0,False,False,False
liếm,nfd,4,▁lie|̂|́|m,2.5|2.5|3,False,0.3333333333333333,False,True,False
liến,nfc,2,▁li|ến,2,False,0.0,False,False,False
liến,nfd,3,▁lie|̂|́n,2.5|2.5,False,0.0,False,False,False
liếng,nfc,2,▁li|ếng,2,False,0.0,False,False,False
liếng,nfd,3,▁lie|̂|́ng,2.5|2.5,False,0.0,False,False,False
liếp,nfc,2,▁li|ếp,2,False,0.0,False,False,False
liếp,nfd,4,▁lie|̂|́|p,2.5|2.5|3,False,0.3333333333333333,False,True,False
liềm,nfc,2,▁li|ềm,2,False,0.0,False,False,False
liềm,nfd,4,▁lie|̂|̀|m,2.5|2.5|3,False,0.3333333333333333,False,True,False
liền,nfc,1,▁liền,,True,1.0,False,False,False
liền,nfd,3,▁lie|̂|̀n,2.5|2.5,False,0.0,False,False,False
liều,nfc,2,▁li|ều,2,False,0.0,False,False,False
liều,nfd,3,▁lie|̂|̀u,2.5|2.5,False,0.0,False,False,False
liểng,nfc,3,▁li|ể|ng,2|3,False,0.5,False,False,False
liểng,nfd,4,▁lie|̂|̉|ng,2.5|2.5|3,False,0.3333333333333333,False,True,False
liễm,nfc,2,▁li|ễm,2,False,0.0,False,False,False
liễm,nfd,4,▁lie|̂|̃|m,2.5|2.5|3,False,0.3333333333333333,False,True,False
liễn,nfc,2,▁li|ễn,2,False,0.0,False,False,False
liễn,nfd,4,▁lie|̂|̃|n,2.5|2.5|3,False,0.3333333333333333,False,True,False
liễu,nfc,3,▁li|ễ|u,2|3,False,0.5,False,False,False
liễu,nfd,4,▁lie|̂|̃|u,2.5|2.5|3,False,0.3333333333333333,False,True,False
liệm,nfc,2,▁li|ệm,2,False,0.0,False,False,False
liệm,nfd,4,▁lie|̣|̂|m,2.5|2.5|3,False,0.3333333333333333,False,True,False
liệng,nfc,2,▁li|ệng,2,False,0.0,False,False,False
liệng,nfd,4,▁lie|̣|̂|ng,2.5|2.5|3,False,0.3333333333333333,False,True,False
liệp,nfc,2,▁li|ệp,2,False,0.0,False,False,False
liệp,nfd,4,▁lie|̣|̂|p,2.5|2.5|3,False,0.3333333333333333,False,True,False
liệt,nfc,1,▁liệt,,True,1.0,False,False,False
liệt,nfd,4,▁lie|̣|̂|t,2.5|2.5|3,False,0.3333333333333333,False,True,False
liệu,nfc,1,▁liệu,,True,1.0,False,False,False
liệu,nfd,4,▁lie|̣|̂|u,2.5|2.5|3,False,0.3333333333333333,False,True,False
lo,nfc,1,▁lo,,True,1.0,False,False,False
lo,nfd,1,▁lo,,True,1.0,False,False,False
loa,nfc,1,▁loa,,True,1.0,False,False,False
loa,nfd,1,▁loa,,True,1.0,False,False,False
loan,nfc,1,▁loan,,True,1.0,False,False,False
loan,nfd,1,▁loan,,True,1.0,False,False,False
loang,nfc,2,▁lo|ang,2,False,1.0,False,False,False
loang,nfd,2,▁lo|ang,2,False,1.0,False,False,False
loanh,nfc,2,▁loan|h,4,False,0.0,False,False,False
loanh,nfd,2,▁loan|h,4,False,0.0,False,False,False
loay,nfc,2,▁lo|ay,2,False,1.0,False,False,False
loay,nfd,2,▁lo|ay,2,False,1.0,False,False,False
loe,nfc,2,▁lo|e,2,False,1.0,False,False,False
loe,nfd,2,▁lo|e,2,False,1.0,False,False,False
loen,nfc,2,▁lo|en,2,False,1.0,False,False,False
loen,nfd,2,▁lo|en,2,False,1.0,False,False,False
loi,nfc,1,▁loi,,True,1.0,False,False,False
loi,nfd,1,▁loi,,True,1.0,False,False,False
lom,nfc,1,▁lom,,True,1.0,False,False,False
lom,nfd,1,▁lom,,True,1.0,False,False,False
lon,nfc,1,▁lon,,True,1.0,False,False,False
lon,nfd,1,▁lon,,True,1.0,False,False,False
long,nfc,1,▁long,,True,1.0,False,False,False
long,nfd,1,▁long,,True,1.0,False,False,False
loong,nfc,2,▁lo|ong,2,False,0.0,False,False,False
loong,nfd,2,▁lo|ong,2,False,0.0,False,False,False
loà,nfc,2,▁lo|à,2,False,1.0,False,False,False
loà,nfd,2,▁loa|̀,2.5,False,0.0,False,True,False
loài,nfc,1,▁loài,,True,1.0,False,False,False
loài,nfd,2,▁loa|̀i,2.5,False,0.0,False,False,False
loàn,nfc,2,▁lo|àn,2,False,1.0,False,False,False
loàn,nfd,2,▁loa|̀n,2.5,False,0.0,False,False,False
loàng,nfc,2,▁lo|àng,2,False,1.0,False,False,False
loàng,nfd,2,▁loa|̀ng,2.5,False,0.0,False,False,False
loáng,nfc,2,▁lo|áng,2,False,1.0,False,False,False
loáng,nfd,2,▁loa|́ng,2.5,False,0.0,False,False,False
loát,nfc,2,▁lo|át,2,False,1.0,False,False,False
loát,nfd,2,▁loa|́t,2.5,False,0.0,False,False,False
loãng,nfc,2,▁lo|ãng,2,False,1.0,False,False,False
loãng,nfd,3,▁loa|̃|ng,2.5|3,False,0.5,False,True,False
loè,nfc,2,▁lo|è,2,False,1.0,False,False,False
loè,nfd,3,▁lo|e|̀,2|2.5,False,0.5,False,True,False
loé,nfc,2,▁lo|é,2,False,1.0,False,False,False
loé,nfd,3,▁lo|e|́,2|2.5,False,0.5,False,True,False
loét,nfc,2,▁lo|ét,2,False,1.0,False,False,False
loét,nfd,3,▁lo|e|́t,2|2.5,False,0.5,False,False,False
loăng,nfc,2,▁lo|ăng,2,False,1.0,False,False,False
loăng,nfd,3,▁loa|̆|ng,2.5|3,False,0.5,False,False,False
loạc,nfc,2,▁lo|ạc,2,False,1.0,False,False,False
loạc,nfd,2,▁loa|̣c,2.5,False,0.0,False,False,False
loại,nfc,1,▁loại,,True,1.0,False,False,False
loại,nfd,2,▁loa|̣i,2.5,False,0.0,False,False,False
loạn,nfc,1,▁loạn,,True,1.0,False,False,False
loạn,nfd,2,▁loa|̣n,2.5,False,0.0,False,False,False
loạng,nfc,2,▁lo|ạng,2,False,1.0,False,False,False
loạng,nfd,2,▁loa|̣ng,2.5,False,0.0,False,False,False
loạt,nfc,1,▁loạt,,True,1.0,False,False,False
loạt,nfd,2,▁loa|̣t,2.5,False,0.0,False,False,False
loảng,nfc,2,▁lo|ảng,2,False,1.0,False,False,False
loảng,nfd,3,▁loa|̉|ng,2.5|3,False,0.5,False,True,False
loắt,nfc,2,▁lo|ắt,2,False,1.0,False,False,False
loắt,nfd,3,▁loa|̆|́t,2.5|2.5,False,0.0,False,False,False
loằng,nfc,2,▁lo|ằng,2,False,1.0,False,False,False
loằng,nfd,3,▁loa|̆|̀ng,2.5|2.5,False,0.0,False,False,False
loẹt,nfc,3,▁lo|ẹ|t,2|3,False,1.0,False,False,False
loẹt,nfd,3,▁lo|e|̣t,2|2.5,False,0.5,False,False,False
lu,nfc,1,▁lu,,True,1.0,False,False,False
lu,nfd,1,▁lu,,True,1.0,False,False,False
lua,nfc,1,▁lua,,True,1.0,False,False,False
lua,nfd,1,▁lua,,True,1.0,False,False,False
lui,nfc,1,▁lui,,True,1.0,False,False,False
lui,nfd,1,▁lui,,True,1.0,False,False,False
lum,nfc,1,▁lum,,True,1.0,False,False,False
lum,nfd,1,▁lum,,True,1.0,False,False,False
lung,nfc,1,▁lung,,True,1.0,False,False,False
lung,nfd,1,▁lung,,True,1.0,False,False,False
luya,nfc,2,▁lu|ya,2,False,1.0,False,False,False
luya,nfd,2,▁lu|ya,2,False,1.0,False,False,False
luyến,nfc,2,▁luy|ến,3,False,0.0,False,False,False
luyến,nfd,4,▁lu|ye|̂|́n,2|3.5|3.5,False,0.3333333333333333,False,False,False
luyện,nfc,1,▁luyện,,True,1.0,False,False,False
luyện,nfd,5,▁lu|ye|̣|̂|n,2|3.5|3.5|4,False,0.5,False,True,False
luân,nfc,2,▁lu|ân,2,False,1.0,False,False,False
luân,nfd,3,▁lua|̂|n,2.5|3,False,0.5,False,False,False
luôm,nfc,2,▁lu|ôm,2,False,0.0,False,False,False
luôm,nfd,4,▁lu|o|̂|m,2|2.5|3,False,0.3333333333333333,False,False,False
luôn,nfc,1,▁luôn,,True,1.0,False,False,False
luôn,nfd,4,▁lu|o|̂|n,2|2.5|3,False,0.3333333333333333,False,False,False
luông,nfc,2,▁lu|ông,2,False,0.0,False,False,False
luông,nfd,4,▁lu|o|̂|ng,2|2.5|3,False,0.3333333333333333,False,False,False
luýnh,nfc,3,▁lu|ý|nh,2|3,False,1.0,False,False,False
luýnh,nfd,3,▁luy|́|nh,2.5|3,False,0.5,False,True,False
luấn,nfc,2,▁lu|ấn,2,False,1.0,False,False,False
luấn,nfd,3,▁lua|̂|́n,2.5|2.5,False,0.0,False,False,False
luẩn,nfc,2,▁lu|ẩn,2,False,1.0,False,False,False
luẩn,nfd,4,▁lua|̂|̉|n,2.5|2.5|3,False,0.3333333333333333,False,True,False
luận,nfc,1,▁luận,,True,1.0,False,False,False
luận,nfd,4,▁lua|̣|̂|n,2.5|2.5|3,False,0.3333333333333333,False,True,False
luật,nfc,1,▁luật,,True,1.0,False,False,False
luật,nfd,4,▁lua|̣|̂|t,2.5|2.5|3,False,0.3333333333333333,False,True,False
luốc,nfc,2,▁lu|ốc,2,False,0.0,False,False,False
luốc,nfd,4,▁lu|o|̂|́c,2|2.5|2.5,False,0.0,False,False,False
luống,nfc,2,▁lu|ống,2,False,0.0,False,False,False
luống,nfd,4,▁lu|o|̂|́ng,2|2.5|2.5,False,0.0,False,False,False
luốt,nfc,2,▁lu|ốt,2,False,0.0,False,False,False
luốt,nfd,4,▁lu|o|̂|́t,2|2.5|2.5,False,0.0,False,False,False
luồn,nfc,2,▁lu|ồn,2,False,0.0,False,False,False
luồn,nfd,4,▁lu|o|̂|̀n,2|2.5|2.5,False,0.0,False,False,False
luồng,nfc,2,▁lu|ồng,2,False,0.0,False,False,False
luồng,nfd,4,▁lu|o|̂|̀ng,2|2.5|2.5,False,0.0,False,False,False
luỗng,nfc,2,▁lu|ỗng,2,False,0.0,False,False,False
luỗng,nfd,5,▁lu|o|̂|̃|ng,2|2.5|2.5|3,False,0.25,False,True,False
luộc,nfc,2,▁lu|ộc,2,False,0.0,False,False,False
luộc,nfd,5,▁lu|o|̣|̂|c,2|2.5|2.5|3,False,0.25,False,True,False
luộm,nfc,2,▁lu|ộm,2,False,0.0,False,False,False
luộm,nfd,5,▁lu|o|̣|̂|m,2|2.5|2.5|3,False,0.25,False,True,False
luỵ,nfc,2,▁lu|ỵ,2,False,1.0,False,False,False
luỵ,nfd,2,▁luy|̣,2.5,False,0.0,False,True,False
luỹ,nfc,2,▁lu|ỹ,2,False,1.0,False,False,False
luỹ,nfd,2,▁luy|̃,2.5,False,0.0,False,True,False
ly,nfc,1,▁ly,,True,1.0,False,False,False
ly,nfd,1,▁ly,,True,1.0,False,False,False
là,nfc,1,▁là,,True,1.0,False,False,False
là,nfd,2,▁la|̀,1.5,False,0.0,False,True,False
lài,nfc,2,▁là|i,2,False,1.0,False,False,False
lài,nfd,2,▁la|̀i,1.5,False,0.0,False,False,False
làm,nfc,1,▁làm,,True,1.0,False,False,False
làm,nfd,3,▁la|̀|m,1.5|2,False,0.5,False,True,False
làn,nfc,1,▁làn,,True,1.0,False,False,False
làn,nfd,2,▁la|̀n,1.5,False,0.0,False,False,False
làng,nfc,1,▁làng,,True,1.0,False,False,False
làng,nfd,2,▁la|̀ng,1.5,False,0.0,False,False,False
lành,nfc,1,▁lành,,True,1.0,False,False,False
lành,nfd,2,▁la|̀nh,1.5,False,0.0,False,False,False
lào,nfc,2,▁là|o,2,False,1.0,False,False,False
lào,nfd,3,▁la|̀|o,1.5|2,False,0.5,False,True,False
làu,nfc,2,▁là|u,2,False,1.0,False,False,False
làu,nfd,2,▁la|̀u,1.5,False,0.0,False,False,False
lá,nfc,1,▁lá,,True,1.0,False,False,False
lá,nfd,2,▁la|́,1.5,False,0.0,False,True,False
lác,nfc,1,▁lác,,True,1.0,False,False,False
lác,nfd,2,▁la|́c,1.5,False,0.0,False,False,False
lách,nfc,2,▁l|ách,1,False,1.0,True,False,False
lách,nfd,3,▁la|́|ch,1.5|2,False,0.5,False,True,False
lái,nfc,1,▁lái,,True,1.0,False,False,False
lái,nfd,2,▁la|́i,1.5,False,0.0,False,False,False
lán,nfc,2,▁l|án,1,False,1.0,True,False,False
lán,nfd,2,▁la|́n,1.5,False,0.0,False,False,False
láng,nfc,2,▁l|áng,1,False,1.0,True,False,False
láng,nfd,2,▁la|́ng,1.5,False,0.0,False,False,False
lánh,nfc,2,▁lá|nh,2,False,1.0,False,False,False
lánh,nfd,3,▁la|́|nh,1.5|2,False,0.5,False,True,False
láo,nfc,2,▁lá|o,2,False,1.0,False,False,False
láo,nfd,3,▁la|́|o,1.5|2,False,0.5,False,True,False
láp,nfc,1,▁láp,,True,1.0,False,False,False
láp,nfd,3,▁la|́|p,1.5|2,False,0.5,False,True,False
lát,nfc,1,▁lát,,True,1.0,False,False,False
lát,nfd,2,▁la|́t,1.5,False,0.0,False,False,False
láu,nfc,2,▁lá|u,2,False,1.0,False,False,False
láu,nfd,3,▁la|́|u,1.5|2,False,0.5,False,True,False
láy,nfc,2,▁lá|y,2,False,1.0,False,False,False
láy,nfd,3,▁la|́|y,1.5|2,False,0.5,False,True,False
lâm,nfc,1,▁lâm,,True,1.0,False,False,False
lâm,nfd,3,▁la|̂|m,1.5|2,False,0.5,False,False,False
lân,nfc,2,▁l|ân,1,False,1.0,True,False,False
lân,nfd,3,▁la|̂|n,1.5|2,False,0.5,False,False,False
lâng,nfc,1,▁lâng,,True,1.0,False,False,False
lâng,nfd,3,▁la|̂|ng,1.5|2,False,0.5,False,False,False
lâu,nfc,1,▁lâu,,True,1.0,False,False,False
lâu,nfd,3,▁la|̂|u,1.5|2,False,0.5,False,False,False
lây,nfc,2,▁l|ây,1,False,1.0,True,False,False
lây,nfd,3,▁la|̂|y,1.5|2,False,0.5,False,False,False
lã,nfc,1,▁lã,,True,1.0,False,False,False
lã,nfd,2,▁la|̃,1.5,False,0.0,False,True,False
lãi,nfc,2,▁l|ãi,1,False,1.0,True,False,False
lãi,nfd,3,▁la|̃|i,1.5|2,False,0.5,False,True,False
lãm,nfc,2,▁lã|m,2,False,1.0,False,False,False
lãm,nfd,3,▁la|̃|m,1.5|2,False,0.5,False,True,False
lãn,nfc,2,▁l|ãn,1,False,1.0,True,False,False
lãn,nfd,3,▁la|̃|n,1.5|2,False,0.5,False,True,False
lãng,nfc,1,▁lãng,,True,1.0,False,False,False
lãng,nfd,3,▁la|̃|ng,1.5|2,False,0.5,False,True,False
lãnh,nfc,1,▁lãnh,,True,1.0,False,False,False
lãnh,nfd,3,▁la|̃|nh,1.5|2,False,0.5,False,True,False
lão,nfc,1,▁lão,,True,1.0,False,False,False
lão,nfd,2,▁la|̃o,1.5,False,0.0,False,False,False
lè,nfc,2,▁l|è,1,False,1.0,True,False,False
lè,nfd,2,▁le|̀,1.5,False,0.0,False,True,False
lèm,nfc,2,▁l|èm,1,False,1.0,True,False,False
lèm,nfd,3,▁le|̀|m,1.5|2,False,0.5,False,True,False
lèn,nfc,2,▁l|èn,1,False,1.0,True,False,False
lèn,nfd,2,▁le|̀n,1.5,False,0.0,False,False,False
lèo,nfc,2,▁l|èo,1,False,1.0,True,False,False
lèo,nfd,3,▁le|̀|o,1.5|2,False,0.5,False,True,False
lé,nfc,1,▁lé,,True,1.0,False,False,False
lé,nfd,2,▁le|́,1.5,False,0.0,False,True,False
léc,nfc,2,▁l|éc,1,False,1.0,True,False,False
léc,nfd,2,▁le|́c,1.5,False,0.0,False,False,False
lém,nfc,2,▁l|ém,1,False,1.0,True,False,False
lém,nfd,3,▁le|́|m,1.5|2,False,0.5,False,True,False
lén,nfc,2,▁l|én,1,False,1.0,True,False,False
lén,nfd,2,▁le|́n,1.5,False,0.0,False,False,False
léng,nfc,2,▁lé|ng,2,False,1.0,False,False,False
léng,nfd,2,▁le|́ng,1.5,False,0.0,False,False,False
léo,nfc,2,▁l|éo,1,False,1.0,True,False,False
léo,nfd,3,▁le|́|o,1.5|2,False,0.5,False,True,False
lép,nfc,1,▁lép,,True,1.0,False,False,False
lép,nfd,3,▁le|́|p,1.5|2,False,0.5,False,True,False
lét,nfc,2,▁l|ét,1,False,1.0,True,False,False
lét,nfd,2,▁le|́t,1.5,False,0.0,False,False,False
lê,nfc,1,▁lê,,True,1.0,False,False,False
lê,nfd,2,▁le|̂,1.5,False,0.0,False,False,False
lên,nfc,1,▁lên,,True,1.0,False,False,False
lên,nfd,3,▁le|̂|n,1.5|2,False,0.5,False,False,False
lênh,nfc,2,▁lê|nh,2,False,1.0,False,False,False
lênh,nfd,3,▁le|̂|nh,1.5|2,False,0.5,False,False,False
lêu,nfc,2,▁l|êu,1,False,1.0,True,False,False
lêu,nfd,3,▁le|̂|u,1.5|2,False,0.5,False,False,False
lì,nfc,1,▁lì,,True,1.0,False,False,False
lì,nfd,2,▁li|̀,1.5,False,0.0,False,True,False
lìa,nfc,2,▁lì|a,2,False,0.0,False,False,False
lìa,nfd,3,▁li|̀|a,1.5|2,False,0.0,False,True,False
lìm,nfc,2,▁l|ìm,1,False,1.0,True,False,False
lìm,nfd,3,▁li|̀|m,1.5|2,False,0.5,False,True,False
lình,nfc,2,▁l|ình,1,False,1.0,True,False,False
lình,nfd,2,▁li|̀nh,1.5,False,0.0,False,False,False
lìu,nfc,2,▁lì|u,2,False,1.0,False,False,False
lìu,nfd,2,▁li|̀u,1.5,False,0.0,False,False,False
lí,nfc,1,▁lí,,True,1.0,False,False,False
lí,nfd,2,▁li|́,1.5,False,0.0,False,True,False
lính,nfc,2,▁lí|nh,2,False,1.0,False,False,False
lính,nfd,3,▁li|́|nh,1.5|2,False,0.5,False,True,False
líp,nfc,2,▁lí|p,2,False,1.0,False,False,False
líp,nfd,3,▁li|́|p,1.5|2,False,0.5,False,True,False
lít,nfc,1,▁lít,,True,1.0,False,False,False
lít,nfd,2,▁li|́t,1.5,False,0.0,False,False,False
líu,nfc,2,▁lí|u,2,False,1.0,False,False,False
líu,nfd,3,▁li|́|u,1.5|2,False,0.5,False,True,False
lò,nfc,1,▁lò,,True,1.0,False,False,False
lò,nfd,2,▁lo|̀,1.5,False,0.0,False,True,False
lòi,nfc,2,▁l|òi,1,False,1.0,True,False,False
lòi,nfd,2,▁lo|̀i,1.5,False,0.0,False,False,False
lòm,nfc,2,▁l|òm,1,False,1.0,True,False,False
lòm,nfd,3,▁lo|̀|m,1.5|2,False,0.5,False,True,False
lòn,nfc,2,▁l|òn,1,False,1.0,True,False,False
lòn,nfd,2,▁lo|̀n,1.5,False,0.0,False,False,False
lòng,nfc,1,▁lòng,,True,1.0,False,False,False
lòng,nfd,2,▁lo|̀ng,1.5,False,0.0,False,False,False
ló,nfc,1,▁ló,,True,1.0,False,False,False
ló,nfd,2,▁lo|́,1.5,False,0.0,False,True,False
lóc,nfc,2,▁l|óc,1,False,1.0,True,False,False
lóc,nfd,2,▁lo|́c,1.5,False,0.0,False,False,False
lói,nfc,2,▁l|ói,1,False,1.0,True,False,False
lói,nfd,2,▁lo|́i,1.5,False,0.0,False,False,False
lóm,nfc,2,▁l|óm,1,False,1.0,True,False,False
lóm,nfd,3,▁lo|́|m,1.5|2,False,0.5,False,True,False
lóng,nfc,2,▁l|óng,1,False,1.0,True,False,False
lóng,nfd,2,▁lo|́ng,1.5,False,0.0,False,False,False
lóp,nfc,2,▁l|óp,1,False,1.0,True,False,False
lóp,nfd,3,▁lo|́|p,1.5|2,False,0.5,False,True,False
lót,nfc,1,▁lót,,True,1.0,False,False,False
lót,nfd,2,▁lo|́t,1.5,False,0.0,False,False,False
lô,nfc,1,▁lô,,True,1.0,False,False,False
lô,nfd,2,▁lo|̂,1.5,False,0.0,False,False,False
lôi,nfc,2,▁l|ôi,1,False,1.0,True,False,False
lôi,nfd,3,▁lo|̂|i,1.5|2,False,0.5,False,False,False
lôm,nfc,2,▁l|ôm,1,False,1.0,True,False,False
lôm,nfd,3,▁lo|̂|m,1.5|2,False,0.5,False,False,False
lông,nfc,1,▁lông,,True,1.0,False,False,False
lông,nfd,3,▁lo|̂|ng,1.5|2,False,0.5,False,False,False
lõ,nfc,1,▁lõ,,True,1.0,False,False,False
lõ,nfd,2,▁lo|̃,1.5,False,0.0,False,True,False
lõi,nfc,2,▁l|õi,1,False,1.0,True,False,False
lõi,nfd,3,▁lo|̃|i,1.5|2,False,0.5,False,True,False
lõm,nfc,2,▁lõ|m,2,False,1.0,False,False,False
lõm,nfd,3,▁lo|̃|m,1.5|2,False,0.5,False,True,False
lõng,nfc,2,▁lõ|ng,2,False,1.0,False,False,False
lõng,nfd,3,▁lo|̃|ng,1.5|2,False,0.5,False,True,False
lù,nfc,2,▁l|ù,1,False,1.0,True,False,False
lù,nfd,2,▁lu|̀,1.5,False,0.0,False,True,False
lùa,nfc,2,▁l|ùa,1,False,1.0,True,False,False
lùa,nfd,3,▁lu|̀|a,1.5|2,False,0.0,False,True,False
lùi,nfc,2,▁l|ùi,1,False,1.0,True,False,False
lùi,nfd,2,▁lu|̀i,1.5,False,0.0,False,False,False
lùm,nfc,2,▁l|ùm,1,False,1.0,True,False,False
lùm,nfd,3,▁lu|̀|m,1.5|2,False,0.5,False,True,False
lùn,nfc,2,▁l|ùn,1,False,1.0,True,False,False
lùn,nfd,2,▁lu|̀n,1.5,False,0.0,False,False,False
lùng,nfc,2,▁l|ùng,1,False,1.0,True,False,False
lùng,nfd,2,▁lu|̀ng,1.5,False,0.0,False,False,False
lú,nfc,1,▁lú,,True,1.0,False,False,False
lú,nfd,2,▁lu|́,1.5,False,0.0,False,True,False
lúa,nfc,2,▁l|úa,1,False,1.0,True,False,False
lúa,nfd,3,▁lu|́|a,1.5|2,False,0.0,False,True,False
lúc,nfc,1,▁lúc,,True,1.0,False,False,False
lúc,nfd,2,▁lu|́c,1.5,False,0.0,False,False,False
lúi,nfc,2,▁l|úi,1,False,1.0,True,False,False
lúi,nfd,2,▁lu|́i,1.5,False,0.0,False,False,False
lúm,nfc,2,▁lú|m,2,False,1.0,False,False,False
lúm,nfd,3,▁lu|́|m,1.5|2,False,0.5,False,True,False
lún,nfc,2,▁l|ún,1,False,1.0,True,False,False
lún,nfd,2,▁lu|́n,1.5,False,0.0,False,False,False
lúng,nfc,2,▁l|úng,1,False,1.0,True,False,False
lúng,nfd,2,▁lu|́ng,1.5,False,0.0,False,False,False
lúp,nfc,2,▁l|úp,1,False,1.0,True,False,False
lúp,nfd,3,▁lu|́|p,1.5|2,False,0.5,False,True,False
lút,nfc,2,▁l|út,1,False,1.0,True,False,False
lút,nfd,2,▁lu|́t,1.5,False,0.0,False,False,False
lý,nfc,1,▁lý,,True,1.0,False,False,False
lý,nfd,2,▁ly|́,1.5,False,0.0,False,True,False
lăm,nfc,2,▁l|ăm,1,False,1.0,True,False,False
lăm,nfd,3,▁la|̆|m,1.5|2,False,0.5,False,False,False
lăn,nfc,2,▁l|ăn,1,False,1.0,True,False,False
lăn,nfd,3,▁la|̆|n,1.5|2,False,0.5,False,False,False
lăng,nfc,2,▁l|ăng,1,False,1.0,True,False,False
lăng,nfd,3,▁la|̆|ng,1.5|2,False,0.5,False,False,False
lĩnh,nfc,1,▁lĩnh,,True,1.0,False,False,False
lĩnh,nfd,3,▁li|̃|nh,1.5|2,False,0.5,False,True,False
lũ,nfc,2,▁l|ũ,1,False,1.0,True,False,False
lũ,nfd,2,▁lu|̃,1.5,False,0.0,False,True,False
lũi,nfc,3,▁l|ũ|i,1|2,False,1.0,True,False,False
lũi,nfd,3,▁lu|̃|i,1.5|2,False,0.5,False,True,False
lũm,nfc,3,▁l|ũ|m,1|2,False,1.0,True,False,False
lũm,nfd,3,▁lu|̃|m,1.5|2,False,0.5,False,True,False
lũn,nfc,3,▁l|ũ|n,1|2,False,1.0,True,False,False
lũn,nfd,3,▁lu|̃|n,1.5|2,False,0.5,False,True,False
lũng,nfc,2,▁l|ũng,1,False,1.0,True,False,False
lũng,nfd,3,▁lu|̃|ng,1.5|2,False,0.5,False,True,False
lơ,nfc,2,▁l|ơ,1,False,1.0,True,False,False
lơ,nfd,2,▁lo|̛,1.5,False,0.0,False,False,False
lơi,nfc,2,▁l|ơi,1,False,1.0,True,False,False
lơi,nfd,3,▁lo|̛|i,1.5|2,False,0.5,False,False,False
lơn,nfc,2,▁l|ơn,1,False,1.0,True,False,False
lơn,nfd,3,▁lo|̛|n,1.5|2,False,0.5,False,False,False
lư,nfc,2,▁l|ư,1,False,1.0,True,False,False
lư,nfd,2,▁lu|̛,1.5,False,0.0,False,False,False
lưng,nfc,1,▁lưng,,True,1.0,False,False,False
lưng,nfd,3,▁lu|̛|ng,1.5|2,False,0.5,False,False,False
lưu,nfc,1,▁lưu,,True,1.0,False,False,False
lưu,nfd,3,▁lu|̛|u,1.5|2,False,0.5,False,False,False
lươm,nfc,3,▁l|ươ|m,1|3,False,1.0,True,False,False
lươm,nfd,5,▁lu|̛|o|̛|m,1.5|2|2.5|3,False,0.25,False,False,False
lươn,nfc,3,▁l|ươ|n,1|3,False,1.0,True,False,False
lươn,nfd,5,▁lu|̛|o|̛|n,1.5|2|2.5|3,False,0.25,False,False,False
lương,nfc,1,▁lương,,True,1.0,False,False,False
lương,nfd,5,▁lu|̛|o|̛|ng,1.5|2|2.5|3,False,0.25,False,False,False
lưới,nfc,1,▁lưới,,True,1.0,False,False,False
lưới,nfd,5,▁lu|̛|o|̛|́i,1.5|2|2.5|2.5,False,0.0,False,False,False
lướng,nfc,2,▁l|ướng,1,False,1.0,True,False,False
lướng,nfd,5,▁lu|̛|o|̛|́ng,1.5|2|2.5|2.5,False,0.0,False,False,False
lướt,nfc,2,▁l|ướt,1,False,1.0,True,False,False
lướt,nfd,5,▁lu|̛|o|̛|́t,1.5|2|2.5|2.5,False,0.0,False,False,False
lười,nfc,2,▁l|ười,1,False,1.0,True,False,False
lười,nfd,5,▁lu|̛|o|̛|̀i,1.5|2|2.5|2.5,False,0.0,False,False,False
lườm,nfc,3,▁l|ườ|m,1|3,False,1.0,True,False,False
lườm,nfd,6,▁lu|̛|o|̛|̀|m,1.5|2|2.5|2.5|3,False,0.2,False,True,False
lườn,nfc,2,▁l|ườn,1,False,1.0,True,False,False
lườn,nfd,5,▁lu|̛|o|̛|̀n,1.5|2|2.5|2.5,False,0.0,False,False,False
lường,nfc,2,▁l|ường,1,False,1.0,True,False,False
lường,nfd,5,▁lu|̛|o|̛|̀ng,1.5|2|2.5|2.5,False,0.0,False,False,False
lưỡi,nfc,2,▁l|ưỡi,1,False,1.0,True,False,False
lưỡi,nfd,6,▁lu|̛|o|̛|̃|i,1.5|2|2.5|2.5|3,False,0.2,False,True,False
lưỡng,nfc,2,▁l|ưỡng,1,False,1.0,True,False,False
lưỡng,nfd,6,▁lu|̛|o|̛|̃|ng,1.5|2|2.5|2.5|3,False,0.2,False,True,False
lược,nfc,1,▁lược,,True,1.0,False,False,False
lược,nfd,5,▁lu|̛|o|̛|̣c,1.5|2|2.5|2.5,False,0.0,False,False,False
lượm,nfc,3,▁l|ượ|m,1|3,False,1.0,True,False,False
lượm,nfd,6,▁lu|̛|o|̛|̣|m,1.5|2|2.5|2.5|3,False,0.2,False,True,False
lượn,nfc,3,▁l|ượ|n,1|3,False,1.0,True,False,False
lượn,nfd,5,▁lu|̛|o|̛|̣n,1.5|2|2.5|2.5,False,0.0,False,False,False
lượng,nfc,1,▁lượng,,True,1.0,False,False,False
lượng,nfd,5,▁lu|̛|o|̛|̣ng,1.5|2|2.5|2.5,False,0.0,False,False,False
lượt,nfc,1,▁lượt,,True,1.0,False,False,False
lượt,nfd,5,▁lu|̛|o|̛|̣t,1.5|2|2.5|2.5,False,0.0,False,False,False
lạ,nfc,1,▁lạ,,True,1.0,False,False,False
lạ,nfd,2,▁la|̣,1.5,False,0.0,False,True,False
lạc,nfc,1,▁lạc,,True,1.0,False,False,False
lạc,nfd,2,▁la|̣c,1.5,False,0.0,False,False,False
lạch,nfc,2,▁l|ạch,1,False,1.0,True,False,False
lạch,nfd,3,▁la|̣|ch,1.5|2,False,0.5,False,True,False
lại,nfc,1,▁lại,,True,1.0,False,False,False
lại,nfd,2,▁la|̣i,1.5,False,0.0,False,False,False
lạm,nfc,2,▁l|ạm,1,False,1.0,True,False,False
lạm,nfd,3,▁la|̣|m,1.5|2,False,0.5,False,True,False
lạn,nfc,2,▁l|ạn,1,False,1.0,True,False,False
lạn,nfd,2,▁la|̣n,1.5,False,0.0,False,False,False
lạng,nfc,2,▁l|ạng,1,False,1.0,True,False,False
lạng,nfd,2,▁la|̣ng,1.5,False,0.0,False,False,False
lạnh,nfc,1,▁lạnh,,True,1.0,False,False,False
lạnh,nfd,3,▁la|̣|nh,1.5|2,False,0.5,False,True,False
lạo,nfc,2,▁l|ạo,1,False,1.0,True,False,False
lạo,nfd,3,▁la|̣|o,1.5|2,False,0.5,False,True,False
lạp,nfc,2,▁l|ạp,1,False,1.0,True,False,False
lạp,nfd,3,▁la|̣|p,1.5|2,False,0.5,False,True,False
lạt,nfc,1,▁lạt,,True,1.0,False,False,False
lạt,nfd,2,▁la|̣t,1.5,False,0.0,False,False,False
lạu,nfc,2,▁lạ|u,2,False,1.0,False,False,False
lạu,nfd,3,▁la|̣|u,1.5|2,False,0.5,False,True,False
lạy,nfc,2,▁l|ạy,1,False,1.0,True,False,False
lạy,nfd,3,▁la|̣|y,1.5|2,False,0.5,False,True,False
lả,nfc,2,▁l|ả,1,False,1.0,True,False,False
lả,nfd,2,▁la|̉,1.5,False,0.0,False,True,False
lải,nfc,2,▁l|ải,1,False,1.0,True,False,False
lải,nfd,3,▁la|̉|i,1.5|2,False,0.5,False,True,False
lảm,nfc,2,▁l|ảm,1,False,1.0,True,False,False
lảm,nfd,3,▁la|̉|m,1.5|2,False,0.5,False,True,False
lảng,nfc,2,▁l|ảng,1,False,1.0,True,False,False
lảng,nfd,3,▁la|̉|ng,1.5|2,False,0.5,False,True,False
lảnh,nfc,2,▁l|ảnh,1,False,1.0,True,False,False
lảnh,nfd,3,▁la|̉|nh,1.5|2,False,0.5,False,True,False
lảo,nfc,2,▁l|ảo,1,False,1.0,True,False,False
lảo,nfd,3,▁la|̉|o,1.5|2,False,0.5,False,True,False
lảu,nfc,3,▁l|ả|u,1|2,False,1.0,True,False,False
lảu,nfd,3,▁la|̉|u,1.5|2,False,0.5,False,True,False
lảy,nfc,2,▁l|ảy,1,False,1.0,True,False,False
lảy,nfd,3,▁la|̉|y,1.5|2,False,0.5,False,True,False
lấc,nfc,2,▁l|ấc,1,False,1.0,True,False,False
lấc,nfd,3,▁la|̂|́c,1.5|1.5,False,0.0,False,False,False
lấm,nfc,2,▁l|ấm,1,False,1.0,True,False,False
lấm,nfd,4,▁la|̂|́|m,1.5|1.5|2,False,0.3333333333333333,False,True,False
lấn,nfc,2,▁l|ấn,1,False,1.0,True,False,False
lấn,nfd,3,▁la|̂|́n,1.5|1.5,False,0.0,False,False,False
lấp,nfc,2,▁l|ấp,1,False,1.0,True,False,False
lấp,nfd,4,▁la|̂|́|p,1.5|1.5|2,False,0.3333333333333333,False,True,False
lất,nfc,2,▁l|ất,1,False,1.0,True,False,False
lất,nfd,3,▁la|̂|́t,1.5|1.5,False,0.0,False,False,False
lấy,nfc,1,▁lấy,,True,1.0,False,False,False
lấy,nfd,4,▁la|̂|́|y,1.5|1.5|2,False,0.3333333333333333,False,True,False
lầm,nfc,2,▁l|ầm,1,False,1.0,True,False,False
lầm,nfd,4,▁la|̂|̀|m,1.5|1.5|2,False,0.3333333333333333,False,True,False
lần,nfc,1,▁lần,,True,1.0,False,False,False
lần,nfd,3,▁la|̂|̀n,1.5|1.5,False,0.0,False,False,False
lầu,nfc,2,▁l|ầu,1,False,1.0,True,False,False
lầu,nfd,3,▁la|̂|̀u,1.5|1.5,False,0.0,False,False,False
lầy,nfc,2,▁l|ầy,1,False,1.0,True,False,False
lầy,nfd,4,▁la|̂|̀|y,1.5|1.5|2,False,0.3333333333333333,False,True,False
lẩm,nfc,2,▁l|ẩm,1,False,1.0,True,False,False
lẩm,nfd,4,▁la|̂|̉|m,1.5|1.5|2,False,0.3333333333333333,False,True,False
lẩn,nfc,2,▁l|ẩn,1,False,1.0,True,False,False
lẩn,nfd,4,▁la|̂|̉|n,1.5|1.5|2,False,0.3333333333333333,False,True,False
lẩu,nfc,2,▁l|ẩu,1,False,1.0,True,False,False
lẩu,nfd,4,▁la|̂|̉|u,1.5|1.5|2,False,0.3333333333333333,False,True,False
lẩy,nfc,2,▁l|ẩy,1,False,1.0,True,False,False
lẩy,nfd,4,▁la|̂|̉|y,1.5|1.5|2,False,0.3333333333333333,False,True,False
lẫm,nfc,3,▁l|ẫ|m,1|2,False,1.0,True,False,False
lẫm,nfd,4,▁la|̂|̃|m,1.5|1.5|2,False,0.3333333333333333,False,True,False
lẫn,nfc,1,▁lẫn,,True,1.0,False,False,False
lẫn,nfd,4,▁la|̂|̃|n,1.5|1.5|2,False,0.3333333333333333,False,True,False
lẫy,nfc,2,▁l|ẫy,1,False,1.0,True,False,False
lẫy,nfd,4,▁la|̂|̃|y,1.5|1.5|2,False,0.3333333333333333,False,True,False
lận,nfc,2,▁l|ận,1,False,1.0,True,False,False
lận,nfd,4,▁la|̣|̂|n,1.5|1.5|2,False,0.3333333333333333,False,True,False
lập,nfc,1,▁lập,,True,1.0,False,False,False
lập,nfd,4,▁la|̣|̂|p,1.5|1.5|2,False,0.3333333333333333,False,True,False
lật,nfc,2,▁l|ật,1,False,1.0,True,False,False
lật,nfd,4,▁la|̣|̂|t,1.5|1.5|2,False,0.3333333333333333,False,True,False
lậu,nfc,2,▁l|ậu,1,False,1.0,True,False,False
lậu,nfd,4,▁la|̣|̂|u,1.5|1.5|2,False,0.3333333333333333,False,True,False
lắc,nfc,2,▁l|ắc,1,False,1.0,True,False,False
lắc,nfd,3,▁la|̆|́c,1.5|1.5,False,0.0,False,False,False
lắm,nfc,1,▁lắm,,True,1.0,False,False,False
lắm,nfd,4,▁la|̆|́|m,1.5|1.5|2,False,0.3333333333333333,False,True,False
lắng,nfc,1,▁lắng,,True,1.0,False,False,False
lắng,nfd,3,▁la|̆|́ng,1.5|1.5,False,0.0,False,False,False
lắp,nfc,1,▁lắp,,True,1.0,False,False,False
lắp,nfd,4,▁la|̆|́|p,1.5|1.5|2,False,0.3333333333333333,False,True,False
lắt,nfc,2,▁l|ắt,1,False,1.0,True,False,False
lắt,nfd,3,▁la|̆|́t,1.5|1.5,False,0.0,False,False,False
lằm,nfc,2,▁l|ằm,1,False,1.0,True,False,False
lằm,nfd,4,▁la|̆|̀|m,1.5|1.5|2,False,0.3333333333333333,False,True,False
lằn,nfc,3,▁l|ằ|n,1|2,False,1.0,True,False,False
lằn,nfd,3,▁la|̆|̀n,1.5|1.5,False,0.0,False,False,False
lằng,nfc,2,▁l|ằng,1,False,1.0,True,False,False
lằng,nfd,3,▁la|̆|̀ng,1.5|1.5,False,0.0,False,False,False
lẳm,nfc,3,▁l|ẳ|m,1|2,False,1.0,True,False,False
lẳm,nfd,4,▁la|̆|̉|m,1.5|1.5|2,False,0.3333333333333333,False,True,False
lẳn,nfc,2,▁l|ẳn,1,False,1.0,True,False,False
lẳn,nfd,4,▁la|̆|̉|n,1.5|1.5|2,False,0.3333333333333333,False,True,False
lẳng,nfc,2,▁l|ẳng,1,False,1.0,True,False,False
lẳng,nfd,4,▁la|̆|̉|ng,1.5|1.5|2,False,0.3333333333333333,False,True,False
lẵng,nfc,2,▁l|ẵng,1,False,1.0,True,False,False
lẵng,nfd,4,▁la|̆|̃|ng,1.5|1.5|2,False,0.3333333333333333,False,True,False
lặc,nfc,2,▁l|ặc,1,False,1.0,True,False,False
lặc,nfd,4,▁la|̣|̆|c,1.5|1.5|2,False,0.3333333333333333,False,True,False
lặm,nfc,3,▁l|ặ|m,1|2,False,1.0,True,False,False
lặm,nfd,4,▁la|̣|̆|m,1.5|1.5|2,False,0.3333333333333333,False,True,False
lặn,nfc,2,▁l|ặn,1,False,1.0,True,False,False
lặn,nfd,4,▁la|̣|̆|n,1.5|1.5|2,False,0.3333333333333333,False,True,False
lặng,nfc,1,▁lặng,,True,1.0,False,False,False
lặng,nfd,4,▁la|̣|̆|ng,1.5|1.5|2,False,0.3333333333333333,False,True,False
lặp,nfc,2,▁l|ặp,1,False,1.0,True,False,False
lặp,nfd,4,▁la|̣|̆|p,1.5|1.5|2,False,0.3333333333333333,False,True,False
lặt,nfc,2,▁l|ặt,1,False,1.0,True,False,False
lặt,nfd,4,▁la|̣|̆|t,1.5|1.5|2,False,0.3333333333333333,False,True,False
lẹ,nfc,2,▁l|ẹ,1,False,1.0,True,False,False
lẹ,nfd,2,▁le|̣,1.5,False,0.0,False,True,False
lẹm,nfc,3,▁l|ẹ|m,1|2,False,1.0,True,False,False
lẹm,nfd,3,▁le|̣|m,1.5|2,False,0.5,False,True,False
lẹn,nfc,2,▁l|ẹn,1,False,1.0,True,False,False
lẹn,nfd,2,▁le|̣n,1.5,False,0.0,False,False,False
lẹo,nfc,2,▁l|ẹo,1,False,1.0,True,False,False
lẹo,nfd,3,▁le|̣|o,1.5|2,False,0.5,False,True,False
lẹp,nfc,2,▁l|ẹp,1,False,1.0,True,False,False
lẹp,nfd,3,▁le|̣|p,1.5|2,False,0.5,False,True,False
lẹt,nfc,3,▁l|ẹ|t,1|2,False,1.0,True,False,False
lẹt,nfd,2,▁le|̣t,1.5,False,0.0,False,False,False
lẻ,nfc,1,▁lẻ,,True,1.0,False,False,False
lẻ,nfd,2,▁le|̉,1.5,False,0.0,False,True,False
lẻm,nfc,2,▁lẻ|m,2,False,1.0,False,False,False
lẻm,nfd,3,▁le|̉|m,1.5|2,False,0.5,False,True,False
lẻn,nfc,2,▁lẻ|n,2,False,1.0,False,False,False
lẻn,nfd,3,▁le|̉|n,1.5|2,False,0.5,False,True,False
lẻng,nfc,2,▁lẻ|ng,2,False,1.0,False,False,False
lẻng,nfd,3,▁le|̉|ng,1.5|2,False,0.5,False,True,False
lẻo,nfc,2,▁l|ẻo,1,False,1.0,True,False,False
lẻo,nfd,3,▁le|̉|o,1.5|2,False,0.5,False,True,False
lẽ,nfc,1,▁lẽ,,True,1.0,False,False,False
lẽ,nfd,2,▁le|̃,1.5,False,0.0,False,True,False
lẽn,nfc,2,▁lẽ|n,2,False,1.0,False,False,False
lẽn,nfd,3,▁le|̃|n,1.5|2,False,0.5,False,True,False
lẽo,nfc,2,▁lẽ|o,2,False,1.0,False,False,False
lẽo,nfd,2,▁le|̃o,1.5,False,0.0,False,False,False
lếch,nfc,3,▁l|ế|ch,1|2,False,1.0,True,False,False
lếch,nfd,4,▁le|̂|́|ch,1.5|1.5|2,False,0.3333333333333333,False,True,False
lết,nfc,2,▁l|ết,1,False,1.0,True,False,False
lết,nfd,3,▁le|̂|́t,1.5|1.5,False,0.0,False,False,False
lếu,nfc,2,▁l|ếu,1,False,1.0,True,False,False
lếu,nfd,4,▁le|̂|́|u,1.5|1.5|2,False,0.3333333333333333,False,True,False
lề,nfc,2,▁l|ề,1,False,1.0,True,False,False
lề,nfd,3,▁le|̂|̀,1.5|1.5,False,0.0,False,True,False
lềnh,nfc,3,▁l|ề|nh,1|2,False,1.0,True,False,False
lềnh,nfd,3,▁le|̂|̀nh,1.5|1.5,False,0.0,False,False,False
lều,nfc,2,▁l|ều,1,False,1.0,True,False,False
lều,nfd,3,▁le|̂|̀u,1.5|1.5,False,0.0,False,False,False
lể,nfc,2,▁l|ể,1,False,1.0,True,False,False
lể,nfd,3,▁le|̂|̉,1.5|1.5,False,0.0,False,True,False
lểu,nfc,2,▁l|ểu,1,False,1.0,True,False,False
lểu,nfd,4,▁le|̂|̉|u,1.5|1.5|2,False,0.3333333333333333,False,True,False
lễ,nfc,1,▁lễ,,True,1.0,False,False,False
lễ,nfd,3,▁le|̂|̃,1.5|1.5,False,0.0,False,True,False
lễu,nfc,2,▁lễ|u,2,False,1.0,False,False,False
lễu,nfd,4,▁le|̂|̃|u,1.5|1.5|2,False,0.3333333333333333,False,True,False
lệ,nfc,1,▁lệ,,True,1.0,False,False,False
lệ,nfd,3,▁le|̣|̂,1.5|1.5,False,0.0,False,True,False
lệch,nfc,2,▁lệ|ch,2,False,1.0,False,False,False
lệch,nfd,4,▁le|̣|̂|ch,1.5|1.5|2,False,0.3333333333333333,False,True,False
lệnh,nfc,1,▁lệnh,,True,1.0,False,False,False
lệnh,nfd,4,▁le|̣|̂|nh,1.5|1.5|2,False,0.3333333333333333,False,True,False
lỉm,nfc,3,▁l|ỉ|m,1|2,False,1.0,True,False,False
lỉm,nfd,3,▁li|̉|m,1.5|2,False,0.5,False,True,False
lỉnh,nfc,2,▁l|ỉnh,1,False,1.0,True,False,False
lỉnh,nfd,3,▁li|̉|nh,1.5|2,False,0.5,False,True,False
lị,nfc,2,▁l|ị,1,False,1.0,True,False,False
lị,nfd,2,▁li|̣,1.5,False,0.0,False,True,False
lịa,nfc,2,▁l|ịa,1,False,1.0,True,False,False
lịa,nfd,3,▁li|̣|a,1.5|2,False,0.0,False,True,False
lịch,nfc,1,▁lịch,,True,1.0,False,False,False
lịch,nfd,3,▁li|̣|ch,1.5|2,False,0.5,False,True,False
lịm,nfc,3,▁l|ị|m,1|2,False,1.0,True,False,False
lịm,nfd,3,▁li|̣|m,1.5|2,False,0.5,False,True,False
lịnh,nfc,2,▁l|ịnh,1,False,1.0,True,False,False
lịnh,nfd,3,▁li|̣|nh,1.5|2,False,0.5,False,True,False
lịu,nfc,3,▁l|ị|u,1|2,False,1.0,True,False,False
lịu,nfd,3,▁li|̣|u,1.5|2,False,0.5,False,True,False
lọ,nfc,1,▁lọ,,True,1.0,False,False,False
lọ,nfd,2,▁lo|̣,1.5,False,0.0,False,True,False
lọc,nfc,1,▁lọc,,True,1.0,False,False,False
lọc,nfd,2,▁lo|̣c,1.5,False,0.0,False,False,False
lọi,nfc,2,▁l|ọi,1,False,1.0,True,False,False
lọi,nfd,2,▁lo|̣i,1.5,False,0.0,False,False,False
lọm,nfc,2,▁lọ|m,2,False,1.0,False,False,False
lọm,nfd,3,▁lo|̣|m,1.5|2,False,0.5,False,True,False
lọn,nfc,2,▁l|ọn,1,False,1.0,True,False,False
lọn,nfd,2,▁lo|̣n,1.5,False,0.0,False,False,False
lọng,nfc,2,▁l|ọng,1,False,1.0,True,False,False
lọng,nfd,2,▁lo|̣ng,1.5,False,0.0,False,False,False
lọt,nfc,2,▁l|ọt,1,False,1.0,True,False,False
lọt,nfd,2,▁lo|̣t,1.5,False,0.0,False,False,False
lỏi,nfc,2,▁l|ỏi,1,False,1.0,True,False,False
lỏi,nfd,3,▁lo|̉|i,1.5|2,False,0.5,False,True,False
lỏm,nfc,3,▁l|ỏ|m,1|2,False,1.0,True,False,False
lỏm,nfd,3,▁lo|̉|m,1.5|2,False,0.5,False,True,False
lỏn,nfc,3,▁l|ỏ|n,1|2,False,1.0,True,False,False
lỏn,nfd,3,▁lo|̉|n,1.5|2,False,0.5,False,True,False
lỏng,nfc,2,▁l|ỏng,1,False,1.0,True,False,False
lỏng,nfd,3,▁lo|̉|ng,1.5|2,False,0.5,False,True,False
lố,nfc,2,▁l|ố,1,False,1.0,True,False,False
lố,nfd,3,▁lo|̂|́,1.5|1.5,False,0.0,False,True,False
lốc,nfc,2,▁l|ốc,1,False,1.0,True,False,False
lốc,nfd,3,▁lo|̂|́c,1.5|1.5,False,0.0,False,False,False
lối,nfc,1,▁lối,,True,1.0,False,False,False
lối,nfd,3,▁lo|̂|́i,1.5|1.5,False,0.0,False,False,False
lốm,nfc,2,▁l|ốm,1,False,1.0,True,False,False
lốm,nfd,4,▁lo|̂|́|m,1.5|1.5|2,False,0.3333333333333333,False,True,False
lốn,nfc,2,▁l|ốn,1,False,1.0,True,False,False
lốn,nfd,3,▁lo|̂|́n,1.5|1.5,False,0.0,False,False,False
lốp,nfc,2,▁l|ốp,1,False,1.0,True,False,False
lốp,nfd,4,▁lo|̂|́|p,1.5|1.5|2,False,0.3333333333333333,False,True,False
lốt,nfc,2,▁l|ốt,1,False,1.0,True,False,False
lốt,nfd,3,▁lo|̂|́t,1.5|1.5,False,0.0,False,False,False
lồ,nfc,2,▁l|ồ,1,False,1.0,True,False,False
lồ,nfd,3,▁lo|̂|̀,1.5|1.5,False,0.0,False,True,False
lồi,nfc,2,▁l|ồi,1,False,1.0,True,False,False
lồi,nfd,3,▁lo|̂|̀i,1.5|1.5,False,0.0,False,False,False
lồm,nfc,2,▁l|ồm,1,False,1.0,True,False,False
lồm,nfd,4,▁lo|̂|̀|m,1.5|1.5|2,False,0.3333333333333333,False,True,False
lồn,nfc,2,▁l|ồn,1,False,1.0,True,False,False
lồn,nfd,3,▁lo|̂|̀n,1.5|1.5,False,0.0,False,False,False
lồng,nfc,2,▁l|ồng,1,False,1.0,True,False,False
lồng,nfd,3,▁lo|̂|̀ng,1.5|1.5,False,0.0,False,False,False
lổ,nfc,2,▁l|ổ,1,False,1.0,True,False,False
lổ,nfd,3,▁lo|̂|̉,1.5|1.5,False,0.0,False,True,False
lổm,nfc,3,▁l|ổ|m,1|2,False,1.0,True,False,False
lổm,nfd,4,▁lo|̂|̉|m,1.5|1.5|2,False,0.3333333333333333,False,True,False
lổn,nfc,3,▁l|ổ|n,1|2,False,1.0,True,False,False
lổn,nfd,4,▁lo|̂|̉|n,1.5|1.5|2,False,0.3333333333333333,False,True,False
lổng,nfc,2,▁l|ổng,1,False,1.0,True,False,False
lổng,nfd,4,▁lo|̂|̉|ng,1.5|1.5|2,False,0.3333333333333333,False,True,False
lỗ,nfc,1,▁lỗ,,True,1.0,False,False,False
lỗ,nfd,3,▁lo|̂|̃,1.5|1.5,False,0.0,False,True,False
lỗi,nfc,1,▁lỗi,,True,1.0,False,False,False
lỗi,nfd,4,▁lo|̂|̃|i,1.5|1.5|2,False,0.3333333333333333,False,True,False
lộ,nfc,1,▁lộ,,True,1.0,False,False,False
lộ,nfd,3,▁lo|̣|̂,1.5|1.5,False,0.0,False,True,False
lộc,nfc,1,▁lộc,,True,1.0,False,False,False
lộc,nfd,4,▁lo|̣|̂|c,1.5|1.5|2,False,0.3333333333333333,False,True,False
lội,nfc,2,▁l|ội,1,False,1.0,True,False,False
lội,nfd,4,▁lo|̣|̂|i,1.5|1.5|2,False,0.3333333333333333,False,True,False
lộm,nfc,2,▁lộ|m,2,False,1.0,False,False,False
lộm,nfd,4,▁lo|̣|̂|m,1.5|1.5|2,False,0.3333333333333333,False,True,False
lộn,nfc,2,▁l|ộn,1,False,1.0,True,False,False
lộn,nfd,4,▁lo|̣|̂|n,1.5|1.5|2,False,0.3333333333333333,False,True,False
lộng,nfc,2,▁l|ộng,1,False,1.0,True,False,False
lộng,nfd,4,▁lo|̣|̂|ng,1.5|1.5|2,False,0.3333333333333333,False,True,False
lộp,nfc,2,▁lộ|p,2,False,1.0,False,False,False
lộp,nfd,4,▁lo|̣|̂|p,1.5|1.5|2,False,0.3333333333333333,False,True,False
lột,nfc,2,▁l|ột,1,False,1.0,True,False,False
lột,nfd,4,▁lo|̣|̂|t,1.5|1.5|2,False,0.3333333333333333,False,True,False
lớ,nfc,1,▁lớ,,True,1.0,False,False,False
lớ,nfd,3,▁lo|̛|́,1.5|1.5,False,0.0,False,True,False
lới,nfc,2,▁l|ới,1,False,1.0,True,False,False
lới,nfd,3,▁lo|̛|́i,1.5|1.5,False,0.0,False,False,False
lớn,nfc,1,▁lớn,,True,1.0,False,False,False
lớn,nfd,3,▁lo|̛|́n,1.5|1.5,False,0.0,False,False,False
lớp,nfc,1,▁lớp,,True,1.0,False,False,False
lớp,nfd,4,▁lo|̛|́|p,1.5|1.5|2,False,0.3333333333333333,False,True,False
lớt,nfc,2,▁lớ|t,2,False,1.0,False,False,False
lớt,nfd,3,▁lo|̛|́t,1.5|1.5,False,0.0,False,False,False
lờ,nfc,2,▁l|ờ,1,False,1.0,True,False,False
lờ,nfd,3,▁lo|̛|̀,1.5|1.5,False,0.0,False,True,False
lời,nfc,1,▁lời,,True,1.0,False,False,False
lời,nfd,3,▁lo|̛|̀i,1.5|1.5,False,0.0,False,False,False
lờm,nfc,3,▁l|ờ|m,1|2,False,1.0,True,False,False
lờm,nfd,4,▁lo|̛|̀|m,1.5|1.5|2,False,0.3333333333333333,False,True,False
lờn,nfc,3,▁l|ờ|n,1|2,False,1.0,True,False,False
lờn,nfd,3,▁lo|̛|̀n,1.5|1.5,False,0.0,False,False,False
lở,nfc,2,▁l|ở,1,False,1.0,True,False,False
lở,nfd,3,▁lo|̛|̉,1.5|1.5,False,0.0,False,True,False
lởi,nfc,2,▁l|ởi,1,False,1.0,True,False,False
lởi,nfd,4,▁lo|̛|̉|i,1.5|1.5|2,False,0.3333333333333333,False,True,False
lởm,nfc,3,▁l|ở|m,1|2,False,1.0,True,False,False
lởm,nfd,4,▁lo|̛|̉|m,1.5|1.5|2,False,0.3333333333333333,False,True,False
lởn,nfc,3,▁l|ở|n,1|2,False,1.0,True,False,False
lởn,nfd,4,▁lo|̛|̉|n,1.5|1.5|2,False,0.3333333333333333,False,True,False
lỡ,nfc,2,▁l|ỡ,1,False,1.0,True,False,False
lỡ,nfd,3,▁lo|̛|̃,1.5|1.5,False,0.0,False,True,False
lỡm,nfc,3,▁l|ỡ|m,1|2,False,1.0,True,False,False
lỡm,nfd,4,▁lo|̛|̃|m,1.5|1.5|2,False,0.3333333333333333,False,True,False
lợ,nfc,2,▁l|ợ,1,False,1.0,True,False,False
lợ,nfd,3,▁lo|̛|̣,1.5|1.5,False,0.0,False,True,False
lợi,nfc,1,▁lợi,,True,1.0,False,False,False
lợi,nfd,3,▁lo|̛|̣i,1.5|1.5,False,0.0,False,False,False
lợm,nfc,3,▁l|ợ|m,1|2,False,1.0,True,False,False
lợm,nfd,4,▁lo|̛|̣|m,1.5|1.5|2,False,0.3333333333333333,False,True,False
lợn,nfc,2,▁l|ợn,1,False,1.0,True,False,False
lợn,nfd,3,▁lo|̛|̣n,1.5|1.5,False,0.0,False,False,False
lợp,nfc,2,▁l|ợp,1,False,1.0,True,False,False
lợp,nfd,4,▁lo|̛|̣|p,1.5|1.5|2,False,0.3333333333333333,False,True,False
lợt,nfc,2,▁l|ợt,1,False,1.0,True,False,False
lợt,nfd,3,▁lo|̛|̣t,1.5|1.5,False,0.0,False,False,False
lụ,nfc,1,▁lụ,,True,1.0,False,False,False
lụ,nfd,2,▁lu|̣,1.5,False,0.0,False,True,False
lụa,nfc,1,▁lụa,,True,1.0,False,False,False
lụa,nfd,3,▁lu|̣|a,1.5|2,False,0.0,False,True,False
lục,nfc,1,▁lục,,True,1.0,False,False,False
lục,nfd,2,▁lu|̣c,1.5,False,0.0,False,False,False
lụi,nfc,2,▁lụ|i,2,False,1.0,False,False,False
lụi,nfd,2,▁lu|̣i,1.5,False,0.0,False,False,False
lụn,nfc,2,▁l|ụn,1,False,1.0,True,False,False
lụn,nfd,2,▁lu|̣n,1.5,False,0.0,False,False,False
lụng,nfc,2,▁l|ụng,1,False,1.0,True,False,False
lụng,nfd,2,▁lu|̣ng,1.5,False,0.0,False,False,False
lụp,nfc,2,▁l|ụp,1,False,1.0,True,False,False
lụp,nfd,3,▁lu|̣|p,1.5|2,False,0.5,False,True,False
lụt,nfc,2,▁lụ|t,2,False,1.0,False,False,False
lụt,nfd,2,▁lu|̣t,1.5,False,0.0,False,False,False
lủ,nfc,2,▁l|ủ,1,False,1.0,True,False,False
lủ,nfd,2,▁lu|̉,1.5,False,0.0,False,True,False
lủi,nfc,2,▁l|ủi,1,False,1.0,True,False,False
lủi,nfd,3,▁lu|̉|i,1.5|2,False,0.5,False,True,False
lủm,nfc,3,▁l|ủ|m,1|2,False,1.0,True,False,False
lủm,nfd,3,▁lu|̉|m,1.5|2,False,0.5,False,True,False
lủn,nfc,3,▁l|ủ|n,1|2,False,1.0,True,False,False
lủn,nfd,3,▁lu|̉|n,1.5|2,False,0.5,False,True,False
lủng,nfc,2,▁l|ủng,1,False,1.0,True,False,False
lủng,nfd,3,▁lu|̉|ng,1.5|2,False,0.5,False,True,False
lứa,nfc,2,▁l|ứa,1,False,1.0,True,False,False
lứa,nfd,4,▁lu|̛|́|a,1.5|1.5|2,False,0.0,False,True,False
lức,nfc,2,▁l|ức,1,False,1.0,True,False,False
lức,nfd,3,▁lu|̛|́c,1.5|1.5,False,0.0,False,False,False
lứt,nfc,2,▁l|ứt,1,False,1.0,True,False,False
lứt,nfd,3,▁lu|̛|́t,1.5|1.5,False,0.0,False,False,False
lừ,nfc,2,▁l|ừ,1,False,1.0,True,False,False
lừ,nfd,3,▁lu|̛|̀,1.5|1.5,False,0.0,False,True,False
lừa,nfc,2,▁l|ừa,1,False,1.0,True,False,False
lừa,nfd,4,▁lu|̛|̀|a,1.5|1.5|2,False,0.0,False,True,False
lừng,nfc,2,▁l|ừng,1,False,1.0,True,False,False
lừng,nfd,3,▁lu|̛|̀ng,1.5|1.5,False,0.0,False,False,False
lử,nfc,2,▁l|ử,1,False,1.0,True,False,False
lử,nfd,3,▁lu|̛|̉,1.5|1.5,False,0.0,False,True,False
lửa,nfc,1,▁lửa,,True,1.0,False,False,False
lửa,nfd,4,▁lu|̛|̉|a,1.5|1.5|2,False,0.0,False,True,False
lửng,nfc,3,▁l|ử|ng,1|2,False,1.0,True,False,False
lửng,nfd,4,▁lu|̛|̉|ng,1.5|1.5|2,False,0.3333333333333333,False,True,False
lữ,nfc,2,▁l|ữ,1,False,1.0,True,False,False
lữ,nfd,3,▁lu|̛|̃,1.5|1.5,False,0.0,False,True,False
lữa,nfc,2,▁l|ữa,1,False,1.0,True,False,False
lữa,nfd,4,▁lu|̛|̃|a,1.5|1.5|2,False,0.0,False,True,False
lững,nfc,2,▁l|ững,1,False,1.0,True,False,False
lững,nfd,4,▁lu|̛|̃|ng,1.5|1.5|2,False,0.3333333333333333,False,True,False
lự,nfc,2,▁l|ự,1,False,1.0,True,False,False
lự,nfd,3,▁lu|̛|̣,1.5|1.5,False,0.0,False,True,False
lựa,nfc,1,▁lựa,,True,1.0,False,False,False
lựa,nfd,4,▁lu|̛|̣|a,1.5|1.5|2,False,0.0,False,True,False
lực,nfc,1,▁lực,,True,1.0,False,False,False
lực,nfd,3,▁lu|̛|̣c,1.5|1.5,False,0.0,False,False,False
lựng,nfc,2,▁l|ựng,1,False,1.0,True,False,False
lựng,nfd,3,▁lu|̛|̣ng,1.5|1.5,False,0.0,False,False,False
lựu,nfc,2,▁l|ựu,1,False,1.0,True,False,False
lựu,nfd,4,▁lu|̛|̣|u,1.5|1.5|2,False,0.3333333333333333,False,True,False
lỵ,nfc,2,▁l|ỵ,1,False,1.0,True,False,False
lỵ,nfd,2,▁ly|̣,1.5,False,0.0,False,True,False
ma,nfc,1,▁ma,,True,1.0,False,False,False
ma,nfd,1,▁ma,,True,1.0,False,False,False
mai,nfc,1,▁mai,,True,1.0,False,False,False
mai,nfd,1,▁mai,,True,1.0,False,False,False
man,nfc,1,▁man,,True,1.0,False,False,False
man,nfd,1,▁man,,True,1.0,False,False,False
mang,nfc,1,▁mang,,True,1.0,False,False,False
mang,nfd,1,▁mang,,True,1.0,False,False,False
manh,nfc,2,▁man|h,3,False,0.0,False,False,False
manh,nfd,2,▁man|h,3,False,0.0,False,False,False
mao,nfc,1,▁mao,,True,1.0,False,False,False
mao,nfd,1,▁mao,,True,1.0,False,False,False
mau,nfc,1,▁mau,,True,1.0,False,False,False
mau,nfd,1,▁mau,,True,1.0,False,False,False
may,nfc,1,▁may,,True,1.0,False,False,False
may,nfd,1,▁may,,True,1.0,False,False,False
me,nfc,1,▁me,,True,1.0,False,False,False
me,nfd,1,▁me,,True,1.0,False,False,False
mem,nfc,1,▁mem,,True,1.0,False,False,False
mem,nfd,1,▁mem,,True,1.0,False,False,False
men,nfc,1,▁men,,True,1.0,False,False,False
men,nfd,1,▁men,,True,1.0,False,False,False
meo,nfc,2,▁me|o,2,False,1.0,False,False,False
meo,nfd,2,▁me|o,2,False,1.0,False,False,False
mi,nfc,1,▁mi,,True,1.0,False,False,False
mi,nfd,1,▁mi,,True,1.0,False,False,False
mia,nfc,1,▁mia,,True,1.0,False,False,False
mia,nfd,1,▁mia,,True,1.0,False,False,False
mim,nfc,1,▁mim,,True,1.0,False,False,False
mim,nfd,1,▁mim,,True,1.0,False,False,False
min,nfc,1,▁min,,True,1.0,False,False,False
min,nfd,1,▁min,,True,1.0,False,False,False
minh,nfc,1,▁minh,,True,1.0,False,False,False
minh,nfd,1,▁minh,,True,1.0,False,False,False
miên,nfc,2,▁mi|ên,2,False,0.0,False,False,False
miên,nfd,3,▁mie|̂|n,2.5|3,False,0.5,False,False,False
miêu,nfc,2,▁mi|êu,2,False,0.0,False,False,False
miêu,nfd,3,▁mie|̂|u,2.5|3,False,0.5,False,False,False
miến,nfc,2,▁mi|ến,2,False,0.0,False,False,False
miến,nfd,3,▁mie|̂|́n,2.5|2.5,False,0.0,False,False,False
miếng,nfc,1,▁miếng,,True,1.0,False,False,False
miếng,nfd,3,▁mie|̂|́ng,2.5|2.5,False,0.0,False,False,False
miết,nfc,2,▁mi|ết,2,False,0.0,False,False,False
miết,nfd,3,▁mie|̂|́t,2.5|2.5,False,0.0,False,False,False
miếu,nfc,2,▁mi|ếu,2,False,0.0,False,False,False
miếu,nfd,4,▁mie|̂|́|u,2.5|2.5|3,False,0.3333333333333333,False,True,False
miền,nfc,1,▁miền,,True,1.0,False,False,False
miền,nfd,3,▁mie|̂|̀n,2.5|2.5,False,0.0,False,False,False
miều,nfc,2,▁mi|ều,2,False,0.0,False,False,False
miều,nfd,3,▁mie|̂|̀u,2.5|2.5,False,0.0,False,False,False
miễn,nfc,1,▁miễn,,True,1.0,False,False,False
miễn,nfd,4,▁mie|̂|̃|n,2.5|2.5|3,False,0.3333333333333333,False,True,False
miễu,nfc,3,▁mi|ễ|u,2|3,False,0.5,False,False,False
miễu,nfd,4,▁mie|̂|̃|u,2.5|2.5|3,False,0.3333333333333333,False,True,False
miện,nfc,2,▁mi|ện,2,False,0.0,False,False,False
miện,nfd,4,▁mie|̣|̂|n,2.5|2.5|3,False,0.3333333333333333,False,True,False
miệng,nfc,1,▁miệng,,True,1.0,False,False,False
miệng,nfd,4,▁mie|̣|̂|ng,2.5|2.5|3,False,0.3333333333333333,False,True,False
miệt,nfc,2,▁mi|ệt,2,False,0.0,False,False,False
miệt,nfd,4,▁mie|̣|̂|t,2.5|2.5|3,False,0.3333333333333333,False,True,False
mo,nfc,1,▁mo,,True,1.0,False,False,False
mo,nfd,1,▁mo,,True,1.0,False,False,False
moay,nfc,2,▁mo|ay,2,False,1.0,False,False,False
moay,nfd,2,▁mo|ay,2,False,1.0,False,False,False
moi,nfc,1,▁moi,,True,1.0,False,False,False
moi,nfd,1,▁moi,,True,1.0,False,False,False
mom,nfc,1,▁mom,,True,1.0,False,False,False
mom,nfd,1,▁mom,,True,1.0,False,False,False
mon,nfc,1,▁mon,,True,1.0,False,False,False
mon,nfd,1,▁mon,,True,1.0,False,False,False
mong,nfc,1,▁mong,,True,1.0,False,False,False
mong,nfd,1,▁mong,,True,1.0,False,False,False
moóc,nfc,2,▁mo|óc,2,False,0.0,False,False,False
moóc,nfd,2,▁moo|́c,2.5,False,0.0,False,False,False
mu,nfc,1,▁mu,,True,1.0,False,False,False
mu,nfd,1,▁mu,,True,1.0,False,False,False
mua,nfc,1,▁mua,,True,1.0,False,False,False
mua,nfd,1,▁mua,,True,1.0,False,False,False
mui,nfc,1,▁mui,,True,1.0,False,False,False
mui,nfd,1,▁mui,,True,1.0,False,False,False
mum,nfc,1,▁mum,,True,1.0,False,False,False
mum,nfd,1,▁mum,,True,1.0,False,False,False
mun,nfc,1,▁mun,,True,1.0,False,False,False
mun,nfd,1,▁mun,,True,1.0,False,False,False
mung,nfc,1,▁mung,,True,1.0,False,False,False
mung,nfd,1,▁mung,,True,1.0,False,False,False
muôi,nfc,2,▁mu|ôi,2,False,0.0,False,False,False
muôi,nfd,4,▁mu|o|̂|i,2|2.5|3,False,0.3333333333333333,False,False,False
muôn,nfc,2,▁mu|ôn,2,False,0.0,False,False,False
muôn,nfd,4,▁mu|o|̂|n,2|2.5|3,False,0.3333333333333333,False,False,False
muông,nfc,2,▁mu|ông,2,False,0.0,False,False,False
muông,nfd,4,▁mu|o|̂|ng,2|2.5|3,False,0.3333333333333333,False,False,False
muối,nfc,1,▁muối,,True,1.0,False,False,False
muối,nfd,4,▁mu|o|̂|́i,2|2.5|2.5,False,0.0,False,False,False
muốn,nfc,1,▁muốn,,True,1.0,False,False,False
muốn,nfd,4,▁mu|o|̂|́n,2|2.5|2.5,False,0.0,False,False,False
muống,nfc,2,▁mu|ống,2,False,0.0,False,False,False
muống,nfd,4,▁mu|o|̂|́ng,2|2.5|2.5,False,0.0,False,False,False
muốt,nfc,2,▁mu|ốt,2,False,0.0,False,False,False
muốt,nfd,4,▁mu|o|̂|́t,2|2.5|2.5,False,0.0,False,False,False
muồi,nfc,2,▁mu|ồi,2,False,0.0,False,False,False
muồi,nfd,4,▁mu|o|̂|̀i,2|2.5|2.5,False,0.0,False,False,False
muỗi,nfc,2,▁mu|ỗi,2,False,0.0,False,False,False
muỗi,nfd,5,▁mu|o|̂|̃|i,2|2.5|2.5|3,False,0.25,False,True,False
muỗm,nfc,3,▁mu|ỗ|m,2|3,False,0.5,False,False,False
muỗm,nfd,5,▁mu|o|̂|̃|m,2|2.5|2.5|3,False,0.25,False,True,False
muỗng,nfc,2,▁mu|ỗng,2,False,0.0,False,False,False
muỗng,nfd,5,▁mu|o|̂|̃|ng,2|2.5|2.5|3,False,0.25,False,True,False
muội,nfc,2,▁mu|ội,2,False,0.0,False,False,False
muội,nfd,5,▁mu|o|̣|̂|i,2|2.5|2.5|3,False,0.25,False,True,False
muộn,nfc,2,▁mu|ộn,2,False,0.0,False,False,False
muộn,nfd,5,▁mu|o|̣|̂|n,2|2.5|2.5|3,False,0.25,False,True,False
mà,nfc,1,▁mà,,True,1.0,False,False,False
mà,nfd,2,▁ma|̀,1.5,False,0.0,False,True,False
mài,nfc,2,▁m|ài,1,False,1.0,True,False,False
mài,nfd,2,▁ma|̀i,1.5,False,0.0,False,False,False
màn,nfc,1,▁màn,,True,1.0,False,False,False
màn,nfd,2,▁ma|̀n,1.5,False,0.0,False,False,False
màng,nfc,1,▁màng,,True,1.0,False,False,False
màng,nfd,2,▁ma|̀ng,1.5,False,0.0,False,False,False
mành,nfc,2,▁m|ành,1,False,1.0,True,False,False
mành,nfd,2,▁ma|̀nh,1.5,False,0.0,False,False,False
mào,nfc,2,▁mà|o,2,False,1.0,False,False,False
mào,nfd,3,▁ma|̀|o,1.5|2,False,0.5,False,True,False
màu,nfc,1,▁màu,,True,1.0,False,False,False
màu,nfd,2,▁ma|̀u,1.5,False,0.0,False,False,False
mày,nfc,1,▁mày,,True,1.0,False,False,False
mày,nfd,3,▁ma|̀|y,1.5|2,False,0.5,False,True,False
má,nfc,1,▁má,,True,1.0,False,False,False
má,nfd,2,▁ma|́,1.5,False,0.0,False,True,False
mác,nfc,2,▁má|c,2,False,1.0,False,False,False
mác,nfd,2,▁ma|́c,1.5,False,0.0,False,False,False
mách,nfc,2,▁má|ch,2,False,1.0,False,False,False
mách,nfd,3,▁ma|́|ch,1.5|2,False,0.5,False,True,False
mái,nfc,1,▁mái,,True,1.0,False,False,False
mái,nfd,2,▁ma|́i,1.5,False,0.0,False,False,False
mán,nfc,2,▁m|án,1,False,1.0,True,False,False
mán,nfd,2,▁ma|́n,1.5,False,0.0,False,False,False
máng,nfc,2,▁má|ng,2,False,1.0,False,False,False
máng,nfd,2,▁ma|́ng,1.5,False,0.0,False,False,False
mánh,nfc,2,▁má|nh,2,False,1.0,False,False,False
mánh,nfd,3,▁ma|́|nh,1.5|2,False,0.5,False,True,False
máo,nfc,2,▁má|o,2,False,1.0,False,False,False
máo,nfd,3,▁ma|́|o,1.5|2,False,0.5,False,True,False
mát,nfc,1,▁mát,,True,1.0,False,False,False
mát,nfd,2,▁ma|́t,1.5,False,0.0,False,False,False
máu,nfc,1,▁máu,,True,1.0,False,False,False
máu,nfd,3,▁ma|́|u,1.5|2,False,0.5,False,True,False
máy,nfc,1,▁máy,,True,1.0,False,False,False
máy,nfd,3,▁ma|́|y,1.5|2,False,0.5,False,True,False
mâm,nfc,2,▁m|âm,1,False,1.0,True,False,False
mâm,nfd,3,▁ma|̂|m,1.5|2,False,0.5,False,False,False
mân,nfc,1,▁mân,,True,1.0,False,False,False
mân,nfd,3,▁ma|̂|n,1.5|2,False,0.5,False,False,False
mâng,nfc,2,▁m|âng,1,False,1.0,True,False,False
mâng,nfd,3,▁ma|̂|ng,1.5|2,False,0.5,False,False,False
mâu,nfc,2,▁m|âu,1,False,1.0,True,False,False
mâu,nfd,3,▁ma|̂|u,1.5|2,False,0.5,False,False,False
mây,nfc,1,▁mây,,True,1.0,False,False,False
mây,nfd,3,▁ma|̂|y,1.5|2,False,0.5,False,False,False
mã,nfc,1,▁mã,,True,1.0,False,False,False
mã,nfd,2,▁ma|̃,1.5,False,0.0,False,True,False
mãi,nfc,1,▁mãi,,True,1.0,False,False,False
mãi,nfd,3,▁ma|̃|i,1.5|2,False,0.5,False,True,False
mãn,nfc,2,▁mã|n,2,False,1.0,False,False,False
mãn,nfd,3,▁ma|̃|n,1.5|2,False,0.5,False,True,False
mãng,nfc,2,▁mã|ng,2,False,1.0,False,False,False
mãng,nfd,3,▁ma|̃|ng,1.5|2,False,0.5,False,True,False
mãnh,nfc,2,▁mã|nh,2,False,1.0,False,False,False
mãnh,nfd,3,▁ma|̃|nh,1.5|2,False,0.5,False,True,False
mão,nfc,1,▁mão,,True,1.0,False,False,False
mão,nfd,2,▁ma|̃o,1.5,False,0.0,False,False,False
mè,nfc,1,▁mè,,True,1.0,False,False,False
mè,nfd,2,▁me|̀,1.5,False,0.0,False,True,False
mèm,nfc,2,▁m|èm,1,False,1.0,True,False,False
mèm,nfd,3,▁me|̀|m,1.5|2,False,0.5,False,True,False
mèn,nfc,2,▁m|èn,1,False,1.0,True,False,False
mèn,nfd,2,▁me|̀n,1.5,False,0.0,False,False,False
mèng,nfc,2,▁mè|ng,2,False,1.0,False,False,False
mèng,nfd,2,▁me|̀ng,1.5,False,0.0,False,False,False
mèo,nfc,1,▁mèo,,True,1.0,False,False,False
mèo,nfd,3,▁me|̀|o,1.5|2,False,0.5,False,True,False
mé,nfc,1,▁mé,,True,1.0,False,False,False
mé,nfd,2,▁me|́,1.5,False,0.0,False,True,False
mém,nfc,2,▁mé|m,2,False,1.0,False,False,False
mém,nfd,3,▁me|́|m,1.5|2,False,0.5,False,True,False
mén,nfc,2,▁m|én,1,False,1.0,True,False,False
mén,nfd,2,▁me|́n,1.5,False,0.0,False,False,False
méo,nfc,2,▁mé|o,2,False,1.0,False,False,False
méo,nfd,3,▁me|́|o,1.5|2,False,0.5,False,True,False
mép,nfc,2,▁mé|p,2,False,1.0,False,False,False
mép,nfd,3,▁me|́|p,1.5|2,False,0.5,False,True,False
mét,nfc,1,▁mét,,True,1.0,False,False,False
mét,nfd,2,▁me|́t,1.5,False,0.0,False,False,False
mê,nfc,1,▁mê,,True,1.0,False,False,False
mê,nfd,2,▁me|̂,1.5,False,0.0,False,False,False
mên,nfc,2,▁m|ên,1,False,1.0,True,False,False
mên,nfd,3,▁me|̂|n,1.5|2,False,0.5,False,False,False
mênh,nfc,2,▁mê|nh,2,False,1.0,False,False,False
mênh,nfd,3,▁me|̂|nh,1.5|2,False,0.5,False,False,False
mì,nfc,1,▁mì,,True,1.0,False,False,False
mì,nfd,2,▁mi|̀,1.5,False,0.0,False,True,False
mìn,nfc,2,▁m|ìn,1,False,1.0,True,False,False
mìn,nfd,2,▁mi|̀n,1.5,False,0.0,False,False,False
mình,nfc,1,▁mình,,True,1.0,False,False,False
mình,nfd,2,▁mi|̀nh,1.5,False,0.0,False,False,False
mí,nfc,1,▁mí,,True,1.0,False,False,False
mí,nfd,2,▁mi|́,1.5,False,0.0,False,True,False
mía,nfc,1,▁mía,,True,1.0,False,False,False
mía,nfd,3,▁mi|́|a,1.5|2,False,0.0,False,True,False
mích,nfc,2,▁m|ích,1,False,1.0,True,False,False
mích,nfd,3,▁mi|́|ch,1.5|2,False,0.5,False,True,False
mím,nfc,2,▁m|ím,1,False,1.0,True,False,False
mím,nfd,3,▁mi|́|m,1.5|2,False,0.5,False,True,False
míp,nfc,2,▁mí|p,2,False,1.0,False,False,False
míp,nfd,3,▁mi|́|p,1.5|2,False,0.5,False,True,False
mít,nfc,1,▁mít,,True,1.0,False,False,False
mít,nfd,2,▁mi|́t,1.5,False,0.0,False,False,False
míu,nfc,2,▁mí|u,2,False,1.0,False,False,False
míu,nfd,3,▁mi|́|u,1.5|2,False,0.5,False,True,False
mò,nfc,2,▁m|ò,1,False,1.0,True,False,False
mò,nfd,2,▁mo|̀,1.5,False,0.0,False,True,False
mòi,nfc,2,▁m|òi,1,False,1.0,True,False,False
mòi,nfd,2,▁mo|̀i,1.5,False,0.0,False,False,False
mòm,nfc,2,▁m|òm,1,False,1.0,True,False,False
mòm,nfd,3,▁mo|̀|m,1.5|2,False,0.5,False,True,False
mòn,nfc,2,▁m|òn,1,False,1.0,True,False,False
mòn,nfd,2,▁mo|̀n,1.5,False,0.0,False,False,False
mòng,nfc,2,▁m|òng,1,False,1.0,True,False,False
mòng,nfd,2,▁mo|̀ng,1.5,False,0.0,False,False,False
mó,nfc,1,▁mó,,True,1.0,False,False,False
mó,nfd,2,▁mo|́,1.5,False,0.0,False,True,False
móc,nfc,1,▁móc,,True,1.0,False,False,False
móc,nfd,2,▁mo|́c,1.5,False,0.0,False,False,False
mói,nfc,2,▁mó|i,2,False,1.0,False,False,False
mói,nfd,2,▁mo|́i,1.5,False,0.0,False,False,False
móm,nfc,2,▁mó|m,2,False,1.0,False,False,False
móm,nfd,3,▁mo|́|m,1.5|2,False,0.5,False,True,False
món,nfc,1,▁món,,True,1.0,False,False,False
món,nfd,2,▁mo|́n,1.5,False,0.0,False,False,False
móng,nfc,1,▁móng,,True,1.0,False,False,False
móng,nfd,2,▁mo|́ng,1.5,False,0.0,False,False,False
móp,nfc,2,▁mó|p,2,False,1.0,False,False,False
móp,nfd,3,▁mo|́|p,1.5|2,False,0.5,False,True,False
mót,nfc,2,▁mó|t,2,False,1.0,False,False,False
mót,nfd,2,▁mo|́t,1.5,False,0.0,False,False,False
mô,nfc,1,▁mô,,True,1.0,False,False,False
mô,nfd,2,▁mo|̂,1.5,False,0.0,False,False,False
môi,nfc,1,▁môi,,True,1.0,False,False,False
môi,nfd,3,▁mo|̂|i,1.5|2,False,0.5,False,False,False
môm,nfc,2,▁mô|m,2,False,1.0,False,False,False
môm,nfd,3,▁mo|̂|m,1.5|2,False,0.5,False,False,False
môn,nfc,1,▁môn,,True,1.0,False,False,False
môn,nfd,3,▁mo|̂|n,1.5|2,False,0.5,False,False,False
mông,nfc,2,▁m|ông,1,False,1.0,True,False,False
mông,nfd,3,▁mo|̂|ng,1.5|2,False,0.5,False,False,False
mõ,nfc,1,▁mõ,,True,1.0,False,False,False
mõ,nfd,2,▁mo|̃,1.5,False,0.0,False,True,False
mõm,nfc,2,▁mõ|m,2,False,1.0,False,False,False
mõm,nfd,3,▁mo|̃|m,1.5|2,False,0.5,False,True,False
mù,nfc,2,▁m|ù,1,False,1.0,True,False,False
mù,nfd,2,▁mu|̀,1.5,False,0.0,False,True,False
mùa,nfc,1,▁mùa,,True,1.0,False,False,False
mùa,nfd,3,▁mu|̀|a,1.5|2,False,0.0,False,True,False
mùi,nfc,1,▁mùi,,True,1.0,False,False,False
mùi,nfd,2,▁mu|̀i,1.5,False,0.0,False,False,False
mùn,nfc,2,▁m|ùn,1,False,1.0,True,False,False
mùn,nfd,2,▁mu|̀n,1.5,False,0.0,False,False,False
mùng,nfc,2,▁m|ùng,1,False,1.0,True,False,False
mùng,nfd,2,▁mu|̀ng,1.5,False,0.0,False,False,False
mú,nfc,1,▁mú,,True,1.0,False,False,False
mú,nfd,2,▁mu|́,1.5,False,0.0,False,True,False
múa,nfc,2,▁m|úa,1,False,1.0,True,False,False
múa,nfd,3,▁mu|́|a,1.5|2,False,0.0,False,True,False
múc,nfc,2,▁m|úc,1,False,1.0,True,False,False
múc,nfd,2,▁mu|́c,1.5,False,0.0,False,False,False
múi,nfc,2,▁m|úi,1,False,1.0,True,False,False
múi,nfd,2,▁mu|́i,1.5,False,0.0,False,False,False
múm,nfc,2,▁mú|m,2,False,1.0,False,False,False
múm,nfd,3,▁mu|́|m,1.5|2,False,0.5,False,True,False
mún,nfc,2,▁m|ún,1,False,1.0,True,False,False
mún,nfd,2,▁mu|́n,1.5,False,0.0,False,False,False
múp,nfc,2,▁m|úp,1,False,1.0,True,False,False
múp,nfd,3,▁mu|́|p,1.5|2,False,0.5,False,True,False
mút,nfc,2,▁m|út,1,False,1.0,True,False,False
mút,nfd,2,▁mu|́t,1.5,False,0.0,False,False,False
măm,nfc,2,▁m|ăm,1,False,1.0,True,False,False
măm,nfd,3,▁ma|̆|m,1.5|2,False,0.5,False,False,False
măn,nfc,2,▁m|ăn,1,False,1.0,True,False,False
măn,nfd,3,▁ma|̆|n,1.5|2,False,0.5,False,False,False
măng,nfc,2,▁m|ăng,1,False,1.0,True,False,False
măng,nfd,3,▁ma|̆|ng,1.5|2,False,0.5,False,False,False
mĩ,nfc,2,▁m|ĩ,1,False,1.0,True,False,False
mĩ,nfd,2,▁mi|̃,1.5,False,0.0,False,True,False
mĩm,nfc,3,▁m|ĩ|m,1|2,False,1.0,True,False,False
mĩm,nfd,3,▁mi|̃|m,1.5|2,False,0.5,False,True,False
mũ,nfc,1,▁mũ,,True,1.0,False,False,False
mũ,nfd,2,▁mu|̃,1.5,False,0.0,False,True,False
mũi,nfc,1,▁mũi,,True,1.0,False,False,False
mũi,nfd,3,▁mu|̃|i,1.5|2,False,0.5,False,True,False
mũm,nfc,2,▁mũ|m,2,False,1.0,False,False,False
mũm,nfd,3,▁mu|̃|m,1.5|2,False,0.5,False,True,False
mơ,nfc,1,▁mơ,,True,1.0,False,False,False
mơ,nfd,2,▁mo|̛,1.5,False,0.0,False,False,False
mơi,nfc,2,▁m|ơi,1,False,1.0,True,False,False
mơi,nfd,3,▁mo|̛|i,1.5|2,False,0.5,False,False,False
mơn,nfc,2,▁m|ơn,1,False,1.0,True,False,False
mơn,nfd,3,▁mo|̛|n,1.5|2,False,0.5,False,False,False
mưa,nfc,1,▁mưa,,True,1.0,False,False,False
mưa,nfd,3,▁mu|̛|a,1.5|2,False,0.0,False,False,False
mưu,nfc,2,▁m|ưu,1,False,1.0,True,False,False
mưu,nfd,3,▁mu|̛|u,1.5|2,False,0.5,False,False,False
mươi,nfc,2,▁m|ươi,1,False,1.0,True,False,False
mươi,nfd,5,▁mu|̛|o|̛|i,1.5|2|2.5|3,False,0.25,False,False,False
mương,nfc,2,▁m|ương,1,False,1.0,True,False,False
mương,nfd,5,▁mu|̛|o|̛|ng,1.5|2|2.5|3,False,0.25,False,False,False
mướn,nfc,3,▁m|ướ|n,1|3,False,1.0,True,False,False
mướn,nfd,5,▁mu|̛|o|̛|́n,1.5|2|2.5|2.5,False,0.0,False,False,False
mướp,nfc,2,▁m|ướp,1,False,1.0,True,False,False
mướp,nfd,6,▁mu|̛|o|̛|́|p,1.5|2|2.5|2.5|3,False,0.2,False,True,False
mướt,nfc,2,▁m|ướt,1,False,1.0,True,False,False
mướt,nfd,5,▁mu|̛|o|̛|́t,1.5|2|2.5|2.5,False,0.0,False,False,False
mười,nfc,2,▁m|ười,1,False,1.0,True,False,False
mười,nfd,5,▁mu|̛|o|̛|̀i,1.5|2|2.5|2.5,False,0.0,False,False,False
mường,nfc,2,▁m|ường,1,False,1.0,True,False,False
mường,nfd,5,▁mu|̛|o|̛|̀ng,1.5|2|2.5|2.5,False,0.0,False,False,False
mượn,nfc,3,▁m|ượ|n,1|3,False,1.0,True,False,False
mượn,nfd,5,▁mu|̛|o|̛|̣n,1.5|2|2.5|2.5,False,0.0,False,False,False
mượt,nfc,2,▁m|ượt,1,False,1.0,True,False,False
mượt,nfd,5,▁mu|̛|o|̛|̣t,1.5|2|2.5|2.5,False,0.0,False,False,False
mạ,nfc,2,▁m|ạ,1,False,1.0,True,False,False
mạ,nfd,2,▁ma|̣,1.5,False,0.0,False,True,False
mạc,nfc,2,▁m|ạc,1,False,1.0,True,False,False
mạc,nfd,2,▁ma|̣c,1.5,False,0.0,False,False,False
mạch,nfc,1,▁mạch,,True,1.0,False,False,False
mạch,nfd,3,▁ma|̣|ch,1.5|2,False,0.5,False,True,False
mại,nfc,1,▁mại,,True,1.0,False,False,False
mại,nfd,2,▁ma|̣i,1.5,False,0.0,False,False,False
mạn,nfc,2,▁m|ạn,1,False,1.0,True,False,False
mạn,nfd,2,▁ma|̣n,1.5,False,0.0,False,False,False
mạng,nfc,1,▁mạng,,True,1.0,False,False,False
mạng,nfd,2,▁ma|̣ng,1.5,False,0.0,False,False,False
mạnh,nfc,1,▁mạnh,,True,1.0,False,False,False
mạnh,nfd,3,▁ma|̣|nh,1.5|2,False,0.5,False,True,False
mạo,nfc,2,▁m|ạo,1,False,1.0,True,False,False
mạo,nfd,3,▁ma|̣|o,1.5|2,False,0.5,False,True,False
mạp,nfc,2,▁m|ạp,1,False,1.0,True,False,False
mạp,nfd,3,▁ma|̣|p,1.5|2,False,0.5,False,True,False
mạt,nfc,2,▁m|ạt,1,False,1.0,True,False,False
mạt,nfd,2,▁ma|̣t,1.5,False,0.0,False,False,False
mạy,nfc,2,▁m|ạy,1,False,1.0,True,False,False
mạy,nfd,3,▁ma|̣|y,1.5|2,False,0.5,False,True,False
mả,nfc,2,▁m|ả,1,False,1.0,True,False,False
mả,nfd,2,▁ma|̉,1.5,False,0.0,False,True,False
mải,nfc,2,▁m|ải,1,False,1.0,True,False,False
mải,nfd,3,▁ma|̉|i,1.5|2,False,0.5,False,True,False
mảng,nfc,2,▁m|ảng,1,False,1.0,True,False,False
mảng,nfd,3,▁ma|̉|ng,1.5|2,False,0.5,False,True,False
mảnh,nfc,2,▁m|ảnh,1,False,1.0,True,False,False
mảnh,nfd,3,▁ma|̉|nh,1.5|2,False,0.5,False,True,False
mảy,nfc,2,▁m|ảy,1,False,1.0,True,False,False
mảy,nfd,3,▁ma|̉|y,1.5|2,False,0.5,False,True,False
mấn,nfc,2,▁m|ấn,1,False,1.0,True,False,False
mấn,nfd,3,▁ma|̂|́n,1.5|1.5,False,0.0,False,False,False
mấp,nfc,2,▁m|ấp,1,False,1.0,True,False,False
mấp,nfd,4,▁ma|̂|́|p,1.5|1.5|2,False,0.3333333333333333,False,True,False
mất,nfc,1,▁mất,,True,1.0,False,False,False
mất,nfd,3,▁ma|̂|́t,1.5|1.5,False,0.0,False,False,False
mấu,nfc,2,▁m|ấu,1,False,1.0,True,False,False
mấu,nfd,4,▁ma|̂|́|u,1.5|1.5|2,False,0.3333333333333333,False,True,False
mấy,nfc,1,▁mấy,,True,1.0,False,False,False
mấy,nfd,4,▁ma|̂|́|y,1.5|1.5|2,False,0.3333333333333333,False,True,False
mầm,nfc,1,▁mầm,,True,1.0,False,False,False
mầm,nfd,4,▁ma|̂|̀|m,1.5|1.5|2,False,0.3333333333333333,False,True,False
mần,nfc,2,▁m|ần,1,False,1.0,True,False,False
mần,nfd,3,▁ma|̂|̀n,1.5|1.5,False,0.0,False,False,False
mầng,nfc,2,▁m|ầng,1,False,1.0,True,False,False
mầng,nfd,3,▁ma|̂|̀ng,1.5|1.5,False,0.0,False,False,False
mầu,nfc,2,▁m|ầu,1,False,1.0,True,False,False
mầu,nfd,3,▁ma|̂|̀u,1.5|1.5,False,0.0,False,False,False
mẩm,nfc,2,▁m|ẩm,1,False,1.0,True,False,False
mẩm,nfd,4,▁ma|̂|̉|m,1.5|1.5|2,False,0.3333333333333333,False,True,False
mẩn,nfc,2,▁m|ẩn,1,False,1.0,True,False,False
mẩn,nfd,4,▁ma|̂|̉|n,1.5|1.5|2,False,0.3333333333333333,False,True,False
mẩy,nfc,2,▁m|ẩy,1,False,1.0,True,False,False
mẩy,nfd,4,▁ma|̂|̉|y,1.5|1.5|2,False,0.3333333333333333,False,True,False
mẫm,nfc,3,▁m|ẫ|m,1|2,False,1.0,True,False,False
mẫm,nfd,4,▁ma|̂|̃|m,1.5|1.5|2,False,0.3333333333333333,False,True,False
mẫn,nfc,2,▁m|ẫn,1,False,1.0,True,False,False
mẫn,nfd,4,▁ma|̂|̃|n,1.5|1.5|2,False,0.3333333333333333,False,True,False
mẫu,nfc,1,▁mẫu,,True,1.0,False,False,False
mẫu,nfd,4,▁ma|̂|̃|u,1.5|1.5|2,False,0.3333333333333333,False,True,False
mận,nfc,2,▁m|ận,1,False,1.0,True,False,False
mận,nfd,4,▁ma|̣|̂|n,1.5|1.5|2,False,0.3333333333333333,False,True,False
mập,nfc,2,▁m|ập,1,False,1.0,True,False,False
mập,nfd,4,▁ma|̣|̂|p,1.5|1.5|2,False,0.3333333333333333,False,True,False
mật,nfc,1,▁mật,,True,1.0,False,False,False
mật,nfd,4,▁ma|̣|̂|t,1.5|1.5|2,False,0.3333333333333333,False,True,False
mậu,nfc,2,▁m|ậu,1,False,1.0,True,False,False
mậu,nfd,4,▁ma|̣|̂|u,1.5|1.5|2,False,0.3333333333333333,False,True,False
mắc,nfc,1,▁mắc,,True,1.0,False,False,False
mắc,nfd,3,▁ma|̆|́c,1.5|1.5,False,0.0,False,False,False
mắm,nfc,2,▁m|ắm,1,False,1.0,True,False,False
mắm,nfd,4,▁ma|̆|́|m,1.5|1.5|2,False,0.3333333333333333,False,True,False
mắn,nfc,1,▁mắn,,True,1.0,False,False,False
mắn,nfd,3,▁ma|̆|́n,1.5|1.5,False,0.0,False,False,False
mắng,nfc,2,▁m|ắng,1,False,1.0,True,False,False
mắng,nfd,3,▁ma|̆|́ng,1.5|1.5,False,0.0,False,False,False
mắt,nfc,1,▁mắt,,True,1.0,False,False,False
mắt,nfd,3,▁ma|̆|́t,1.5|1.5,False,0.0,False,False,False
mằn,nfc,3,▁m|ằ|n,1|2,False,1.0,True,False,False
mằn,nfd,3,▁ma|̆|̀n,1.5|1.5,False,0.0,False,False,False
mẳn,nfc,2,▁m|ẳn,1,False,1.0,True,False,False
mẳn,nfd,4,▁ma|̆|̉|n,1.5|1.5|2,False,0.3333333333333333,False,True,False
mặc,nfc,1,▁mặc,,True,1.0,False,False,False
mặc,nfd,4,▁ma|̣|̆|c,1.5|1.5|2,False,0.3333333333333333,False,True,False
mặn,nfc,2,▁m|ặn,1,False,1.0,True,False,False
mặn,nfd,4,▁ma|̣|̆|n,1.5|1.5|2,False,0.3333333333333333,False,True,False
mặt,nfc,1,▁mặt,,True,1.0,False,False,False
mặt,nfd,4,▁ma|̣|̆|t,1.5|1.5|2,False,0.3333333333333333,False,True,False
mẹ,nfc,1,▁mẹ,,True,1.0,False,False,False
mẹ,nfd,2,▁me|̣,1.5,False,0.0,False,True,False
mẹo,nfc,2,▁mẹ|o,2,False,1.0,False,False,False
mẹo,nfd,3,▁me|̣|o,1.5|2,False,0.5,False,True,False
mẹp,nfc,2,▁m|ẹp,1,False,1.0,True,False,False
mẹp,nfd,3,▁me|̣|p,1.5|2,False,0.5,False,True,False
mẹt,nfc,2,▁mẹ|t,2,False,1.0,False,False,False
mẹt,nfd,2,▁me|̣t,1.5,False,0.0,False,False,False
mẻ,nfc,2,▁m|ẻ,1,False,1.0,True,False,False
mẻ,nfd,2,▁me|̉,1.5,False,0.0,False,True,False
mẻo,nfc,2,▁m|ẻo,1,False,1.0,True,False,False
mẻo,nfd,3,▁me|̉|o,1.5|2,False,0.5,False,True,False
mẽ,nfc,1,▁mẽ,,True,1.0,False,False,False
mẽ,nfd,2,▁me|̃,1.5,False,0.0,False,True,False
mế,nfc,2,▁m|ế,1,False,1.0,True,False,False
mế,nfd,3,▁me|̂|́,1.5|1.5,False,0.0,False,True,False
mếch,nfc,3,▁m|ế|ch,1|2,False,1.0,True,False,False
mếch,nfd,4,▁me|̂|́|ch,1.5|1.5|2,False,0.3333333333333333,False,True,False
mến,nfc,2,▁m|ến,1,False,1.0,True,False,False
mến,nfd,3,▁me|̂|́n,1.5|1.5,False,0.0,False,False,False
mếu,nfc,2,▁m|ếu,1,False,1.0,True,False,False
mếu,nfd,4,▁me|̂|́|u,1.5|1.5|2,False,0.3333333333333333,False,True,False
mề,nfc,2,▁m|ề,1,False,1.0,True,False,False
mề,nfd,3,▁me|̂|̀,1.5|1.5,False,0.0,False,True,False
mềm,nfc,1,▁mềm,,True,1.0,False,False,False
mềm,nfd,4,▁me|̂|̀|m,1.5|1.5|2,False,0.3333333333333333,False,True,False
mền,nfc,2,▁m|ền,1,False,1.0,True,False,False
mền,nfd,3,▁me|̂|̀n,1.5|1.5,False,0.0,False,False,False
mễ,nfc,2,▁m|ễ,1,False,1.0,True,False,False
mễ,nfd,3,▁me|̂|̃,1.5|1.5,False,0.0,False,True,False
mệ,nfc,2,▁m|ệ,1,False,1.0,True,False,False
mệ,nfd,3,▁me|̣|̂,1.5|1.5,False,0.0,False,True,False
mệnh,nfc,1,▁mệnh,,True,1.0,False,False,False
mệnh,nfd,4,▁me|̣|̂|nh,1.5|1.5|2,False,0.3333333333333333,False,True,False
mệt,nfc,2,▁m|ệt,1,False,1.0,True,False,False
mệt,nfd,4,▁me|̣|̂|t,1.5|1.5|2,False,0.3333333333333333,False,True,False
mỉ,nfc,2,▁m|ỉ,1,False,1.0,True,False,False
mỉ,nfd,2,▁mi|̉,1.5,False,0.0,False,True,False
mỉa,nfc,3,▁m|ỉ|a,1|2,False,0.5,True,False,False
mỉa,nfd,3,▁mi|̉|a,1.5|2,False,0.0,False,True,False
mỉm,nfc,3,▁m|ỉ|m,1|2,False,1.0,True,False,False
mỉm,nfd,3,▁mi|̉|m,1.5|2,False,0.5,False,True,False
mị,nfc,2,▁m|ị,1,False,1.0,True,False,False
mị,nfd,2,▁mi|̣,1.5,False,0.0,False,True,False
mịch,nfc,2,▁m|ịch,1,False,1.0,True,False,False
mịch,nfd,3,▁mi|̣|ch,1.5|2,False,0.5,False,True,False
mịn,nfc,1,▁mịn,,True,1.0,False,False,False
mịn,nfd,2,▁mi|̣n,1.5,False,0.0,False,False,False
mịnh,nfc,2,▁m|ịnh,1,False,1.0,True,False,False
mịnh,nfd,3,▁mi|̣|nh,1.5|2,False,0.5,False,True,False
mịt,nfc,2,▁m|ịt,1,False,1.0,True,False,False
mịt,nfd,2,▁mi|̣t,1.5,False,0.0,False,False,False
mọc,nfc,2,▁m|ọc,1,False,1.0,True,False,False
mọc,nfd,2,▁mo|̣c,1.5,False,0.0,False,False,False
mọi,nfc,1,▁mọi,,True,1.0,False,False,False
mọi,nfd,2,▁mo|̣i,1.5,False,0.0,False,False,False
mọn,nfc,2,▁m|ọn,1,False,1.0,True,False,False
mọn,nfd,2,▁mo|̣n,1.5,False,0.0,False,False,False
mọng,nfc,2,▁m|ọng,1,False,1.0,True,False,False
mọng,nfd,2,▁mo|̣ng,1.5,False,0.0,False,False,False
mọt,nfc,2,▁m|ọt,1,False,1.0,True,False,False
mọt,nfd,2,▁mo|̣t,1.5,False,0.0,False,False,False
mỏ,nfc,2,▁m|ỏ,1,False,1.0,True,False,False
mỏ,nfd,2,▁mo|̉,1.5,False,0.0,False,True,False
mỏi,nfc,2,▁m|ỏi,1,False,1.0,True,False,False
mỏi,nfd,3,▁mo|̉|i,1.5|2,False,0.5,False,True,False
mỏm,nfc,3,▁m|ỏ|m,1|2,False,1.0,True,False,False
mỏm,nfd,3,▁mo|̉|m,1.5|2,False,0.5,False,True,False
mỏng,nfc,1,▁mỏng,,True,1.0,False,False,False
mỏng,nfd,3,▁mo|̉|ng,1.5|2,False,0.5,False,True,False
mố,nfc,2,▁m|ố,1,False,1.0,True,False,False
mố,nfd,3,▁mo|̂|́,1.5|1.5,False,0.0,False,True,False
mốc,nfc,2,▁m|ốc,1,False,1.0,True,False,False
mốc,nfd,3,▁mo|̂|́c,1.5|1.5,False,0.0,False,False,False
mối,nfc,1,▁mối,,True,1.0,False,False,False
mối,nfd,3,▁mo|̂|́i,1.5|1.5,False,0.0,False,False,False
mống,nfc,2,▁m|ống,1,False,1.0,True,False,False
mống,nfd,3,▁mo|̂|́ng,1.5|1.5,False,0.0,False,False,False
mốt,nfc,2,▁m|ốt,1,False,1.0,True,False,False
mốt,nfd,3,▁mo|̂|́t,1.5|1.5,False,0.0,False,False,False
mồ,nfc,2,▁m|ồ,1,False,1.0,True,False,False
mồ,nfd,3,▁mo|̂|̀,1.5|1.5,False,0.0,False,True,False
mồi,nfc,2,▁m|ồi,1,False,1.0,True,False,False
mồi,nfd,3,▁mo|̂|̀i,1.5|1.5,False,0.0,False,False,False
mồm,nfc,2,▁m|ồm,1,False,1.0,True,False,False
mồm,nfd,4,▁mo|̂|̀|m,1.5|1.5|2,False,0.3333333333333333,False,True,False
mồn,nfc,2,▁m|ồn,1,False,1.0,True,False,False
mồn,nfd,3,▁mo|̂|̀n,1.5|1.5,False,0.0,False,False,False
mồng,nfc,2,▁m|ồng,1,False,1.0,True,False,False
mồng,nfd,3,▁mo|̂|̀ng,1.5|1.5,False,0.0,False,False,False
mổ,nfc,2,▁m|ổ,1,False,1.0,True,False,False
mổ,nfd,3,▁mo|̂|̉,1.5|1.5,False,0.0,False,True,False
mổng,nfc,2,▁m|ổng,1,False,1.0,True,False,False
mổng,nfd,4,▁mo|̂|̉|ng,1.5|1.5|2,False,0.3333333333333333,False,True,False
mỗ,nfc,2,▁m|ỗ,1,False,1.0,True,False,False
mỗ,nfd,3,▁mo|̂|̃,1.5|1.5,False,0.0,False,True,False
mỗi,nfc,1,▁mỗi,,True,1.0,False,False,False
mỗi,nfd,4,▁mo|̂|̃|i,1.5|1.5|2,False,0.3333333333333333,False,True,False
mộ,nfc,1,▁mộ,,True,1.0,False,False,False
mộ,nfd,3,▁mo|̣|̂,1.5|1.5,False,0.0,False,True,False
mộc,nfc,1,▁mộc,,True,1.0,False,False,False
mộc,nfd,4,▁mo|̣|̂|c,1.5|1.5|2,False,0.3333333333333333,False,True,False
mộng,nfc,2,▁m|ộng,1,False,1.0,True,False,False
mộng,nfd,4,▁mo|̣|̂|ng,1.5|1.5|2,False,0.3333333333333333,False,True,False
một,nfc,1,▁một,,True,1.0,False,False,False
một,nfd,4,▁mo|̣|̂|t,1.5|1.5|2,False,0.3333333333333333,False,True,False
mớ,nfc,2,▁m|ớ,1,False,1.0,True,False,False
mớ,nfd,3,▁mo|̛|́,1.5|1.5,False,0.0,False,True,False
mới,nfc,1,▁mới,,True,1.0,False,False,False
mới,nfd,3,▁mo|̛|́i,1.5|1.5,False,0.0,False,False,False
mớm,nfc,2,▁m|ớm,1,False,1.0,True,False,False
mớm,nfd,4,▁mo|̛|́|m,1.5|1.5|2,False,0.3333333333333333,False,True,False
mớp,nfc,2,▁m|ớp,1,False,1.0,True,False,False
mớp,nfd,4,▁mo|̛|́|p,1.5|1.5|2,False,0.3333333333333333,False,True,False
mờ,nfc,1,▁mờ,,True,1.0,False,False,False
mờ,nfd,3,▁mo|̛|̀,1.5|1.5,False,0.0,False,True,False
mời,nfc,1,▁mời,,True,1.0,False,False,False
mời,nfd,3,▁mo|̛|̀i,1.5|1.5,False,0.0,False,False,False
mờm,nfc,2,▁mờ|m,2,False,1.0,False,False,False
mờm,nfd,4,▁mo|̛|̀|m,1.5|1.5|2,False,0.3333333333333333,False,True,False
mở,nfc,1,▁mở,,True,1.0,False,False,False
mở,nfd,3,▁mo|̛|̉,1.5|1.5,False,0.0,False,True,False
mởn,nfc,2,▁mở|n,2,False,1.0,False,False,False
mởn,nfd,4,▁mo|̛|̉|n,1.5|1.5|2,False,0.3333333333333333,False,True,False
mỡ,nfc,1,▁mỡ,,True,1.0,False,False,False
mỡ,nfd,3,▁mo|̛|̃,1.5|1.5,False,0.0,False,True,False
mợ,nfc,2,▁m|ợ,1,False,1.0,True,False,False
mợ,nfd,3,▁mo|̛|̣,1.5|1.5,False,0.0,False,True,False
mụ,nfc,2,▁m|ụ,1,False,1.0,True,False,False
mụ,nfd,2,▁mu|̣,1.5,False,0.0,False,True,False
mục,nfc,1,▁mục,,True,1.0,False,False,False
mục,nfd,2,▁mu|̣c,1.5,False,0.0,False,False,False
mụi,nfc,3,▁m|ụ|i,1|2,False,1.0,True,False,False
mụi,nfd,2,▁mu|̣i,1.5,False,0.0,False,False,False
mụn,nfc,1,▁mụn,,True,1.0,False,False,False
mụn,nfd,2,▁mu|̣n,1.5,False,0.0,False,False,False
mụp,nfc,2,▁m|ụp,1,False,1.0,True,False,False
mụp,nfd,3,▁mu|̣|p,1.5|2,False,0.5,False,True,False
mủ,nfc,2,▁m|ủ,1,False,1.0,True,False,False
mủ,nfd,2,▁mu|̉,1.5,False,0.0,False,True,False
mủi,nfc,2,▁m|ủi,1,False,1.0,True,False,False
mủi,nfd,3,▁mu|̉|i,1.5|2,False,0.5,False,True,False
mủm,nfc,3,▁m|ủ|m,1|2,False,1.0,True,False,False
mủm,nfd,3,▁mu|̉|m,1.5|2,False,0.5,False,True,False
mủn,nfc,3,▁m|ủ|n,1|2,False,1.0,True,False,False
mủn,nfd,3,▁mu|̉|n,1.5|2,False,0.5,False,True,False
mủng,nfc,2,▁m|ủng,1,False,1.0,True,False,False
mủng,nfd,3,▁mu|̉|ng,1.5|2,False,0.5,False,True,False
mứa,nfc,2,▁m|ứa,1,False,1.0,True,False,False
mứa,nfd,4,▁mu|̛|́|a,1.5|1.5|2,False,0.0,False,True,False
mức,nfc,1,▁mức,,True,1.0,False,False,False
mức,nfd,3,▁mu|̛|́c,1.5|1.5,False,0.0,False,False,False
mứt,nfc,2,▁m|ứt,1,False,1.0,True,False,False
mứt,nfd,3,▁mu|̛|́t,1.5|1.5,False,0.0,False,False,False
mứu,nfc,3,▁m|ứ|u,1|2,False,1.0,True,False,False
mứu,nfd,4,▁mu|̛|́|u,1.5|1.5|2,False,0.3333333333333333,False,True,False
mừng,nfc,1,▁mừng,,True,1.0,False,False,False
mừng,nfd,3,▁mu|̛|̀ng,1.5|1.5,False,0.0,False,False,False
mửa,nfc,2,▁m|ửa,1,False,1.0,True,False,False
mửa,nfd,4,▁mu|̛|̉|a,1.5|1.5|2,False,0.0,False,True,False
mự,nfc,2,▁m|ự,1,False,1.0,True,False,False
mự,nfd,3,▁mu|̛|̣,1.5|1.5,False,0.0,False,True,False
mựa,nfc,2,▁m|ựa,1,False,1.0,True,False,False
mựa,nfd,4,▁mu|̛|̣|a,1.5|1.5|2,False,0.0,False,True,False
mực,nfc,1,▁mực,,True,1.0,False,False,False
mực,nfd,3,▁mu|̛|̣c,1.5|1.5,False,0.0,False,False,False
mỹ,nfc,1,▁mỹ,,True,1.0,False,False,False
mỹ,nfd,2,▁my|̃,1.5,False,0.0,False,True,False
na,nfc,1,▁na,,True,1.0,False,False,False
na,nfd,1,▁na,,True,1.0,False,False,False
nai,nfc,1,▁nai,,True,1.0,False,False,False
nai,nfd,1,▁nai,,True,1.0,False,False,False
nam,nfc,1,▁nam,,True,1.0,False,False,False
nam,nfd,1,▁nam,,True,1.0,False,False,False
nan,nfc,1,▁nan,,True,1.0,False,False,False
nan,nfd,1,▁nan,,True,1.0,False,False,False
nang,nfc,1,▁nang,,True,1.0,False,False,False
nang,nfd,1,▁nang,,True,1.0,False,False,False
nanh,nfc,2,▁n|anh,1,False,1.0,True,False,False
nanh,nfd,2,▁n|anh,1,False,1.0,True,False,False
nao,nfc,1,▁nao,,True,1.0,False,False,False
nao,nfd,1,▁nao,,True,1.0,False,False,False
nau,nfc,1,▁nau,,True,1.0,False,False,False
nau,nfd,1,▁nau,,True,1.0,False,False,False
nay,nfc,1,▁nay,,True,1.0,False,False,False
nay,nfd,1,▁nay,,True,1.0,False,False,False
ne,nfc,1,▁ne,,True,1.0,False,False,False
ne,nfd,1,▁ne,,True,1.0,False,False,False
nem,nfc,1,▁nem,,True,1.0,False,False,False
nem,nfd,1,▁nem,,True,1.0,False,False,False
nen,nfc,1,▁nen,,True,1.0,False,False,False
nen,nfd,1,▁nen,,True,1.0,False,False,False
neo,nfc,1,▁neo,,True,1.0,False,False,False
neo,nfd,1,▁neo,,True,1.0,False,False,False
nga,nfc,1,▁nga,,True,1.0,False,False,False
nga,nfd,1,▁nga,,True,1.0,False,False,False
ngai,nfc,2,▁ng|ai,2,False,1.0,True,False,False
ngai,nfd,2,▁ng|ai,2,False,1.0,True,False,False
ngam,nfc,2,▁ng|am,2,False,1.0,True,False,False
ngam,nfd,2,▁ng|am,2,False,1.0,True,False,False
ngan,nfc,1,▁ngan,,True,1.0,False,False,False
ngan,nfd,1,▁ngan,,True,1.0,False,False,False
ngang,nfc,1,▁ngang,,True,1.0,False,False,False
ngang,nfd,1,▁ngang,,True,1.0,False,False,False
ngao,nfc,2,▁ng|ao,2,False,1.0,True,False,False
ngao,nfd,2,▁ng|ao,2,False,1.0,True,False,False
ngau,nfc,2,▁ng|au,2,False,1.0,True,False,False
ngau,nfd,2,▁ng|au,2,False,1.0,True,False,False
ngay,nfc,1,▁ngay,,True,1.0,False,False,False
ngay,nfd,1,▁ngay,,True,1.0,False,False,False
nghe,nfc,1,▁nghe,,True,1.0,False,False,False
nghe,nfd,1,▁nghe,,True,1.0,False,False,False
nghi,nfc,1,▁nghi,,True,1.0,False,False,False
nghi,nfd,1,▁nghi,,True,1.0,False,False,False
nghinh,nfc,2,▁ngh|inh,3,False,1.0,True,False,False
nghinh,nfd,2,▁ngh|inh,3,False,1.0,True,False,False
nghiu,nfc,2,▁nghi|u,4,False,1.0,False,False,False
nghiu,nfd,2,▁nghi|u,4,False,1.0,False,False,False
nghiêm,nfc,1,▁nghiêm,,True,1.0,False,False,False
nghiêm,nfd,4,▁ng|hie|̂|m,2|4.5|5,False,0.3333333333333333,False,False,False
nghiên,nfc,1,▁nghiên,,True,1.0,False,False,False
nghiên,nfd,4,▁ng|hie|̂|n,2|4.5|5,False,0.3333333333333333,False,False,False
nghiêng,nfc,2,▁nghi|êng,4,False,0.0,False,False,False
nghiêng,nfd,4,▁ng|hie|̂|ng,2|4.5|5,False,0.3333333333333333,False,False,False
nghiêu,nfc,2,▁nghi|êu,4,False,0.0,False,False,False
nghiêu,nfd,4,▁ng|hie|̂|u,2|4.5|5,False,0.3333333333333333,False,False,False
nghiến,nfc,2,▁nghi|ến,4,False,0.0,False,False,False
nghiến,nfd,4,▁ng|hie|̂|́n,2|4.5|4.5,False,0.0,False,False,False
nghiền,nfc,2,▁nghi|ền,4,False,0.0,False,False,False
nghiền,nfd,4,▁ng|hie|̂|̀n,2|4.5|4.5,False,0.0,False,False,False
nghiễm,nfc,2,▁nghi|ễm,4,False,0.0,False,False,False
nghiễm,nfd,5,▁ng|hie|̂|̃|m,2|4.5|4.5|5,False,0.25,False,True,False
nghiệm,nfc,1,▁nghiệm,,True,1.0,False,False,False
nghiệm,nfd,5,▁ng|hie|̣|̂|m,2|4.5|4.5|5,False,0.25,False,True,False
nghiện,nfc,2,▁nghi|ện,4,False,0.0,False,False,False
nghiện,nfd,5,▁ng|hie|̣|̂|n,2|4.5|4.5|5,False,0.25,False,True,False
nghiệp,nfc,1,▁nghiệp,,True,1.0,False,False,False
nghiệp,nfd,5,▁ng|hie|̣|̂|p,2|4.5|4.5|5,False,0.25,False,True,False
nghiệt,nfc,2,▁nghi|ệt,4,False,0.0,False,False,False
nghiệt,nfd,5,▁ng|hie|̣|̂|t,2|4.5|4.5|5,False,0.25,False,True,False
nghè,nfc,2,▁ngh|è,3,False,1.0,True,False,False
nghè,nfd,2,▁nghe|̀,3.5,False,0.0,False,True,False
nghèn,nfc,2,▁ngh|èn,3,False,1.0,True,False,False
nghèn,nfd,2,▁nghe|̀n,3.5,False,0.0,False,False,False
nghèo,nfc,2,▁ngh|èo,3,False,1.0,True,False,False
nghèo,nfd,3,▁nghe|̀|o,3.5|4,False,0.5,False,True,False
nghé,nfc,2,▁ngh|é,3,False,1.0,True,False,False
nghé,nfd,2,▁nghe|́,3.5,False,0.0,False,True,False
nghén,nfc,2,▁ngh|én,3,False,1.0,True,False,False
nghén,nfd,2,▁nghe|́n,3.5,False,0.0,False,False,False
nghét,nfc,2,▁ngh|ét,3,False,1.0,True,False,False
nghét,nfd,2,▁nghe|́t,3.5,False,0.0,False,False,False
nghê,nfc,2,▁ngh|ê,3,False,1.0,True,False,False
nghê,nfd,2,▁nghe|̂,3.5,False,0.0,False,False,False
nghênh,nfc,3,▁ngh|ê|nh,3|4,False,1.0,True,False,False
nghênh,nfd,3,▁nghe|̂|nh,3.5|4,False,0.5,False,False,False
nghêu,nfc,2,▁ngh|êu,3,False,1.0,True,False,False
nghêu,nfd,3,▁nghe|̂|u,3.5|4,False,0.5,False,False,False
nghì,nfc,2,▁ngh|ì,3,False,1.0,True,False,False
nghì,nfd,2,▁nghi|̀,3.5,False,0.0,False,True,False
nghìn,nfc,2,▁ngh|ìn,3,False,1.0,True,False,False
nghìn,nfd,2,▁nghi|̀n,3.5,False,0.0,False,False,False
nghí,nfc,2,▁ngh|í,3,False,1.0,True,False,False
nghí,nfd,2,▁nghi|́,3.5,False,0.0,False,True,False
nghít,nfc,2,▁ngh|ít,3,False,1.0,True,False,False
nghít,nfd,2,▁nghi|́t,3.5,False,0.0,False,False,False
nghĩ,nfc,1,▁nghĩ,,True,1.0,False,False,False
nghĩ,nfd,2,▁nghi|̃,3.5,False,0.0,False,True,False
nghĩa,nfc,1,▁nghĩa,,True,1.0,False,False,False
nghĩa,nfd,3,▁nghi|̃|a,3.5|4,False,0.0,False,True,False
nghẹn,nfc,2,▁ngh|ẹn,3,False,1.0,True,False,False
nghẹn,nfd,2,▁nghe|̣n,3.5,False,0.0,False,False,False
nghẹo,nfc,2,▁ngh|ẹo,3,False,1.0,True,False,False
nghẹo,nfd,3,▁nghe|̣|o,3.5|4,False,0.5,False,True,False
nghẹt,nfc,3,▁ngh|ẹ|t,3|4,False,1.0,True,False,False
nghẹt,nfd,2,▁nghe|̣t,3.5,False,0.0,False,False,False
nghẻo,nfc,2,▁ngh|ẻo,3,False,1.0,True,False,False
nghẻo,nfd,3,▁nghe|̉|o,3.5|4,False,0.5,False,True,False
nghẽn,nfc,3,▁ngh|ẽ|n,3|4,False,1.0,True,False,False
nghẽn,nfd,3,▁nghe|̃|n,3.5|4,False,0.5,False,True,False
nghẽo,nfc,3,▁ngh|ẽ|o,3|4,False,1.0,True,False,False
nghẽo,nfd,2,▁nghe|̃o,3.5,False,0.0,False,False,False
nghếch,nfc,3,▁ngh|ế|ch,3|4,False,1.0,True,False,False
nghếch,nfd,4,▁nghe|̂|́|ch,3.5|3.5|4,False,0.3333333333333333,False,True,False
nghề,nfc,1,▁nghề,,True,1.0,False,False,False
nghề,nfd,3,▁nghe|̂|̀,3.5|3.5,False,0.0,False,True,False
nghều,nfc,2,▁ngh|ều,3,False,1.0,True,False,False
nghều,nfd,3,▁nghe|̂|̀u,3.5|3.5,False,0.0,False,False,False
nghển,nfc,2,▁ngh|ển,3,False,1.0,True,False,False
nghển,nfd,4,▁nghe|̂|̉|n,3.5|3.5|4,False,0.3333333333333333,False,True,False
nghểnh,nfc,3,▁ngh|ể|nh,3|4,False,1.0,True,False,False
nghểnh,nfd,4,▁nghe|̂|̉|nh,3.5|3.5|4,False,0.3333333333333333,False,True,False
nghễ,nfc,2,▁ngh|ễ,3,False,1.0,True,False,False
nghễ,nfd,3,▁nghe|̂|̃,3.5|3.5,False,0.0,False,True,False
nghễnh,nfc,3,▁ngh|ễ|nh,3|4,False,1.0,True,False,False
nghễnh,nfd,4,▁nghe|̂|̃|nh,3.5|3.5|4,False,0.3333333333333333,False,True,False
nghễu,nfc,3,▁ngh|ễ|u,3|4,False,1.0,True,False,False
nghễu,nfd,4,▁nghe|̂|̃|u,3.5|3.5|4,False,0.3333333333333333,False,True,False
nghệ,nfc,1,▁nghệ,,True,1.0,False,False,False
nghệ,nfd,3,▁nghe|̣|̂,3.5|3.5,False,0.0,False,True,False
nghệch,nfc,2,▁nghệ|ch,4,False,1.0,False,False,False
nghệch,nfd,4,▁nghe|̣|̂|ch,3.5|3.5|4,False,0.3333333333333333,False,True,False
nghện,nfc,2,▁ngh|ện,3,False,1.0,True,False,False
nghện,nfd,4,▁nghe|̣|̂|n,3.5|3.5|4,False,0.3333333333333333,False,True,False
nghỉ,nfc,1,▁nghỉ,,True,1.0,False,False,False
nghỉ,nfd,2,▁nghi|̉,3.5,False,0.0,False,True,False
nghỉm,nfc,2,▁nghỉ|m,4,False,1.0,False,False,False
nghỉm,nfd,3,▁nghi|̉|m,3.5|4,False,0.5,False,True,False
nghỉn,nfc,2,▁nghỉ|n,4,False,1.0,False,False,False
nghỉn,nfd,3,▁nghi|̉|n,3.5|4,False,0.5,False,True,False
nghỉnh,nfc,2,▁ngh|ỉnh,3,False,1.0,True,False,False
nghỉnh,nfd,3,▁nghi|̉|nh,3.5|4,False,0.5,False,True,False
nghỉu,nfc,2,▁nghỉ|u,4,False,1.0,False,False,False
nghỉu,nfd,3,▁nghi|̉|u,3.5|4,False,0.5,False,True,False
nghị,nfc,1,▁nghị,,True,1.0,False,False,False
nghị,nfd,2,▁nghi|̣,3.5,False,0.0,False,True,False
nghịch,nfc,2,▁ngh|ịch,3,False,1.0,True,False,False
nghịch,nfd,3,▁nghi|̣|ch,3.5|4,False,0.5,False,True,False
nghịt,nfc,2,▁ngh|ịt,3,False,1.0,True,False,False
nghịt,nfd,2,▁nghi|̣t,3.5,False,0.0,False,False,False
nghịu,nfc,2,▁nghị|u,4,False,1.0,False,False,False
nghịu,nfd,3,▁nghi|̣|u,3.5|4,False,0.5,False,True,False
ngoa,nfc,2,▁ng|oa,2,False,1.0,True,False,False
ngoa,nfd,2,▁ng|oa,2,False,1.0,True,False,False
ngoan,nfc,2,▁ngo|an,3,False,1.0,False,False,False
ngoan,nfd,2,▁ngo|an,3,False,1.0,False,False,False
ngoang,nfc,2,▁ngo|ang,3,False,1.0,False,False,False
ngoang,nfd,2,▁ngo|ang,3,False,1.0,False,False,False
ngoao,nfc,2,▁ngo|ao,3,False,1.0,False,False,False
ngoao,nfd,2,▁ngo|ao,3,False,1.0,False,False,False
ngoay,nfc,2,▁ngo|ay,3,False,1.0,False,False,False
ngoay,nfd,2,▁ngo|ay,3,False,1.0,False,False,False
ngoe,nfc,2,▁ng|oe,2,False,1.0,True,False,False
ngoe,nfd,2,▁ng|oe,2,False,1.0,True,False,False
ngoi,nfc,2,▁ng|oi,2,False,1.0,True,False,False
ngoi,nfd,2,▁ng|oi,2,False,1.0,True,False,False
ngon,nfc,1,▁ngon,,True,1.0,False,False,False
ngon,nfd,1,▁ngon,,True,1.0,False,False,False
ngong,nfc,2,▁ng|ong,2,False,1.0,True,False,False
ngong,nfd,2,▁ng|ong,2,False,1.0,True,False,False
ngoài,nfc,1,▁ngoài,,True,1.0,False,False,False
ngoài,nfd,3,▁ng|oa|̀i,2|3.5,False,0.5,True,False,False
ngoàm,nfc,2,▁ngo|àm,3,False,1.0,False,False,False
ngoàm,nfd,4,▁ng|oa|̀|m,2|3.5|4,False,0.6666666666666666,True,True,False
ngoác,nfc,2,▁ngo|ác,3,False,1.0,False,False,False
ngoác,nfd,3,▁ng|oa|́c,2|3.5,False,0.5,True,False,False
ngoách,nfc,2,▁ngo|ách,3,False,1.0,False,False,False
ngoách,nfd,4,▁ng|oa|́|ch,2|3.5|4,False,0.6666666666666666,True,True,False
ngoái,nfc,2,▁ngo|ái,3,False,1.0,False,False,False
ngoái,nfd,3,▁ng|oa|́i,2|3.5,False,0.5,True,False,False
ngoáo,nfc,2,▁ngo|áo,3,False,1.0,False,False,False
ngoáo,nfd,4,▁ng|oa|́|o,2|3.5|4,False,0.6666666666666666,True,True,False
ngoáy,nfc,2,▁ngo|áy,3,False,1.0,False,False,False
ngoáy,nfd,4,▁ng|oa|́|y,2|3.5|4,False,0.6666666666666666,True,True,False
ngoã,nfc,2,▁ngo|ã,3,False,1.0,False,False,False
ngoã,nfd,3,▁ng|oa|̃,2|3.5,False,0.5,True,True,False
ngoãn,nfc,2,▁ngo|ãn,3,False,1.0,False,False,False
ngoãn,nfd,4,▁ng|oa|̃|n,2|3.5|4,False,0.6666666666666666,True,True,False
ngoèo,nfc,2,▁ngo|èo,3,False,1.0,False,False,False
ngoèo,nfd,4,▁ng|oe|̀|o,2|3.5|4,False,0.6666666666666666,True,True,False
ngoé,nfc,2,▁ngo|é,3,False,1.0,False,False,False
ngoé,nfd,3,▁ng|oe|́,2|3.5,False,0.5,True,True,False
ngoéo,nfc,2,▁ngo|éo,3,False,1.0,False,False,False
ngoéo,nfd,4,▁ng|oe|́|o,2|3.5|4,False,0.6666666666666666,True,True,False
ngoét,nfc,2,▁ngo|ét,3,False,1.0,False,False,False
ngoét,nfd,3,▁ng|oe|́t,2|3.5,False,0.5,True,False,False
ngoại,nfc,1,▁ngoại,,True,1.0,False,False,False
ngoại,nfd,3,▁ng|oa|̣i,2|3.5,False,0.5,True,False,False
ngoạm,nfc,2,▁ngo|ạm,3,False,1.0,False,False,False
ngoạm,nfd,4,▁ng|oa|̣|m,2|3.5|4,False,0.6666666666666666,True,True,False
ngoạn,nfc,2,▁ngo|ạn,3,False,1.0,False,False,False
ngoạn,nfd,3,▁ng|oa|̣n,2|3.5,False,0.5,True,False,False
ngoải,nfc,2,▁ngo|ải,3,False,1.0,False,False,False
ngoải,nfd,4,▁ng|oa|̉|i,2|3.5|4,False,0.6666666666666666,True,True,False
ngoảng,nfc,2,▁ngo|ảng,3,False,1.0,False,False,False
ngoảng,nfd,4,▁ng|oa|̉|ng,2|3.5|4,False,0.6666666666666666,True,True,False
ngoảnh,nfc,2,▁ngo|ảnh,3,False,1.0,False,False,False
ngoảnh,nfd,4,▁ng|oa|̉|nh,2|3.5|4,False,0.6666666666666666,True,True,False
ngoảy,nfc,2,▁ngo|ảy,3,False,1.0,False,False,False
ngoảy,nfd,4,▁ng|oa|̉|y,2|3.5|4,False,0.6666666666666666,True,True,False
ngoắc,nfc,2,▁ngo|ắc,3,False,1.0,False,False,False
ngoắc,nfd,4,▁ng|oa|̆|́c,2|3.5|3.5,False,0.3333333333333333,True,False,False
ngoắt,nfc,2,▁ngo|ắt,3,False,1.0,False,False,False
ngoắt,nfd,4,▁ng|oa|̆|́t,2|3.5|3.5,False,0.3333333333333333,True,False,False
ngoằn,nfc,3,▁ngo|ằ|n,3|4,False,1.0,False,False,False
ngoằn,nfd,4,▁ng|oa|̆|̀n,2|3.5|3.5,False,0.3333333333333333,True,False,False
ngoằng,nfc,2,▁ngo|ằng,3,False,1.0,False,False,False
ngoằng,nfd,4,▁ng|oa|̆|̀ng,2|3.5|3.5,False,0.3333333333333333,True,False,False
ngoẵng,nfc,2,▁ngo|ẵng,3,False,1.0,False,False,False
ngoẵng,nfd,5,▁ng|oa|̆|̃|ng,2|3.5|3.5|4,False,0.5,True,True,False
ngoặc,nfc,2,▁ngo|ặc,3,False,1.0,False,False,False
ngoặc,nfd,5,▁ng|oa|̣|̆|c,2|3.5|3.5|4,False,0.5,True,True,False
ngoặt,nfc,2,▁ngo|ặt,3,False,1.0,False,False,False
ngoặt,nfd,5,▁ng|oa|̣|̆|t,2|3.5|3.5|4,False,0.5,True,True,False
ngoẻn,nfc,3,▁ngo|ẻ|n,3|4,False,1.0,False,False,False
ngoẻn,nfd,4,▁ng|oe|̉|n,2|3.5|4,False,0.6666666666666666,True,True,False
ngu,nfc,1,▁ngu,,True,1.0,False,False,False
ngu,nfd,1,▁ngu,,True,1.0,False,False,False
nguy,nfc,1,▁nguy,,True,1.0,False,False,False
nguy,nfd,1,▁nguy,,True,1.0,False,False,False
nguyên,nfc,1,▁nguyên,,True,1.0,False,False,False
nguyên,nfd,4,▁ngu|ye|̂|n,3|4.5|5,False,0.6666666666666666,False,False,False
nguyền,nfc,2,▁nguy|ền,4,False,0.0,False,False,False
nguyền,nfd,4,▁ngu|ye|̂|̀n,3|4.5|4.5,False,0.3333333333333333,False,False,False
nguyện,nfc,2,▁nguy|ện,4,False,0.0,False,False,False
nguyện,nfd,5,▁ngu|ye|̣|̂|n,3|4.5|4.5|5,False,0.5,False,True,False
nguyệt,nfc,2,▁nguy|ệt,4,False,0.0,False,False,False
nguyệt,nfd,5,▁ngu|ye|̣|̂|t,3|4.5|4.5|5,False,0.5,False,True,False
nguýt,nfc,2,▁ngu|ýt,3,False,1.0,False,False,False
nguýt,nfd,2,▁nguy|́t,3.5,False,0.0,False,False,False
nguẩy,nfc,2,▁ngu|ẩy,3,False,1.0,False,False,False
nguẩy,nfd,5,▁ng|ua|̂|̉|y,2|3.5|3.5|4,False,0.5,True,True,False
nguồi,nfc,2,▁ngu|ồi,3,False,0.0,False,False,False
nguồi,nfd,4,▁ng|uo|̂|̀i,2|3.5|3.5,False,0.3333333333333333,True,False,False
nguồn,nfc,1,▁nguồn,,True,1.0,False,False,False
nguồn,nfd,4,▁ng|uo|̂|̀n,2|3.5|3.5,False,0.3333333333333333,True,False,False
nguội,nfc,2,▁ngu|ội,3,False,0.0,False,False,False
nguội,nfd,5,▁ng|uo|̣|̂|i,2|3.5|3.5|4,False,0.5,True,True,False
nguỵ,nfc,2,▁ngu|ỵ,3,False,1.0,False,False,False
nguỵ,nfd,2,▁nguy|̣,3.5,False,0.0,False,True,False
nguỷu,nfc,3,▁ngu|ỷ|u,3|4,False,1.0,False,False,False
nguỷu,nfd,3,▁nguy|̉|u,3.5|4,False,0.5,False,True,False
ngà,nfc,2,▁ng|à,2,False,1.0,True,False,False
ngà,nfd,2,▁nga|̀,2.5,False,0.0,False,True,False
ngài,nfc,2,▁ng|ài,2,False,1.0,True,False,False
ngài,nfd,2,▁nga|̀i,2.5,False,0.0,False,False,False
ngàm,nfc,2,▁ng|àm,2,False,1.0,True,False,False
ngàm,nfd,3,▁nga|̀|m,2.5|3,False,0.5,False,True,False
ngàn,nfc,1,▁ngàn,,True,1.0,False,False,False
ngàn,nfd,2,▁nga|̀n,2.5,False,0.0,False,False,False
ngàng,nfc,2,▁ng|àng,2,False,1.0,True,False,False
ngàng,nfd,2,▁nga|̀ng,2.5,False,0.0,False,False,False
ngành,nfc,1,▁ngành,,True,1.0,False,False,False
ngành,nfd,2,▁nga|̀nh,2.5,False,0.0,False,False,False
ngào,nfc,1,▁ngào,,True,1.0,False,False,False
ngào,nfd,3,▁nga|̀|o,2.5|3,False,0.5,False,True,False
ngàu,nfc,2,▁ng|àu,2,False,1.0,True,False,False
ngàu,nfd,2,▁nga|̀u,2.5,False,0.0,False,False,False
ngày,nfc,1,▁ngày,,True,1.0,False,False,False
ngày,nfd,3,▁nga|̀|y,2.5|3,False,0.5,False,True,False
ngác,nfc,2,▁ng|ác,2,False,1.0,True,False,False
ngác,nfd,2,▁nga|́c,2.5,False,0.0,False,False,False
ngách,nfc,2,▁ng|ách,2,False,1.0,True,False,False
ngách,nfd,3,▁nga|́|ch,2.5|3,False,0.5,False,True,False
ngái,nfc,2,▁ng|ái,2,False,1.0,True,False,False
ngái,nfd,2,▁nga|́i,2.5,False,0.0,False,False,False
ngám,nfc,2,▁ng|ám,2,False,1.0,True,False,False
ngám,nfd,3,▁nga|́|m,2.5|3,False,0.5,False,True,False
ngán,nfc,2,▁ng|án,2,False,1.0,True,False,False
ngán,nfd,2,▁nga|́n,2.5,False,0.0,False,False,False
ngáng,nfc,2,▁ng|áng,2,False,1.0,True,False,False
ngáng,nfd,2,▁nga|́ng,2.5,False,0.0,False,False,False
ngáo,nfc,2,▁ng|áo,2,False,1.0,True,False,False
ngáo,nfd,3,▁nga|́|o,2.5|3,False,0.5,False,True,False
ngáp,nfc,2,▁ng|áp,2,False,1.0,True,False,False
ngáp,nfd,3,▁nga|́|p,2.5|3,False,0.5,False,True,False
ngát,nfc,2,▁ng|át,2,False,1.0,True,False,False
ngát,nfd,2,▁nga|́t,2.5,False,0.0,False,False,False
ngáu,nfc,2,▁ng|áu,2,False,1.0,True,False,False
ngáu,nfd,3,▁nga|́|u,2.5|3,False,0.5,False,True,False
ngáy,nfc,2,▁ng|áy,2,False,1.0,True,False,False
ngáy,nfd,3,▁nga|́|y,2.5|3,False,0.5,False,True,False
ngâm,nfc,2,▁ng|âm,2,False,1.0,True,False,False
ngâm,nfd,3,▁nga|̂|m,2.5|3,False,0.5,False,False,False
ngân,nfc,1,▁ngân,,True,1.0,False,False,False
ngân,nfd,3,▁nga|̂|n,2.5|3,False,0.5,False,False,False
ngâu,nfc,2,▁ng|âu,2,False,1.0,True,False,False
ngâu,nfd,3,▁nga|̂|u,2.5|3,False,0.5,False,False,False
ngây,nfc,2,▁ng|ây,2,False,1.0,True,False,False
ngây,nfd,3,▁nga|̂|y,2.5|3,False,0.5,False,False,False
ngã,nfc,2,▁ng|ã,2,False,1.0,True,False,False
ngã,nfd,2,▁nga|̃,2.5,False,0.0,False,True,False
ngãi,nfc,2,▁ng|ãi,2,False,1.0,True,False,False
ngãi,nfd,3,▁nga|̃|i,2.5|3,False,0.5,False,True,False
ngãng,nfc,2,▁ng|ãng,2,False,1.0,True,False,False
ngãng,nfd,3,▁nga|̃|ng,2.5|3,False,0.5,False,True,False
ngão,nfc,2,▁ng|ão,2,False,1.0,True,False,False
ngão,nfd,2,▁nga|̃o,2.5,False,0.0,False,False,False
ngò,nfc,2,▁ng|ò,2,False,1.0,True,False,False
ngò,nfd,2,▁ngo|̀,2.5,False,0.0,False,True,False
ngòi,nfc,2,▁ng|òi,2,False,1.0,True,False,False
ngòi,nfd,2,▁ngo|̀i,2.5,False,0.0,False,False,False
ngòm,nfc,2,▁ng|òm,2,False,1.0,True,False,False
ngòm,nfd,3,▁ngo|̀|m,2.5|3,False,0.5,False,True,False
ngòn,nfc,2,▁ng|òn,2,False,1.0,True,False,False
ngòn,nfd,2,▁ngo|̀n,2.5,False,0.0,False,False,False
ngòng,nfc,2,▁ng|òng,2,False,1.0,True,False,False
ngòng,nfd,2,▁ngo|̀ng,2.5,False,0.0,False,False,False
ngó,nfc,2,▁ng|ó,2,False,1.0,True,False,False
ngó,nfd,2,▁ngo|́,2.5,False,0.0,False,True,False
ngóc,nfc,2,▁ng|óc,2,False,1.0,True,False,False
ngóc,nfd,2,▁ngo|́c,2.5,False,0.0,False,False,False
ngói,nfc,2,▁ng|ói,2,False,1.0,True,False,False
ngói,nfd,2,▁ngo|́i,2.5,False,0.0,False,False,False
ngóm,nfc,2,▁ng|óm,2,False,1.0,True,False,False
ngóm,nfd,3,▁ngo|́|m,2.5|3,False,0.5,False,True,False
ngón,nfc,2,▁ng|ón,2,False,1.0,True,False,False
ngón,nfd,2,▁ngo|́n,2.5,False,0.0,False,False,False
ngóng,nfc,2,▁ng|óng,2,False,1.0,True,False,False
ngóng,nfd,2,▁ngo|́ng,2.5,False,0.0,False,False,False
ngóp,nfc,2,▁ng|óp,2,False,1.0,True,False,False
ngóp,nfd,3,▁ngo|́|p,2.5|3,False,0.5,False,True,False
ngót,nfc,2,▁ng|ót,2,False,1.0,True,False,False
ngót,nfd,2,▁ngo|́t,2.5,False,0.0,False,False,False
ngô,nfc,2,▁ng|ô,2,False,1.0,True,False,False
ngô,nfd,2,▁ngo|̂,2.5,False,0.0,False,False,False
ngôi,nfc,1,▁ngôi,,True,1.0,False,False,False
ngôi,nfd,3,▁ngo|̂|i,2.5|3,False,0.5,False,False,False
ngôn,nfc,1,▁ngôn,,True,1.0,False,False,False
ngôn,nfd,3,▁ngo|̂|n,2.5|3,False,0.5,False,False,False
ngông,nfc,2,▁ng|ông,2,False,1.0,True,False,False
ngông,nfd,3,▁ngo|̂|ng,2.5|3,False,0.5,False,False,False
ngõ,nfc,2,▁ng|õ,2,False,1.0,True,False,False
ngõ,nfd,2,▁ngo|̃,2.5,False,0.0,False,True,False
ngõi,nfc,2,▁ng|õi,2,False,1.0,True,False,False
ngõi,nfd,3,▁ngo|̃|i,2.5|3,False,0.5,False,True,False
ngõng,nfc,3,▁ng|õ|ng,2|3,False,1.0,True,False,False
ngõng,nfd,3,▁ngo|̃|ng,2.5|3,False,0.5,False,True,False
ngùi,nfc,2,▁ng|ùi,2,False,1.0,True,False,False
ngùi,nfd,2,▁ngu|̀i,2.5,False,0.0,False,False,False
ngùng,nfc,2,▁ng|ùng,2,False,1.0,True,False,False
ngùng,nfd,2,▁ngu|̀ng,2.5,False,0.0,False,False,False
ngú,nfc,2,▁ng|ú,2,False,1.0,True,False,False
ngú,nfd,2,▁ngu|́,2.5,False,0.0,False,True,False
ngúc,nfc,2,▁ng|úc,2,False,1.0,True,False,False
ngúc,nfd,2,▁ngu|́c,2.5,False,0.0,False,False,False
ngúng,nfc,2,▁ng|úng,2,False,1.0,True,False,False
ngúng,nfd,2,▁ngu|́ng,2.5,False,0.0,False,False,False
ngút,nfc,2,▁ng|út,2,False,1.0,True,False,False
ngút,nfd,2,▁ngu|́t,2.5,False,0.0,False,False,False
ngăm,nfc,2,▁ng|ăm,2,False,1.0,True,False,False
ngăm,nfd,3,▁nga|̆|m,2.5|3,False,0.5,False,False,False
ngăn,nfc,1,▁ngăn,,True,1.0,False,False,False
ngăn,nfd,3,▁nga|̆|n,2.5|3,False,0.5,False,False,False
ngũ,nfc,1,▁ngũ,,True,1.0,False,False,False
ngũ,nfd,2,▁ngu|̃,2.5,False,0.0,False,True,False
ngơ,nfc,2,▁ng|ơ,2,False,1.0,True,False,False
ngơ,nfd,2,▁ngo|̛,2.5,False,0.0,False,False,False
ngơi,nfc,2,▁ng|ơi,2,False,1.0,True,False,False
ngơi,nfd,3,▁ngo|̛|i,2.5|3,False,0.5,False,False,False
ngơm,nfc,2,▁ng|ơm,2,False,1.0,True,False,False
ngơm,nfd,3,▁ngo|̛|m,2.5|3,False,0.5,False,False,False
ngơn,nfc,2,▁ng|ơn,2,False,1.0,True,False,False
ngơn,nfd,3,▁ngo|̛|n,2.5|3,False,0.5,False,False,False
ngư,nfc,2,▁ng|ư,2,False,1.0,True,False,False
ngư,nfd,2,▁ngu|̛,2.5,False,0.0,False,False,False
ngưa,nfc,2,▁ng|ưa,2,False,1.0,True,False,False
ngưa,nfd,3,▁ngu|̛|a,2.5|3,False,0.0,False,False,False
ngưng,nfc,2,▁ng|ưng,2,False,1.0,True,False,False
ngưng,nfd,3,▁ngu|̛|ng,2.5|3,False,0.5,False,False,False
ngưu,nfc,2,▁ng|ưu,2,False,1.0,True,False,False
ngưu,nfd,3,▁ngu|̛|u,2.5|3,False,0.5,False,False,False
ngươi,nfc,1,▁ngươi,,True,1.0,False,False,False
ngươi,nfd,5,▁ngu|̛|o|̛|i,2.5|3|3.5|4,False,0.25,False,False,False
ngước,nfc,2,▁ng|ước,2,False,1.0,True,False,False
ngước,nfd,5,▁ngu|̛|o|̛|́c,2.5|3|3.5|3.5,False,0.0,False,False,False
người,nfc,1,▁người,,True,1.0,False,False,False
người,nfd,5,▁ngu|̛|o|̛|̀i,2.5|3|3.5|3.5,False,0.0,False,False,False
ngường,nfc,2,▁ng|ường,2,False,1.0,True,False,False
ngường,nfd,5,▁ngu|̛|o|̛|̀ng,2.5|3|3.5|3.5,False,0.0,False,False,False
ngưởng,nfc,2,▁ng|ưởng,2,False,1.0,True,False,False
ngưởng,nfd,6,▁ngu|̛|o|̛|̉|ng,2.5|3|3.5|3.5|4,False,0.2,False,True,False
ngưỡng,nfc,2,▁ng|ưỡng,2,False,1.0,True,False,False
ngưỡng,nfd,6,▁ngu|̛|o|̛|̃|ng,2.5|3|3.5|3.5|4,False,0.2,False,True,False
ngược,nfc,1,▁ngược,,True,1.0,False,False,False
ngược,nfd,5,▁ngu|̛|o|̛|̣c,2.5|3|3.5|3.5,False,0.0,False,False,False
ngượng,nfc,2,▁ng|ượng,2,False,1.0,True,False,False
ngượng,nfd,5,▁ngu|̛|o|̛|̣ng,2.5|3|3.5|3.5,False,0.0,False,False,False
ngạc,nfc,2,▁ng|ạc,2,False,1.0,True,False,False
ngạc,nfd,2,▁nga|̣c,2.5,False,0.0,False,False,False
ngạch,nfc,2,▁ng|ạch,2,False,1.0,True,False,False
ngạch,nfd,3,▁nga|̣|ch,2.5|3,False,0.5,False,True,False
ngại,nfc,1,▁ngại,,True,1.0,False,False,False
ngại,nfd,2,▁nga|̣i,2.5,False,0.0,False,False,False
ngạn,nfc,2,▁ng|ạn,2,False,1.0,True,False,False
ngạn,nfd,2,▁nga|̣n,2.5,False,0.0,False,False,False
ngạnh,nfc,2,▁ng|ạnh,2,False,1.0,True,False,False
ngạnh,nfd,3,▁nga|̣|nh,2.5|3,False,0.5,False,True,False
ngạo,nfc,2,▁ng|ạo,2,False,1.0,True,False,False
ngạo,nfd,3,▁nga|̣|o,2.5|3,False,0.5,False,True,False
ngạt,nfc,2,▁ng|ạt,2,False,1.0,True,False,False
ngạt,nfd,2,▁nga|̣t,2.5,False,0.0,False,False,False
ngả,nfc,2,▁ng|ả,2,False,1.0,True,False,False
ngả,nfd,2,▁nga|̉,2.5,False,0.0,False,True,False
ngải,nfc,2,▁ng|ải,2,False,1.0,True,False,False
ngải,nfd,3,▁nga|̉|i,2.5|3,False,0.5,False,True,False
ngảnh,nfc,2,▁ng|ảnh,2,False,1.0,True,False,False
ngảnh,nfd,3,▁nga|̉|nh,2.5|3,False,0.5,False,True,False
ngấc,nfc,2,▁ng|ấc,2,False,1.0,True,False,False
ngấc,nfd,3,▁nga|̂|́c,2.5|2.5,False,0.0,False,False,False
ngấm,nfc,2,▁ng|ấm,2,False,1.0,True,False,False
ngấm,nfd,4,▁nga|̂|́|m,2.5|2.5|3,False,0.3333333333333333,False,True,False
ngấn,nfc,2,▁ng|ấn,2,False,1.0,True,False,False
ngấn,nfd,3,▁nga|̂|́n,2.5|2.5,False,0.0,False,False,False
ngấp,nfc,2,▁ng|ấp,2,False,1.0,True,False,False
ngấp,nfd,4,▁nga|̂|́|p,2.5|2.5|3,False,0.3333333333333333,False,True,False
ngất,nfc,2,▁ng|ất,2,False,1.0,True,False,False
ngất,nfd,3,▁nga|̂|́t,2.5|2.5,False,0.0,False,False,False
ngấu,nfc,2,▁ng|ấu,2,False,1.0,True,False,False
ngấu,nfd,4,▁nga|̂|́|u,2.5|2.5|3,False,0.3333333333333333,False,True,False
ngấy,nfc,2,▁ng|ấy,2,False,1.0,True,False,False
ngấy,nfd,4,▁nga|̂|́|y,2.5|2.5|3,False,0.3333333333333333,False,True,False
ngầm,nfc,2,▁ng|ầm,2,False,1.0,True,False,False
ngầm,nfd,4,▁nga|̂|̀|m,2.5|2.5|3,False,0.3333333333333333,False,True,False
ngần,nfc,2,▁ng|ần,2,False,1.0,True,False,False
ngần,nfd,3,▁nga|̂|̀n,2.5|2.5,False,0.0,False,False,False
ngầu,nfc,2,▁ng|ầu,2,False,1.0,True,False,False
ngầu,nfd,3,▁nga|̂|̀u,2.5|2.5,False,0.0,False,False,False
ngầy,nfc,2,▁ng|ầy,2,False,1.0,True,False,False
ngầy,nfd,4,▁nga|̂|̀|y,2.5|2.5|3,False,0.3333333333333333,False,True,False
ngẩm,nfc,2,▁ng|ẩm,2,False,1.0,True,False,False
ngẩm,nfd,4,▁nga|̂|̉|m,2.5|2.5|3,False,0.3333333333333333,False,True,False
ngẩn,nfc,2,▁ng|ẩn,2,False,1.0,True,False,False
ngẩn,nfd,4,▁nga|̂|̉|n,2.5|2.5|3,False,0.3333333333333333,False,True,False
ngẩng,nfc,3,▁ng|ẩ|ng,2|3,False,1.0,True,False,False
ngẩng,nfd,4,▁nga|̂|̉|ng,2.5|2.5|3,False,0.3333333333333333,False,True,False
ngẫm,nfc,3,▁ng|ẫ|m,2|3,False,1.0,True,False,False
ngẫm,nfd,4,▁nga|̂|̃|m,2.5|2.5|3,False,0.3333333333333333,False,True,False
ngẫn,nfc,2,▁ng|ẫn,2,False,1.0,True,False,False
ngẫn,nfd,4,▁nga|̂|̃|n,2.5|2.5|3,False,0.3333333333333333,False,True,False
ngẫu,nfc,2,▁ng|ẫu,2,False,1.0,True,False,False
ngẫu,nfd,4,▁nga|̂|̃|u,2.5|2.5|3,False,0.3333333333333333,False,True,False
ngậm,nfc,2,▁ng|ậm,2,False,1.0,True,False,False
ngậm,nfd,4,▁nga|̣|̂|m,2.5|2.5|3,False,0.3333333333333333,False,True,False
ngận,nfc,2,▁ng|ận,2,False,1.0,True,False,False
ngận,nfd,4,▁nga|̣|̂|n,2.5|2.5|3,False,0.3333333333333333,False,True,False
ngập,nfc,2,▁ng|ập,2,False,1.0,True,False,False
ngập,nfd,4,▁nga|̣|̂|p,2.5|2.5|3,False,0.3333333333333333,False,True,False
ngật,nfc,2,▁ng|ật,2,False,1.0,True,False,False
ngật,nfd,4,▁nga|̣|̂|t,2.5|2.5|3,False,0.3333333333333333,False,True,False
ngậu,nfc,2,▁ng|ậu,2,False,1.0,True,False,False
ngậu,nfd,4,▁nga|̣|̂|u,2.5|2.5|3,False,0.3333333333333333,False,True,False
ngậy,nfc,2,▁ng|ậy,2,False,1.0,True,False,False
ngậy,nfd,4,▁nga|̣|̂|y,2.5|2.5|3,False,0.3333333333333333,False,True,False
ngắc,nfc,2,▁ng|ắc,2,False,1.0,True,False,False
ngắc,nfd,3,▁nga|̆|́c,2.5|2.5,False,0.0,False,False,False
ngắm,nfc,2,▁ng|ắm,2,False,1.0,True,False,False
ngắm,nfd,4,▁nga|̆|́|m,2.5|2.5|3,False,0.3333333333333333,False,True,False
ngắn,nfc,1,▁ngắn,,True,1.0,False,False,False
ngắn,nfd,3,▁nga|̆|́n,2.5|2.5,False,0.0,False,False,False
ngắt,nfc,2,▁ng|ắt,2,False,1.0,True,False,False
ngắt,nfd,3,▁nga|̆|́t,2.5|2.5,False,0.0,False,False,False
ngằn,nfc,3,▁ng|ằ|n,2|3,False,1.0,True,False,False
ngằn,nfd,3,▁nga|̆|̀n,2.5|2.5,False,0.0,False,False,False
ngẳng,nfc,2,▁ng|ẳng,2,False,1.0,True,False,False
ngẳng,nfd,4,▁nga|̆|̉|ng,2.5|2.5|3,False,0.3333333333333333,False,True,False
ngẵng,nfc,2,▁ng|ẵng,2,False,1.0,True,False,False
ngẵng,nfd,4,▁nga|̆|̃|ng,2.5|2.5|3,False,0.3333333333333333,False,True,False
ngặt,nfc,2,▁ng|ặt,2,False,1.0,True,False,False
ngặt,nfd,4,▁nga|̣|̆|t,2.5|2.5|3,False,0.3333333333333333,False,True,False
ngọ,nfc,2,▁ng|ọ,2,False,1.0,True,False,False
ngọ,nfd,2,▁ngo|̣,2.5,False,0.0,False,True,False
ngọc,nfc,1,▁ngọc,,True,1.0,False,False,False
ngọc,nfd,2,▁ngo|̣c,2.5,False,0.0,False,False,False
ngọn,nfc,2,▁ng|ọn,2,False,1.0,True,False,False
ngọn,nfd,2,▁ngo|̣n,2.5,False,0.0,False,False,False
ngọng,nfc,2,▁ng|ọng,2,False,1.0,True,False,False
ngọng,nfd,2,▁ngo|̣ng,2.5,False,0.0,False,False,False
ngọt,nfc,1,▁ngọt,,True,1.0,False,False,False
ngọt,nfd,2,▁ngo|̣t,2.5,False,0.0,False,False,False
ngỏ,nfc,2,▁ng|ỏ,2,False,1.0,True,False,False
ngỏ,nfd,2,▁ngo|̉,2.5,False,0.0,False,True,False
ngỏm,nfc,3,▁ng|ỏ|m,2|3,False,1.0,True,False,False
ngỏm,nfd,3,▁ngo|̉|m,2.5|3,False,0.5,False,True,False
ngỏn,nfc,3,▁ng|ỏ|n,2|3,False,1.0,True,False,False
ngỏn,nfd,3,▁ngo|̉|n,2.5|3,False,0.5,False,True,False
ngỏng,nfc,2,▁ng|ỏng,2,False,1.0,True,False,False
ngỏng,nfd,3,▁ngo|̉|ng,2.5|3,False,0.5,False,True,False
ngố,nfc,2,▁ng|ố,2,False,1.0,True,False,False
ngố,nfd,3,▁ngo|̂|́,2.5|2.5,False,0.0,False,True,False
ngốc,nfc,2,▁ng|ốc,2,False,1.0,True,False,False
ngốc,nfd,3,▁ngo|̂|́c,2.5|2.5,False,0.0,False,False,False
ngốn,nfc,2,▁ng|ốn,2,False,1.0,True,False,False
ngốn,nfd,3,▁ngo|̂|́n,2.5|2.5,False,0.0,False,False,False
ngốt,nfc,2,▁ng|ốt,2,False,1.0,True,False,False
ngốt,nfd,3,▁ngo|̂|́t,2.5|2.5,False,0.0,False,False,False
ngồi,nfc,1,▁ngồi,,True,1.0,False,False,False
ngồi,nfd,3,▁ngo|̂|̀i,2.5|2.5,False,0.0,False,False,False
ngồm,nfc,2,▁ng|ồm,2,False,1.0,True,False,False
ngồm,nfd,4,▁ngo|̂|̀|m,2.5|2.5|3,False,0.3333333333333333,False,True,False
ngồn,nfc,2,▁ng|ồn,2,False,1.0,True,False,False
ngồn,nfd,3,▁ngo|̂|̀n,2.5|2.5,False,0.0,False,False,False
ngồng,nfc,2,▁ng|ồng,2,False,1.0,True,False,False
ngồng,nfd,3,▁ngo|̂|̀ng,2.5|2.5,False,0.0,False,False,False
ngổ,nfc,2,▁ng|ổ,2,False,1.0,True,False,False
ngổ,nfd,3,▁ngo|̂|̉,2.5|2.5,False,0.0,False,True,False
ngổm,nfc,3,▁ng|ổ|m,2|3,False,1.0,True,False,False
ngổm,nfd,4,▁ngo|̂|̉|m,2.5|2.5|3,False,0.3333333333333333,False,True,False
ngổn,nfc,3,▁ng|ổ|n,2|3,False,1.0,True,False,False
ngổn,nfd,4,▁ngo|̂|̉|n,2.5|2.5|3,False,0.3333333333333333,False,True,False
ngỗ,nfc,2,▁ng|ỗ,2,False,1.0,True,False,False
ngỗ,nfd,3,▁ngo|̂|̃,2.5|2.5,False,0.0,False,True,False
ngỗng,nfc,2,▁ng|ỗng,2,False,1.0,True,False,False
ngỗng,nfd,4,▁ngo|̂|̃|ng,2.5|2.5|3,False,0.3333333333333333,False,True,False
ngộ,nfc,2,▁ng|ộ,2,False,1.0,True,False,False
ngộ,nfd,3,▁ngo|̣|̂,2.5|2.5,False,0.0,False,True,False
ngộc,nfc,2,▁ng|ộc,2,False,1.0,True,False,False
ngộc,nfd,4,▁ngo|̣|̂|c,2.5|2.5|3,False,0.3333333333333333,False,True,False
ngộn,nfc,2,▁ng|ộn,2,False,1.0,True,False,False
ngộn,nfd,4,▁ngo|̣|̂|n,2.5|2.5|3,False,0.3333333333333333,False,True,False
ngột,nfc,2,▁ng|ột,2,False,1.0,True,False,False
ngột,nfd,4,▁ngo|̣|̂|t,2.5|2.5|3,False,0.3333333333333333,False,True,False
ngớ,nfc,2,▁ng|ớ,2,False,1.0,True,False,False
ngớ,nfd,3,▁ngo|̛|́,2.5|2.5,False,0.0,False,True,False
ngớn,nfc,3,▁ng|ớ|n,2|3,False,1.0,True,False,False
ngớn,nfd,3,▁ngo|̛|́n,2.5|2.5,False,0.0,False,False,False
ngớp,nfc,2,▁ng|ớp,2,False,1.0,True,False,False
ngớp,nfd,4,▁ngo|̛|́|p,2.5|2.5|3,False,0.3333333333333333,False,True,False
ngớt,nfc,2,▁ng|ớt,2,False,1.0,True,False,False
ngớt,nfd,3,▁ngo|̛|́t,2.5|2.5,False,0.0,False,False,False
ngờ,nfc,1,▁ngờ,,True,1.0,False,False,False
ngờ,nfd,3,▁ngo|̛|̀,2.5|2.5,False,0.0,False,True,False
ngời,nfc,2,▁ng|ời,2,False,1.0,True,False,False
ngời,nfd,3,▁ngo|̛|̀i,2.5|2.5,False,0.0,False,False,False
ngờm,nfc,2,▁ngờ|m,3,False,1.0,False,False,False
ngờm,nfd,4,▁ngo|̛|̀|m,2.5|2.5|3,False,0.3333333333333333,False,True,False
ngỡ,nfc,2,▁ng|ỡ,2,False,1.0,True,False,False
ngỡ,nfd,3,▁ngo|̛|̃,2.5|2.5,False,0.0,False,True,False
ngợ,nfc,2,▁ng|ợ,2,False,1.0,True,False,False
ngợ,nfd,3,▁ngo|̛|̣,2.5|2.5,False,0.0,False,True,False
ngợi,nfc,2,▁ng|ợi,2,False,1.0,True,False,False
ngợi,nfd,3,▁ngo|̛|̣i,2.5|2.5,False,0.0,False,False,False
ngợm,nfc,3,▁ng|ợ|m,2|3,False,1.0,True,False,False
ngợm,nfd,4,▁ngo|̛|̣|m,2.5|2.5|3,False,0.3333333333333333,False,True,False
ngợp,nfc,2,▁ng|ợp,2,False,1.0,True,False,False
ngợp,nfd,4,▁ngo|̛|̣|p,2.5|2.5|3,False,0.3333333333333333,False,True,False
ngụ,nfc,2,▁ng|ụ,2,False,1.0,True,False,False
ngụ,nfd,2,▁ngu|̣,2.5,False,0.0,False,True,False
ngụa,nfc,3,▁ng|ụ|a,2|3,False,0.5,True,False,False
ngụa,nfd,3,▁ngu|̣|a,2.5|3,False,0.0,False,True,False
ngục,nfc,2,▁ng|ục,2,False,1.0,True,False,False
ngục,nfd,2,▁ngu|̣c,2.5,False,0.0,False,False,False
ngụm,nfc,3,▁ng|ụ|m,2|3,False,1.0,True,False,False
ngụm,nfd,3,▁ngu|̣|m,2.5|3,False,0.5,False,True,False
ngụp,nfc,2,▁ng|ụp,2,False,1.0,True,False,False
ngụp,nfd,3,▁ngu|̣|p,2.5|3,False,0.5,False,True,False
ngủ,nfc,1,▁ngủ,,True,1.0,False,False,False
ngủ,nfd,2,▁ngu|̉,2.5,False,0.0,False,True,False
ngủi,nfc,2,▁ngủ|i,3,False,1.0,False,False,False
ngủi,nfd,3,▁ngu|̉|i,2.5|3,False,0.5,False,True,False
ngủn,nfc,2,▁ngủ|n,3,False,1.0,False,False,False
ngủn,nfd,3,▁ngu|̉|n,2.5|3,False,0.5,False,True,False
ngứ,nfc,2,▁ng|ứ,2,False,1.0,True,False,False
ngứ,nfd,3,▁ngu|̛|́,2.5|2.5,False,0.0,False,True,False
ngứa,nfc,2,▁ng|ứa,2,False,1.0,True,False,False
ngứa,nfd,4,▁ngu|̛|́|a,2.5|2.5|3,False,0.0,False,True,False
ngứt,nfc,2,▁ng|ứt,2,False,1.0,True,False,False
ngứt,nfd,3,▁ngu|̛|́t,2.5|2.5,False,0.0,False,False,False
ngừ,nfc,2,▁ng|ừ,2,False,1.0,True,False,False
ngừ,nfd,3,▁ngu|̛|̀,2.5|2.5,False,0.0,False,True,False
ngừa,nfc,1,▁ngừa,,True,1.0,False,False,False
ngừa,nfd,4,▁ngu|̛|̀|a,2.5|2.5|3,False,0.0,False,True,False
ngừng,nfc,1,▁ngừng,,True,1.0,False,False,False
ngừng,nfd,3,▁ngu|̛|̀ng,2.5|2.5,False,0.0,False,False,False
ngửa,nfc,2,▁ng|ửa,2,False,1.0,True,False,False
ngửa,nfd,4,▁ngu|̛|̉|a,2.5|2.5|3,False,0.0,False,True,False
ngửi,nfc,2,▁ng|ửi,2,False,1.0,True,False,False
ngửi,nfd,4,▁ngu|̛|̉|i,2.5|2.5|3,False,0.3333333333333333,False,True,False
ngửng,nfc,3,▁ng|ử|ng,2|3,False,1.0,True,False,False
ngửng,nfd,4,▁ngu|̛|̉|ng,2.5|2.5|3,False,0.3333333333333333,False,True,False
ngữ,nfc,1,▁ngữ,,True,1.0,False,False,False
ngữ,nfd,3,▁ngu|̛|̃,2.5|2.5,False,0.0,False,True,False
ngự,nfc,2,▁ng|ự,2,False,1.0,True,False,False
ngự,nfd,3,▁ngu|̛|̣,2.5|2.5,False,0.0,False,True,False
ngựa,nfc,2,▁ng|ựa,2,False,1.0,True,False,False
ngựa,nfd,4,▁ngu|̛|̣|a,2.5|2.5|3,False,0.0,False,True,False
ngực,nfc,1,▁ngực,,True,1.0,False,False,False
ngực,nfd,3,▁ngu|̛|̣c,2.5|2.5,False,0.0,False,False,False
nha,nfc,1,▁nha,,True,1.0,False,False,False
nha,nfd,1,▁nha,,True,1.0,False,False,False
nhai,nfc,2,▁n|hai,1,False,0.0,False,False,False
nhai,nfd,2,▁n|hai,1,False,0.0,False,False,False
nham,nfc,2,▁n|ham,1,False,0.0,False,False,False
nham,nfd,2,▁n|ham,1,False,0.0,False,False,False
nhan,nfc,1,▁nhan,,True,1.0,False,False,False
nhan,nfd,1,▁nhan,,True,1.0,False,False,False
nhang,nfc,2,▁nh|ang,2,False,1.0,True,False,False
nhang,nfd,2,▁nh|ang,2,False,1.0,True,False,False
nhanh,nfc,1,▁nhanh,,True,1.0,False,False,False
nhanh,nfd,1,▁nhanh,,True,1.0,False,False,False
nhao,nfc,2,▁n|hao,1,False,0.0,False,False,False
nhao,nfd,2,▁n|hao,1,False,0.0,False,False,False
nhau,nfc,1,▁nhau,,True,1.0,False,False,False
nhau,nfd,1,▁nhau,,True,1.0,False,False,False
nhay,nfc,2,▁n|hay,1,False,0.0,False,False,False
nhay,nfd,2,▁n|hay,1,False,0.0,False,False,False
nhe,nfc,2,▁n|he,1,False,0.0,False,False,False
nhe,nfd,2,▁n|he,1,False,0.0,False,False,False
nhem,nfc,2,▁n|hem,1,False,0.0,False,False,False
nhem,nfd,2,▁n|hem,1,False,0.0,False,False,False
nhen,nfc,2,▁n|hen,1,False,0.0,False,False,False
nhen,nfd,2,▁n|hen,1,False,0.0,False,False,False
nheo,nfc,3,▁n|he|o,1|3,False,0.5,False,False,False
nheo,nfd,3,▁n|he|o,1|3,False,0.5,False,False,False
nhi,nfc,1,▁nhi,,True,1.0,False,False,False
nhi,nfd,1,▁nhi,,True,1.0,False,False,False
nhinh,nfc,2,▁nh|inh,2,False,1.0,True,False,False
nhinh,nfd,2,▁nh|inh,2,False,1.0,True,False,False
nhiu,nfc,2,▁nhi|u,3,False,1.0,False,False,False
nhiu,nfd,2,▁nhi|u,3,False,1.0,False,False,False
nhiên,nfc,1,▁nhiên,,True,1.0,False,False,False
nhiên,nfd,4,▁nhi|e|̂|n,3|3.5|4,False,0.3333333333333333,False,False,False
nhiêu,nfc,1,▁nhiêu,,True,1.0,False,False,False
nhiêu,nfd,4,▁nhi|e|̂|u,3|3.5|4,False,0.3333333333333333,False,False,False
nhiếc,nfc,2,▁nhi|ếc,3,False,0.0,False,False,False
nhiếc,nfd,4,▁nhi|e|̂|́c,3|3.5|3.5,False,0.0,False,False,False
nhiếp,nfc,2,▁nhi|ếp,3,False,0.0,False,False,False
nhiếp,nfd,5,▁nhi|e|̂|́|p,3|3.5|3.5|4,False,0.25,False,True,False
nhiều,nfc,1,▁nhiều,,True,1.0,False,False,False
nhiều,nfd,4,▁nhi|e|̂|̀u,3|3.5|3.5,False,0.0,False,False,False
nhiễm,nfc,1,▁nhiễm,,True,1.0,False,False,False
nhiễm,nfd,5,▁nhi|e|̂|̃|m,3|3.5|3.5|4,False,0.25,False,True,False
nhiễn,nfc,2,▁nhi|ễn,3,False,0.0,False,False,False
nhiễn,nfd,5,▁nhi|e|̂|̃|n,3|3.5|3.5|4,False,0.25,False,True,False
nhiễu,nfc,3,▁nhi|ễ|u,3|4,False,0.5,False,False,False
nhiễu,nfd,5,▁nhi|e|̂|̃|u,3|3.5|3.5|4,False,0.25,False,True,False
nhiệm,nfc,1,▁nhiệm,,True,1.0,False,False,False
nhiệm,nfd,5,▁nhi|e|̣|̂|m,3|3.5|3.5|4,False,0.25,False,True,False
nhiệt,nfc,1,▁nhiệt,,True,1.0,False,False,False
nhiệt,nfd,5,▁nhi|e|̣|̂|t,3|3.5|3.5|4,False,0.25,False,True,False
nho,nfc,1,▁nho,,True,1.0,False,False,False
nho,nfd,1,▁nho,,True,1.0,False,False,False
nhoai,nfc,2,▁nho|ai,3,False,1.0,False,False,False
nhoai,nfd,2,▁nho|ai,3,False,1.0,False,False,False
nhoang,nfc,2,▁nho|ang,3,False,1.0,False,False,False
nhoang,nfd,2,▁nho|ang,3,False,1.0,False,False,False
nhoay,nfc,2,▁nho|ay,3,False,1.0,False,False,False
nhoay,nfd,2,▁nho|ay,3,False,1.0,False,False,False
nhoe,nfc,2,▁n|hoe,1,False,0.0,False,False,False
nhoe,nfd,2,▁n|hoe,1,False,0.0,False,False,False
nhoen,nfc,2,▁nho|en,3,False,1.0,False,False,False
nhoen,nfd,2,▁nho|en,3,False,1.0,False,False,False
nhoi,nfc,2,▁n|hoi,1,False,0.0,False,False,False
nhoi,nfd,2,▁n|hoi,1,False,0.0,False,False,False
nhom,nfc,2,▁nh|om,2,False,1.0,True,False,False
nhom,nfd,2,▁nh|om,2,False,1.0,True,False,False
nhong,nfc,2,▁nh|ong,2,False,1.0,True,False,False
nhong,nfd,2,▁nh|ong,2,False,1.0,True,False,False
nhoà,nfc,2,▁nho|à,3,False,1.0,False,False,False
nhoà,nfd,3,▁n|hoa|̀,1|3.5,False,0.0,False,True,False
nhoài,nfc,2,▁nho|ài,3,False,1.0,False,False,False
nhoài,nfd,3,▁n|hoa|̀i,1|3.5,False,0.0,False,False,False
nhoàm,nfc,2,▁nho|àm,3,False,1.0,False,False,False
nhoàm,nfd,4,▁n|hoa|̀|m,1|3.5|4,False,0.3333333333333333,False,True,False
nhoá,nfc,2,▁nho|á,3,False,1.0,False,False,False
nhoá,nfd,3,▁n|hoa|́,1|3.5,False,0.0,False,True,False
nhoáng,nfc,2,▁nho|áng,3,False,1.0,False,False,False
nhoáng,nfd,3,▁n|hoa|́ng,1|3.5,False,0.0,False,False,False
nhoáy,nfc,2,▁nho|áy,3,False,1.0,False,False,False
nhoáy,nfd,4,▁n|hoa|́|y,1|3.5|4,False,0.3333333333333333,False,True,False
nhoè,nfc,2,▁nho|è,3,False,1.0,False,False,False
nhoè,nfd,3,▁n|hoe|̀,1|3.5,False,0.0,False,True,False
nhoèn,nfc,2,▁nho|èn,3,False,1.0,False,False,False
nhoèn,nfd,3,▁n|hoe|̀n,1|3.5,False,0.0,False,False,False
nhoé,nfc,2,▁nho|é,3,False,1.0,False,False,False
nhoé,nfd,3,▁n|hoe|́,1|3.5,False,0.0,False,True,False
nhoét,nfc,2,▁nho|ét,3,False,1.0,False,False,False
nhoét,nfd,3,▁n|hoe|́t,1|3.5,False,0.0,False,False,False
nhoạng,nfc,2,▁nho|ạng,3,False,1.0,False,False,False
nhoạng,nfd,3,▁n|hoa|̣ng,1|3.5,False,0.0,False,False,False
nhoẹt,nfc,3,▁nho|ẹ|t,3|4,False,1.0,False,False,False
nhoẹt,nfd,3,▁n|hoe|̣t,1|3.5,False,0.0,False,False,False
nhoẻn,nfc,3,▁nho|ẻ|n,3|4,False,1.0,False,False,False
nhoẻn,nfd,4,▁n|hoe|̉|n,1|3.5|4,False,0.3333333333333333,False,True,False
nhu,nfc,1,▁nhu,,True,1.0,False,False,False
nhu,nfd,1,▁nhu,,True,1.0,False,False,False
nhui,nfc,2,▁nh|ui,2,False,1.0,True,False,False
nhui,nfd,2,▁nh|ui,2,False,1.0,True,False,False
nhung,nfc,1,▁nhung,,True,1.0,False,False,False
nhung,nfd,1,▁nhung,,True,1.0,False,False,False
nhuyễn,nfc,3,▁nh|uy|ễn,2|4,False,0.5,True,False,False
nhuyễn,nfd,5,▁nhu|ye|̂|̃|n,3|4.5|4.5|5,False,0.5,False,True,False
nhuôm,nfc,2,▁nhu|ôm,3,False,0.0,False,False,False
nhuôm,nfd,4,▁nh|uo|̂|m,2|3.5|4,False,0.6666666666666666,True,False,False
nhuần,nfc,2,▁nhu|ần,3,False,1.0,False,False,False
nhuần,nfd,4,▁nh|ua|̂|̀n,2|3.5|3.5,False,0.3333333333333333,True,False,False
nhuận,nfc,2,▁nhu|ận,3,False,1.0,False,False,False
nhuận,nfd,5,▁nh|ua|̣|̂|n,2|3.5|3.5|4,False,0.5,True,True,False
nhuế,nfc,2,▁nhu|ế,3,False,1.0,False,False,False
nhuế,nfd,4,▁nh|ue|̂|́,2|3.5|3.5,False,0.3333333333333333,True,True,False
nhuệ,nfc,2,▁nhu|ệ,3,False,1.0,False,False,False
nhuệ,nfd,4,▁nh|ue|̣|̂,2|3.5|3.5,False,0.3333333333333333,True,True,False
nhuốc,nfc,2,▁nhu|ốc,3,False,0.0,False,False,False
nhuốc,nfd,4,▁nh|uo|̂|́c,2|3.5|3.5,False,0.3333333333333333,True,False,False
nhuốm,nfc,2,▁nhu|ốm,3,False,0.0,False,False,False
nhuốm,nfd,5,▁nh|uo|̂|́|m,2|3.5|3.5|4,False,0.5,True,True,False
nhuộm,nfc,2,▁nhu|ộm,3,False,0.0,False,False,False
nhuộm,nfd,5,▁nh|uo|̣|̂|m,2|3.5|3.5|4,False,0.5,True,True,False
nhuỵ,nfc,2,▁nhu|ỵ,3,False,1.0,False,False,False
nhuỵ,nfd,3,▁nh|uy|̣,2|3.5,False,0.5,True,True,False
nhà,nfc,1,▁nhà,,True,1.0,False,False,False
nhà,nfd,2,▁nha|̀,2.5,False,0.0,False,True,False
nhài,nfc,2,▁nh|ài,2,False,1.0,True,False,False
nhài,nfd,2,▁nha|̀i,2.5,False,0.0,False,False,False
nhàm,nfc,2,▁nhà|m,3,False,1.0,False,False,False
nhàm,nfd,3,▁nha|̀|m,2.5|3,False,0.5,False,True,False
nhàn,nfc,2,▁nh|àn,2,False,1.0,True,False,False
nhàn,nfd,2,▁nha|̀n,2.5,False,0.0,False,False,False
nhàng,nfc,1,▁nhàng,,True,1.0,False,False,False
nhàng,nfd,2,▁nha|̀ng,2.5,False,0.0,False,False,False
nhành,nfc,2,▁nh|ành,2,False,1.0,True,False,False
nhành,nfd,2,▁nha|̀nh,2.5,False,0.0,False,False,False
nhào,nfc,2,▁nh|ào,2,False,1.0,True,False,False
nhào,nfd,3,▁nha|̀|o,2.5|3,False,0.5,False,True,False
nhàu,nfc,2,▁nhà|u,3,False,1.0,False,False,False
nhàu,nfd,2,▁nha|̀u,2.5,False,0.0,False,False,False
nhày,nfc,2,▁nh|ày,2,False,1.0,True,False,False
nhày,nfd,3,▁nha|̀|y,2.5|3,False,0.5,False,True,False
nhá,nfc,2,▁nh|á,2,False,1.0,True,False,False
nhá,nfd,2,▁nha|́,2.5,False,0.0,False,True,False
nhác,nfc,2,▁nh|ác,2,False,1.0,True,False,False
nhác,nfd,2,▁nha|́c,2.5,False,0.0,False,False,False
nhách,nfc,2,▁nh|ách,2,False,1.0,True,False,False
nhách,nfd,3,▁nha|́|ch,2.5|3,False,0.5,False,True,False
nhái,nfc,2,▁nh|ái,2,False,1.0,True,False,False
nhái,nfd,2,▁nha|́i,2.5,False,0.0,False,False,False
nhám,nfc,2,▁nh|ám,2,False,1.0,True,False,False
nhám,nfd,3,▁nha|́|m,2.5|3,False,0.5,False,True,False
nháng,nfc,2,▁nh|áng,2,False,1.0,True,False,False
nháng,nfd,2,▁nha|́ng,2.5,False,0.0,False,False,False
nhánh,nfc,2,▁nh|ánh,2,False,1.0,True,False,False
nhánh,nfd,3,▁nha|́|nh,2.5|3,False,0.5,False,True,False
nháo,nfc,2,▁nh|áo,2,False,1.0,True,False,False
nháo,nfd,3,▁nha|́|o,2.5|3,False,0.5,False,True,False
nháp,nfc,2,▁nh|áp,2,False,1.0,True,False,False
nháp,nfd,3,▁nha|́|p,2.5|3,False,0.5,False,True,False
nhát,nfc,2,▁nh|át,2,False,1.0,True,False,False
nhát,nfd,2,▁nha|́t,2.5,False,0.0,False,False,False
nháy,nfc,2,▁nh|áy,2,False,1.0,True,False,False
nháy,nfd,3,▁nha|́|y,2.5|3,False,0.5,False,True,False
nhâm,nfc,2,▁nh|âm,2,False,1.0,True,False,False
nhâm,nfd,3,▁nha|̂|m,2.5|3,False,0.5,False,False,False
nhân,nfc,1,▁nhân,,True,1.0,False,False,False
nhân,nfd,3,▁nha|̂|n,2.5|3,False,0.5,False,False,False
nhâng,nfc,2,▁nh|âng,2,False,1.0,True,False,False
nhâng,nfd,3,▁nha|̂|ng,2.5|3,False,0.5,False,False,False
nhâu,nfc,2,▁nh|âu,2,False,1.0,True,False,False
nhâu,nfd,3,▁nha|̂|u,2.5|3,False,0.5,False,False,False
nhây,nfc,2,▁nh|ây,2,False,1.0,True,False,False
nhây,nfd,3,▁nha|̂|y,2.5|3,False,0.5,False,False,False
nhã,nfc,2,▁nh|ã,2,False,1.0,True,False,False
nhã,nfd,2,▁nha|̃,2.5,False,0.0,False,True,False
nhãi,nfc,2,▁nh|ãi,2,False,1.0,True,False,False
nhãi,nfd,3,▁nha|̃|i,2.5|3,False,0.5,False,True,False
nhãn,nfc,1,▁nhãn,,True,1.0,False,False,False
nhãn,nfd,3,▁nha|̃|n,2.5|3,False,0.5,False,True,False
nhãng,nfc,2,▁nh|ãng,2,False,1.0,True,False,False
nhãng,nfd,3,▁nha|̃|ng,2.5|3,False,0.5,False,True,False
nhão,nfc,2,▁nh|ão,2,False,1.0,True,False,False
nhão,nfd,2,▁nha|̃o,2.5,False,0.0,False,False,False
nhè,nfc,2,▁nh|è,2,False,1.0,True,False,False
nhè,nfd,3,▁n|he|̀,1|2.5,False,0.0,False,True,False
nhèm,nfc,2,▁nh|èm,2,False,1.0,True,False,False
nhèm,nfd,4,▁n|he|̀|m,1|2.5|3,False,0.3333333333333333,False,True,False
nhèo,nfc,2,▁nh|èo,2,False,1.0,True,False,False
nhèo,nfd,4,▁n|he|̀|o,1|2.5|3,False,0.3333333333333333,False,True,False
nhé,nfc,1,▁nhé,,True,1.0,False,False,False
nhé,nfd,3,▁n|he|́,1|2.5,False,0.0,False,True,False
nhén,nfc,2,▁nh|én,2,False,1.0,True,False,False
nhén,nfd,3,▁n|he|́n,1|2.5,False,0.0,False,False,False
nhéo,nfc,2,▁nh|éo,2,False,1.0,True,False,False
nhéo,nfd,4,▁n|he|́|o,1|2.5|3,False,0.3333333333333333,False,True,False
nhép,nfc,2,▁nh|ép,2,False,1.0,True,False,False
nhép,nfd,4,▁n|he|́|p,1|2.5|3,False,0.3333333333333333,False,True,False
nhét,nfc,2,▁nh|ét,2,False,1.0,True,False,False
nhét,nfd,3,▁n|he|́t,1|2.5,False,0.0,False,False,False
nhênh,nfc,3,▁nh|ê|nh,2|3,False,1.0,True,False,False
nhênh,nfd,4,▁n|he|̂|nh,1|2.5|3,False,0.3333333333333333,False,False,False
nhì,nfc,2,▁nh|ì,2,False,1.0,True,False,False
nhì,nfd,2,▁nhi|̀,2.5,False,0.0,False,True,False
nhìn,nfc,1,▁nhìn,,True,1.0,False,False,False
nhìn,nfd,2,▁nhi|̀n,2.5,False,0.0,False,False,False
nhí,nfc,2,▁nh|í,2,False,1.0,True,False,False
nhí,nfd,2,▁nhi|́,2.5,False,0.0,False,True,False
nhía,nfc,2,▁nh|ía,2,False,1.0,True,False,False
nhía,nfd,3,▁nhi|́|a,2.5|3,False,0.0,False,True,False
nhích,nfc,2,▁nh|ích,2,False,1.0,True,False,False
nhích,nfd,3,▁nhi|́|ch,2.5|3,False,0.5,False,True,False
nhím,nfc,2,▁nh|ím,2,False,1.0,True,False,False
nhím,nfd,3,▁nhi|́|m,2.5|3,False,0.5,False,True,False
nhín,nfc,2,▁nh|ín,2,False,1.0,True,False,False
nhín,nfd,2,▁nhi|́n,2.5,False,0.0,False,False,False
nhíp,nfc,2,▁nh|íp,2,False,1.0,True,False,False
nhíp,nfd,3,▁nhi|́|p,2.5|3,False,0.5,False,True,False
nhít,nfc,2,▁nh|ít,2,False,1.0,True,False,False
nhít,nfd,2,▁nhi|́t,2.5,False,0.0,False,False,False
nhíu,nfc,2,▁nh|íu,2,False,1.0,True,False,False
nhíu,nfd,3,▁nhi|́|u,2.5|3,False,0.5,False,True,False
nhò,nfc,2,▁nh|ò,2,False,1.0,True,False,False
nhò,nfd,2,▁nho|̀,2.5,False,0.0,False,True,False
nhòm,nfc,2,▁nh|òm,2,False,1.0,True,False,False
nhòm,nfd,3,▁nho|̀|m,2.5|3,False,0.5,False,True,False
nhó,nfc,2,▁nh|ó,2,False,1.0,True,False,False
nhó,nfd,2,▁nho|́,2.5,False,0.0,False,True,False
nhóc,nfc,2,▁nh|óc,2,False,1.0,True,False,False
nhóc,nfd,2,▁nho|́c,2.5,False,0.0,False,False,False
nhói,nfc,2,▁nh|ói,2,False,1.0,True,False,False
nhói,nfd,2,▁nho|́i,2.5,False,0.0,False,False,False
nhóm,nfc,1,▁nhóm,,True,1.0,False,False,False
nhóm,nfd,3,▁nho|́|m,2.5|3,False,0.5,False,True,False
nhón,nfc,2,▁nh|ón,2,False,1.0,True,False,False
nhón,nfd,2,▁nho|́n,2.5,False,0.0,False,False,False
nhóng,nfc,2,▁nh|óng,2,False,1.0,True,False,False
nhóng,nfd,2,▁nho|́ng,2.5,False,0.0,False,False,False
nhóp,nfc,2,▁nh|óp,2,False,1.0,True,False,False
nhóp,nfd,3,▁nho|́|p,2.5|3,False,0.5,False,True,False
nhót,nfc,2,▁nh|ót,2,False,1.0,True,False,False
nhót,nfd,2,▁nho|́t,2.5,False,0.0,False,False,False
nhô,nfc,2,▁nh|ô,2,False,1.0,True,False,False
nhô,nfd,2,▁nho|̂,2.5,False,0.0,False,False,False
nhôi,nfc,2,▁nh|ôi,2,False,1.0,True,False,False
nhôi,nfd,3,▁nho|̂|i,2.5|3,False,0.5,False,False,False
nhôm,nfc,1,▁nhôm,,True,1.0,False,False,False
nhôm,nfd,3,▁nho|̂|m,2.5|3,False,0.5,False,False,False
nhôn,nfc,2,▁nh|ôn,2,False,1.0,True,False,False
nhôn,nfd,3,▁nho|̂|n,2.5|3,False,0.5,False,False,False
nhông,nfc,2,▁nh|ông,2,False,1.0,True,False,False
nhông,nfd,3,▁nho|̂|ng,2.5|3,False,0.5,False,False,False
nhõ,nfc,2,▁nh|õ,2,False,1.0,True,False,False
nhõ,nfd,2,▁nho|̃,2.5,False,0.0,False,True,False
nhõm,nfc,3,▁nh|õ|m,2|3,False,1.0,True,False,False
nhõm,nfd,3,▁nho|̃|m,2.5|3,False,0.5,False,True,False
nhõn,nfc,3,▁nh|õ|n,2|3,False,1.0,True,False,False
nhõn,nfd,3,▁nho|̃|n,2.5|3,False,0.5,False,True,False
nhù,nfc,2,▁nh|ù,2,False,1.0,True,False,False
nhù,nfd,2,▁nhu|̀,2.5,False,0.0,False,True,False
nhùi,nfc,2,▁nh|ùi,2,False,1.0,True,False,False
nhùi,nfd,2,▁nhu|̀i,2.5,False,0.0,False,False,False
nhùn,nfc,2,▁nh|ùn,2,False,1.0,True,False,False
nhùn,nfd,2,▁nhu|̀n,2.5,False,0.0,False,False,False
nhùng,nfc,2,▁nh|ùng,2,False,1.0,True,False,False
nhùng,nfd,2,▁nhu|̀ng,2.5,False,0.0,False,False,False
nhú,nfc,2,▁nh|ú,2,False,1.0,True,False,False
nhú,nfd,2,▁nhu|́,2.5,False,0.0,False,True,False
nhúa,nfc,2,▁nh|úa,2,False,1.0,True,False,False
nhúa,nfd,3,▁nhu|́|a,2.5|3,False,0.0,False,True,False
nhúc,nfc,2,▁nh|úc,2,False,1.0,True,False,False
nhúc,nfd,2,▁nhu|́c,2.5,False,0.0,False,False,False
nhúm,nfc,3,▁nh|ú|m,2|3,False,1.0,True,False,False
nhúm,nfd,3,▁nhu|́|m,2.5|3,False,0.5,False,True,False
nhún,nfc,2,▁nh|ún,2,False,1.0,True,False,False
nhún,nfd,2,▁nhu|́n,2.5,False,0.0,False,False,False
nhúng,nfc,2,▁nh|úng,2,False,1.0,True,False,False
nhúng,nfd,2,▁nhu|́ng,2.5,False,0.0,False,False,False
nhút,nfc,2,▁nh|út,2,False,1.0,True,False,False
nhút,nfd,2,▁nhu|́t,2.5,False,0.0,False,False,False
nhăm,nfc,2,▁nh|ăm,2,False,1.0,True,False,False
nhăm,nfd,3,▁nha|̆|m,2.5|3,False,0.5,False,False,False
nhăn,nfc,2,▁nh|ăn,2,False,1.0,True,False,False
nhăn,nfd,3,▁nha|̆|n,2.5|3,False,0.5,False,False,False
nhăng,nfc,2,▁nh|ăng,2,False,1.0,True,False,False
nhăng,nfd,3,▁nha|̆|ng,2.5|3,False,0.5,False,False,False
nhĩ,nfc,2,▁nh|ĩ,2,False,1.0,True,False,False
nhĩ,nfd,2,▁nhi|̃,2.5,False,0.0,False,True,False
nhũ,nfc,2,▁nh|ũ,2,False,1.0,True,False,False
nhũ,nfd,2,▁nhu|̃,2.5,False,0.0,False,True,False
nhũn,nfc,3,▁nh|ũ|n,2|3,False,1.0,True,False,False
nhũn,nfd,3,▁nhu|̃|n,2.5|3,False,0.5,False,True,False
nhũng,nfc,2,▁nh|ũng,2,False,1.0,True,False,False
nhũng,nfd,3,▁nhu|̃|ng,2.5|3,False,0.5,False,True,False
nhơ,nfc,2,▁nh|ơ,2,False,1.0,True,False,False
nhơ,nfd,2,▁nho|̛,2.5,False,0.0,False,False,False
nhơi,nfc,2,▁nh|ơi,2,False,1.0,True,False,False
nhơi,nfd,3,▁nho|̛|i,2.5|3,False,0.5,False,False,False
nhơm,nfc,2,▁nh|ơm,2,False,1.0,True,False,False
nhơm,nfd,3,▁nho|̛|m,2.5|3,False,0.5,False,False,False
nhơn,nfc,2,▁nh|ơn,2,False,1.0,True,False,False
nhơn,nfd,3,▁nho|̛|n,2.5|3,False,0.5,False,False,False
như,nfc,1,▁như,,True,1.0,False,False,False
như,nfd,2,▁nhu|̛,2.5,False,0.0,False,False,False
nhưng,nfc,1,▁nhưng,,True,1.0,False,False,False
nhưng,nfd,3,▁nhu|̛|ng,2.5|3,False,0.5,False,False,False
nhương,nfc,2,▁nh|ương,2,False,1.0,True,False,False
nhương,nfd,5,▁nhu|̛|o|̛|ng,2.5|3|3.5|4,False,0.25,False,False,False
nhướng,nfc,2,▁nh|ướng,2,False,1.0,True,False,False
nhướng,nfd,5,▁nhu|̛|o|̛|́ng,2.5|3|3.5|3.5,False,0.0,False,False,False
nhường,nfc,2,▁nh|ường,2,False,1.0,True,False,False
nhường,nfd,5,▁nhu|̛|o|̛|̀ng,2.5|3|3.5|3.5,False,0.0,False,False,False
nhưỡng,nfc,2,▁như|ỡng,3,False,0.0,False,False,False
nhưỡng,nfd,6,▁nhu|̛|o|̛|̃|ng,2.5|3|3.5|3.5|4,False,0.2,False,True,False
nhược,nfc,2,▁nh|ược,2,False,1.0,True,False,False
nhược,nfd,5,▁nhu|̛|o|̛|̣c,2.5|3|3.5|3.5,False,0.0,False,False,False
nhượng,nfc,2,▁nh|ượng,2,False,1.0,True,False,False
nhượng,nfd,5,▁nhu|̛|o|̛|̣ng,2.5|3|3.5|3.5,False,0.0,False,False,False
nhạc,nfc,1,▁nhạc,,True,1.0,False,False,False
nhạc,nfd,2,▁nha|̣c,2.5,False,0.0,False,False,False
nhạn,nfc,2,▁nh|ạn,2,False,1.0,True,False,False
nhạn,nfd,2,▁nha|̣n,2.5,False,0.0,False,False,False
nhạnh,nfc,2,▁nh|ạnh,2,False,1.0,True,False,False
nhạnh,nfd,3,▁nha|̣|nh,2.5|3,False,0.5,False,True,False
nhạo,nfc,2,▁nh|ạo,2,False,1.0,True,False,False
nhạo,nfd,3,▁nha|̣|o,2.5|3,False,0.5,False,True,False
nhạp,nfc,2,▁nh|ạp,2,False,1.0,True,False,False
nhạp,nfd,3,▁nha|̣|p,2.5|3,False,0.5,False,True,False
nhạt,nfc,2,▁nh|ạt,2,False,1.0,True,False,False
nhạt,nfd,2,▁nha|̣t,2.5,False,0.0,False,False,False
nhạy,nfc,2,▁nh|ạy,2,False,1.0,True,False,False
nhạy,nfd,3,▁nha|̣|y,2.5|3,False,0.5,False,True,False
nhả,nfc,2,▁nh|ả,2,False,1.0,True,False,False
nhả,nfd,2,▁nha|̉,2.5,False,0.0,False,True,False
nhải,nfc,2,▁nh|ải,2,False,1.0,True,False,False
nhải,nfd,3,▁nha|̉|i,2.5|3,False,0.5,False,True,False
nhảm,nfc,2,▁nh|ảm,2,False,1.0,True,False,False
nhảm,nfd,3,▁nha|̉|m,2.5|3,False,0.5,False,True,False
nhản,nfc,2,▁nh|ản,2,False,1.0,True,False,False
nhản,nfd,3,▁nha|̉|n,2.5|3,False,0.5,False,True,False
nhảnh,nfc,2,▁nh|ảnh,2,False,1.0,True,False,False
nhảnh,nfd,3,▁nha|̉|nh,2.5|3,False,0.5,False,True,False
nhảu,nfc,3,▁nh|ả|u,2|3,False,1.0,True,False,False
nhảu,nfd,3,▁nha|̉|u,2.5|3,False,0.5,False,True,False
nhảy,nfc,1,▁nhảy,,True,1.0,False,False,False
nhảy,nfd,3,▁nha|̉|y,2.5|3,False,0.5,False,True,False
nhấc,nfc,2,▁nh|ấc,2,False,1.0,True,False,False
nhấc,nfd,3,▁nha|̂|́c,2.5|2.5,False,0.0,False,False,False
nhấm,nfc,2,▁nh|ấm,2,False,1.0,True,False,False
nhấm,nfd,4,▁nha|̂|́|m,2.5|2.5|3,False,0.3333333333333333,False,True,False
nhấn,nfc,1,▁nhấn,,True,1.0,False,False,False
nhấn,nfd,3,▁nha|̂|́n,2.5|2.5,False,0.0,False,False,False
nhấp,nfc,2,▁nh|ấp,2,False,1.0,True,False,False
nhấp,nfd,4,▁nha|̂|́|p,2.5|2.5|3,False,0.3333333333333333,False,True,False
nhất,nfc,1,▁nhất,,True,1.0,False,False,False
nhất,nfd,3,▁nha|̂|́t,2.5|2.5,False,0.0,False,False,False
nhầm,nfc,2,▁nh|ầm,2,False,1.0,True,False,False
nhầm,nfd,4,▁nha|̂|̀|m,2.5|2.5|3,False,0.3333333333333333,False,True,False
nhần,nfc,2,▁nh|ần,2,False,1.0,True,False,False
nhần,nfd,3,▁nha|̂|̀n,2.5|2.5,False,0.0,False,False,False
nhầy,nfc,2,▁nh|ầy,2,False,1.0,True,False,False
nhầy,nfd,4,▁nha|̂|̀|y,2.5|2.5|3,False,0.3333333333333333,False,True,False
nhẩm,nfc,2,▁nh|ẩm,2,False,1.0,True,False,False
nhẩm,nfd,4,▁nha|̂|̉|m,2.5|2.5|3,False,0.3333333333333333,False,True,False
nhẫn,nfc,2,▁nh|ẫn,2,False,1.0,True,False,False
nhẫn,nfd,4,▁nha|̂|̃|n,2.5|2.5|3,False,0.3333333333333333,False,True,False
nhẫy,nfc,2,▁nh|ẫy,2,False,1.0,True,False,False
nhẫy,nfd,4,▁nha|̂|̃|y,2.5|2.5|3,False,0.3333333333333333,False,True,False
nhậm,nfc,2,▁nh|ậm,2,False,1.0,True,False,False
nhậm,nfd,4,▁nha|̣|̂|m,2.5|2.5|3,False,0.3333333333333333,False,True,False
nhận,nfc,1,▁nhận,,True,1.0,False,False,False
nhận,nfd,4,▁nha|̣|̂|n,2.5|2.5|3,False,0.3333333333333333,False,True,False
nhập,nfc,1,▁nhập,,True,1.0,False,False,False
nhập,nfd,4,▁nha|̣|̂|p,2.5|2.5|3,False,0.3333333333333333,False,True,False
nhật,nfc,1,▁nhật,,True,1.0,False,False,False
nhật,nfd,4,▁nha|̣|̂|t,2.5|2.5|3,False,0.3333333333333333,False,True,False
nhậu,nfc,2,▁nh|ậu,2,False,1.0,True,False,False
nhậu,nfd,4,▁nha|̣|̂|u,2.5|2.5|3,False,0.3333333333333333,False,True,False
nhậy,nfc,2,▁nh|ậy,2,False,1.0,True,False,False
nhậy,nfd,4,▁nha|̣|̂|y,2.5|2.5|3,False,0.3333333333333333,False,True,False
nhắc,nfc,1,▁nhắc,,True,1.0,False,False,False
nhắc,nfd,3,▁nha|̆|́c,2.5|2.5,False,0.0,False,False,False
nhắm,nfc,2,▁nh|ắm,2,False,1.0,True,False,False
nhắm,nfd,4,▁nha|̆|́|m,2.5|2.5|3,False,0.3333333333333333,False,True,False
nhắn,nfc,1,▁nhắn,,True,1.0,False,False,False
nhắn,nfd,3,▁nha|̆|́n,2.5|2.5,False,0.0,False,False,False
nhắng,nfc,2,▁nh|ắng,2,False,1.0,True,False,False
nhắng,nfd,3,▁nha|̆|́ng,2.5|2.5,False,0.0,False,False,False
nhắp,nfc,2,▁nh|ắp,2,False,1.0,True,False,False
nhắp,nfd,4,▁nha|̆|́|p,2.5|2.5|3,False,0.3333333333333333,False,True,False
nhắt,nfc,2,▁nh|ắt,2,False,1.0,True,False,False
nhắt,nfd,3,▁nha|̆|́t,2.5|2.5,False,0.0,False,False,False
nhằm,nfc,1,▁nhằm,,True,1.0,False,False,False
nhằm,nfd,4,▁nha|̆|̀|m,2.5|2.5|3,False,0.3333333333333333,False,True,False
nhằn,nfc,3,▁nh|ằ|n,2|3,False,1.0,True,False,False
nhằn,nfd,3,▁nha|̆|̀n,2.5|2.5,False,0.0,False,False,False
nhằng,nfc,2,▁nh|ằng,2,False,1.0,True,False,False
nhằng,nfd,3,▁nha|̆|̀ng,2.5|2.5,False,0.0,False,False,False
nhẳn,nfc,2,▁nh|ẳn,2,False,1.0,True,False,False
nhẳn,nfd,4,▁nha|̆|̉|n,2.5|2.5|3,False,0.3333333333333333,False,True,False
nhẳng,nfc,2,▁nh|ẳng,2,False,1.0,True,False,False
nhẳng,nfd,4,▁nha|̆|̉|ng,2.5|2.5|3,False,0.3333333333333333,False,True,False
nhẵn,nfc,2,▁nh|ẵn,2,False,1.0,True,False,False
nhẵn,nfd,4,▁nha|̆|̃|n,2.5|2.5|3,False,0.3333333333333333,False,True,False
nhẵng,nfc,2,▁nh|ẵng,2,False,1.0,True,False,False
nhẵng,nfd,4,▁nha|̆|̃|ng,2.5|2.5|3,False,0.3333333333333333,False,True,False
nhặm,nfc,3,▁nh|ặ|m,2|3,False,1.0,True,False,False
nhặm,nfd,4,▁nha|̣|̆|m,2.5|2.5|3,False,0.3333333333333333,False,True,False
nhặn,nfc,2,▁nh|ặn,2,False,1.0,True,False,False
nhặn,nfd,4,▁nha|̣|̆|n,2.5|2.5|3,False,0.3333333333333333,False,True,False
nhặng,nfc,2,▁nh|ặng,2,False,1.0,True,False,False
nhặng,nfd,4,▁nha|̣|̆|ng,2.5|2.5|3,False,0.3333333333333333,False,True,False
nhặt,nfc,2,▁nh|ặt,2,False,1.0,True,False,False
nhặt,nfd,4,▁nha|̣|̆|t,2.5|2.5|3,False,0.3333333333333333,False,True,False
nhẹ,nfc,1,▁nhẹ,,True,1.0,False,False,False
nhẹ,nfd,3,▁n|he|̣,1|2.5,False,0.0,False,True,False
nhẹm,nfc,2,▁nhẹ|m,3,False,1.0,False,False,False
nhẹm,nfd,4,▁n|he|̣|m,1|2.5|3,False,0.3333333333333333,False,True,False
nhẹn,nfc,2,▁nhẹ|n,3,False,1.0,False,False,False
nhẹn,nfd,3,▁n|he|̣n,1|2.5,False,0.0,False,False,False
nhẹo,nfc,2,▁nhẹ|o,3,False,1.0,False,False,False
nhẹo,nfd,4,▁n|he|̣|o,1|2.5|3,False,0.3333333333333333,False,True,False
nhẹp,nfc,2,▁nh|ẹp,2,False,1.0,True,False,False
nhẹp,nfd,4,▁n|he|̣|p,1|2.5|3,False,0.3333333333333333,False,True,False
nhẹt,nfc,2,▁nhẹ|t,3,False,1.0,False,False,False
nhẹt,nfd,3,▁n|he|̣t,1|2.5,False,0.0,False,False,False
nhẻ,nfc,2,▁nh|ẻ,2,False,1.0,True,False,False
nhẻ,nfd,3,▁n|he|̉,1|2.5,False,0.0,False,True,False
nhẻm,nfc,3,▁nh|ẻ|m,2|3,False,1.0,True,False,False
nhẻm,nfd,4,▁n|he|̉|m,1|2.5|3,False,0.3333333333333333,False,True,False
nhẽ,nfc,2,▁nh|ẽ,2,False,1.0,True,False,False
nhẽ,nfd,3,▁n|he|̃,1|2.5,False,0.0,False,True,False
nhẽo,nfc,3,▁nh|ẽ|o,2|3,False,1.0,True,False,False
nhẽo,nfd,3,▁n|he|̃o,1|2.5,False,0.0,False,False,False
nhện,nfc,2,▁nh|ện,2,False,1.0,True,False,False
nhện,nfd,5,▁n|he|̣|̂|n,1|2.5|2.5|3,False,0.25,False,True,False
nhệu,nfc,2,▁nh|ệu,2,False,1.0,True,False,False
nhệu,nfd,5,▁n|he|̣|̂|u,1|2.5|2.5|3,False,0.25,False,True,False
nhỉ,nfc,2,▁nh|ỉ,2,False,1.0,True,False,False
nhỉ,nfd,2,▁nhi|̉,2.5,False,0.0,False,True,False
nhỉnh,nfc,2,▁nh|ỉnh,2,False,1.0,True,False,False
nhỉnh,nfd,3,▁nhi|̉|nh,2.5|3,False,0.5,False,True,False
nhị,nfc,2,▁nh|ị,2,False,1.0,True,False,False
nhị,nfd,2,▁nhi|̣,2.5,False,0.0,False,True,False
nhịn,nfc,2,▁nh|ịn,2,False,1.0,True,False,False
nhịn,nfd,2,▁nhi|̣n,2.5,False,0.0,False,False,False
nhịp,nfc,2,▁nh|ịp,2,False,1.0,True,False,False
nhịp,nfd,3,▁nhi|̣|p,2.5|3,False,0.5,False,True,False
nhịt,nfc,2,▁nh|ịt,2,False,1.0,True,False,False
nhịt,nfd,2,▁nhi|̣t,2.5,False,0.0,False,False,False
nhịu,nfc,3,▁nh|ị|u,2|3,False,1.0,True,False,False
nhịu,nfd,3,▁nhi|̣|u,2.5|3,False,0.5,False,True,False
nhọ,nfc,2,▁nh|ọ,2,False,1.0,True,False,False
nhọ,nfd,2,▁nho|̣,2.5,False,0.0,False,True,False
nhọc,nfc,2,▁nh|ọc,2,False,1.0,True,False,False
nhọc,nfd,2,▁nho|̣c,2.5,False,0.0,False,False,False
nhọn,nfc,2,▁nh|ọn,2,False,1.0,True,False,False
nhọn,nfd,2,▁nho|̣n,2.5,False,0.0,False,False,False
nhọt,nfc,2,▁nh|ọt,2,False,1.0,True,False,False
nhọt,nfd,2,▁nho|̣t,2.5,False,0.0,False,False,False
nhỏ,nfc,1,▁nhỏ,,True,1.0,False,False,False
nhỏ,nfd,2,▁nho|̉,2.5,False,0.0,False,True,False
nhỏm,nfc,2,▁nhỏ|m,3,False,1.0,False,False,False
nhỏm,nfd,3,▁nho|̉|m,2.5|3,False,0.5,False,True,False
nhỏng,nfc,2,▁nhỏ|ng,3,False,1.0,False,False,False
nhỏng,nfd,3,▁nho|̉|ng,2.5|3,False,0.5,False,True,False
nhố,nfc,2,▁nh|ố,2,False,1.0,True,False,False
nhố,nfd,3,▁nho|̂|́,2.5|2.5,False,0.0,False,True,False
nhốc,nfc,2,▁nh|ốc,2,False,1.0,True,False,False
nhốc,nfd,3,▁nho|̂|́c,2.5|2.5,False,0.0,False,False,False
nhối,nfc,2,▁nh|ối,2,False,1.0,True,False,False
nhối,nfd,3,▁nho|̂|́i,2.5|2.5,False,0.0,False,False,False
nhốn,nfc,2,▁nh|ốn,2,False,1.0,True,False,False
nhốn,nfd,3,▁nho|̂|́n,2.5|2.5,False,0.0,False,False,False
nhốt,nfc,2,▁nh|ốt,2,False,1.0,True,False,False
nhốt,nfd,3,▁nho|̂|́t,2.5|2.5,False,0.0,False,False,False
nhồi,nfc,2,▁nh|ồi,2,False,1.0,True,False,False
nhồi,nfd,3,▁nho|̂|̀i,2.5|2.5,False,0.0,False,False,False
nhồm,nfc,2,▁nh|ồm,2,False,1.0,True,False,False
nhồm,nfd,4,▁nho|̂|̀|m,2.5|2.5|3,False,0.3333333333333333,False,True,False
nhồn,nfc,2,▁nh|ồn,2,False,1.0,True,False,False
nhồn,nfd,3,▁nho|̂|̀n,2.5|2.5,False,0.0,False,False,False
nhồng,nfc,2,▁nh|ồng,2,False,1.0,True,False,False
nhồng,nfd,3,▁nho|̂|̀ng,2.5|2.5,False,0.0,False,False,False
nhổ,nfc,2,▁nh|ổ,2,False,1.0,True,False,False
nhổ,nfd,3,▁nho|̂|̉,2.5|2.5,False,0.0,False,True,False
nhổm,nfc,3,▁nh|ổ|m,2|3,False,1.0,True,False,False
nhổm,nfd,4,▁nho|̂|̉|m,2.5|2.5|3,False,0.3333333333333333,False,True,False
nhổn,nfc,3,▁nh|ổ|n,2|3,False,1.0,True,False,False
nhổn,nfd,4,▁nho|̂|̉|n,2.5|2.5|3,False,0.3333333333333333,False,True,False
nhộn,nfc,2,▁nh|ộn,2,False,1.0,True,False,False
nhộn,nfd,4,▁nho|̣|̂|n,2.5|2.5|3,False,0.3333333333333333,False,True,False
nhộng,nfc,2,▁nh|ộng,2,False,1.0,True,False,False
nhộng,nfd,4,▁nho|̣|̂|ng,2.5|2.5|3,False,0.3333333333333333,False,True,False
nhột,nfc,2,▁nh|ột,2,False,1.0,True,False,False
nhột,nfd,4,▁nho|̣|̂|t,2.5|2.5|3,False,0.3333333333333333,False,True,False
nhớ,nfc,1,▁nhớ,,True,1.0,False,False,False
nhớ,nfd,3,▁nho|̛|́,2.5|2.5,False,0.0,False,True,False
nhớm,nfc,2,▁nhớ|m,3,False,1.0,False,False,False
nhớm,nfd,4,▁nho|̛|́|m,2.5|2.5|3,False,0.3333333333333333,False,True,False
nhớn,nfc,2,▁nhớ|n,3,False,1.0,False,False,False
nhớn,nfd,3,▁nho|̛|́n,2.5|2.5,False,0.0,False,False,False
nhớp,nfc,2,▁nhớ|p,3,False,1.0,False,False,False
nhớp,nfd,4,▁nho|̛|́|p,2.5|2.5|3,False,0.3333333333333333,False,True,False
nhớt,nfc,2,▁nhớ|t,3,False,1.0,False,False,False
nhớt,nfd,3,▁nho|̛|́t,2.5|2.5,False,0.0,False,False,False
nhờ,nfc,1,▁nhờ,,True,1.0,False,False,False
nhờ,nfd,3,▁nho|̛|̀,2.5|2.5,False,0.0,False,True,False
nhời,nfc,2,▁nh|ời,2,False,1.0,True,False,False
nhời,nfd,3,▁nho|̛|̀i,2.5|2.5,False,0.0,False,False,False
nhờn,nfc,2,▁nhờ|n,3,False,1.0,False,False,False
nhờn,nfd,3,▁nho|̛|̀n,2.5|2.5,False,0.0,False,False,False
nhở,nfc,2,▁nh|ở,2,False,1.0,True,False,False
nhở,nfd,3,▁nho|̛|̉,2.5|2.5,False,0.0,False,True,False
nhởn,nfc,3,▁nh|ở|n,2|3,False,1.0,True,False,False
nhởn,nfd,4,▁nho|̛|̉|n,2.5|2.5|3,False,0.3333333333333333,False,True,False
nhỡ,nfc,2,▁nh|ỡ,2,False,1.0,True,False,False
nhỡ,nfd,3,▁nho|̛|̃,2.5|2.5,False,0.0,False,True,False
nhợ,nfc,2,▁nh|ợ,2,False,1.0,True,False,False
nhợ,nfd,3,▁nho|̛|̣,2.5|2.5,False,0.0,False,True,False
nhợt,nfc,2,▁nh|ợt,2,False,1.0,True,False,False
nhợt,nfd,3,▁nho|̛|̣t,2.5|2.5,False,0.0,False,False,False
nhụ,nfc,2,▁nh|ụ,2,False,1.0,True,False,False
nhụ,nfd,2,▁nhu|̣,2.5,False,0.0,False,True,False
nhụa,nfc,3,▁nh|ụ|a,2|3,False,0.5,True,False,False
nhụa,nfd,3,▁nhu|̣|a,2.5|3,False,0.0,False,True,False
nhục,nfc,2,▁nh|ục,2,False,1.0,True,False,False
nhục,nfd,2,▁nhu|̣c,2.5,False,0.0,False,False,False
nhụi,nfc,3,▁nh|ụ|i,2|3,False,1.0,True,False,False
nhụi,nfd,2,▁nhu|̣i,2.5,False,0.0,False,False,False
nhụng,nfc,2,▁nh|ụng,2,False,1.0,True,False,False
nhụng,nfd,2,▁nhu|̣ng,2.5,False,0.0,False,False,False
nhụt,nfc,3,▁nh|ụ|t,2|3,False,1.0,True,False,False
nhụt,nfd,2,▁nhu|̣t,2.5,False,0.0,False,False,False
nhủ,nfc,2,▁nh|ủ,2,False,1.0,True,False,False
nhủ,nfd,2,▁nhu|̉,2.5,False,0.0,False,True,False
nhủi,nfc,2,▁nh|ủi,2,False,1.0,True,False,False
nhủi,nfd,3,▁nhu|̉|i,2.5|3,False,0.5,False,True,False
nhủn,nfc,3,▁nh|ủ|n,2|3,False,1.0,True,False,False
nhủn,nfd,3,▁nhu|̉|n,2.5|3,False,0.5,False,True,False
nhứ,nfc,2,▁nh|ứ,2,False,1.0,True,False,False
nhứ,nfd,3,▁nhu|̛|́,2.5|2.5,False,0.0,False,True,False
nhức,nfc,2,▁nh|ức,2,False,1.0,True,False,False
nhức,nfd,3,▁nhu|̛|́c,2.5|2.5,False,0.0,False,False,False
nhứt,nfc,2,▁nh|ứt,2,False,1.0,True,False,False
nhứt,nfd,3,▁nhu|̛|́t,2.5|2.5,False,0.0,False,False,False
nhừ,nfc,2,▁nh|ừ,2,False,1.0,True,False,False
nhừ,nfd,3,▁nhu|̛|̀,2.5|2.5,False,0.0,False,True,False
nhử,nfc,2,▁nh|ử,2,False,1.0,True,False,False
nhử,nfd,3,▁nhu|̛|̉,2.5|2.5,False,0.0,False,True,False
nhửng,nfc,3,▁nh|ử|ng,2|3,False,1.0,True,False,False
nhửng,nfd,4,▁nhu|̛|̉|ng,2.5|2.5|3,False,0.3333333333333333,False,True,False
những,nfc,1,▁những,,True,1.0,False,False,False
những,nfd,4,▁nhu|̛|̃|ng,2.5|2.5|3,False,0.3333333333333333,False,True,False
nhự,nfc,2,▁nh|ự,2,False,1.0,True,False,False
nhự,nfd,3,▁nhu|̛|̣,2.5|2.5,False,0.0,False,True,False
nhựa,nfc,1,▁nhựa,,True,1.0,False,False,False
nhựa,nfd,4,▁nhu|̛|̣|a,2.5|2.5|3,False,0.0,False,True,False
nhựt,nfc,3,▁nh|ự|t,2|3,False,1.0,True,False,False
nhựt,nfd,3,▁nhu|̛|̣t,2.5|2.5,False,0.0,False,False,False
ni,nfc,1,▁ni,,True,1.0,False,False,False
ni,nfd,1,▁ni,,True,1.0,False,False,False
nia,nfc,1,▁nia,,True,1.0,False,False,False
nia,nfd,1,▁nia,,True,1.0,False,False,False
nin,nfc,1,▁nin,,True,1.0,False,False,False
nin,nfd,1,▁nin,,True,1.0,False,False,False
ninh,nfc,1,▁ninh,,True,1.0,False,False,False
ninh,nfd,1,▁ninh,,True,1.0,False,False,False
niu,nfc,2,▁ni|u,2,False,1.0,False,False,False
niu,nfd,2,▁ni|u,2,False,1.0,False,False,False
niêm,nfc,2,▁ni|êm,2,False,0.0,False,False,False
niêm,nfd,3,▁nie|̂|m,2.5|3,False,0.5,False,False,False
niên,nfc,1,▁niên,,True,1.0,False,False,False
niên,nfd,3,▁nie|̂|n,2.5|3,False,0.5,False,False,False
niêu,nfc,2,▁ni|êu,2,False,0.0,False,False,False
niêu,nfd,3,▁nie|̂|u,2.5|3,False,0.5,False,False,False
niết,nfc,2,▁ni|ết,2,False,0.0,False,False,False
niết,nfd,3,▁nie|̂|́t,2.5|2.5,False,0.0,False,False,False
niềm,nfc,1,▁niềm,,True,1.0,False,False,False
niềm,nfd,4,▁nie|̂|̀|m,2.5|2.5|3,False,0.3333333333333333,False,True,False
niền,nfc,2,▁ni|ền,2,False,0.0,False,False,False
niền,nfd,3,▁nie|̂|̀n,2.5|2.5,False,0.0,False,False,False
niềng,nfc,3,▁ni|ề|ng,2|3,False,0.5,False,False,False
niềng,nfd,3,▁nie|̂|̀ng,2.5|2.5,False,0.0,False,False,False
niễng,nfc,3,▁ni|ễ|ng,2|3,False,0.5,False,False,False
niễng,nfd,4,▁nie|̂|̃|ng,2.5|2.5|3,False,0.3333333333333333,False,True,False
niệm,nfc,1,▁niệm,,True,1.0,False,False,False
niệm,nfd,4,▁nie|̣|̂|m,2.5|2.5|3,False,0.3333333333333333,False,True,False
niệt,nfc,2,▁ni|ệt,2,False,0.0,False,False,False
niệt,nfd,4,▁nie|̣|̂|t,2.5|2.5|3,False,0.3333333333333333,False,True,False
niệu,nfc,2,▁ni|ệu,2,False,0.0,False,False,False
niệu,nfd,4,▁nie|̣|̂|u,2.5|2.5|3,False,0.3333333333333333,False,True,False
no,nfc,1,▁no,,True,1.0,False,False,False
no,nfd,1,▁no,,True,1.0,False,False,False
noa,nfc,2,▁no|a,2,False,1.0,False,False,False
noa,nfd,2,▁no|a,2,False,1.0,False,False,False
noi,nfc,1,▁noi,,True,1.0,False,False,False
noi,nfd,1,▁noi,,True,1.0,False,False,False
nom,nfc,1,▁nom,,True,1.0,False,False,False
nom,nfd,1,▁nom,,True,1.0,False,False,False
non,nfc,1,▁non,,True,1.0,False,False,False
non,nfd,1,▁non,,True,1.0,False,False,False
nong,nfc,1,▁nong,,True,1.0,False,False,False
nong,nfd,1,▁nong,,True,1.0,False,False,False
noãn,nfc,2,▁no|ãn,2,False,1.0,False,False,False
noãn,nfd,4,▁no|a|̃|n,2|2.5|3,False,0.6666666666666666,False,True,False
nua,nfc,2,▁n|ua,1,False,1.0,True,False,False
nua,nfd,2,▁n|ua,1,False,1.0,True,False,False
nung,nfc,1,▁nung,,True,1.0,False,False,False
nung,nfd,1,▁nung,,True,1.0,False,False,False
nuôi,nfc,1,▁nuôi,,True,1.0,False,False,False
nuôi,nfd,3,▁nuo|̂|i,2.5|3,False,0.5,False,False,False
nuông,nfc,2,▁nu|ông,2,False,0.0,False,False,False
nuông,nfd,3,▁nuo|̂|ng,2.5|3,False,0.5,False,False,False
nuốc,nfc,2,▁nu|ốc,2,False,0.0,False,False,False
nuốc,nfd,3,▁nuo|̂|́c,2.5|2.5,False,0.0,False,False,False
nuối,nfc,2,▁nu|ối,2,False,0.0,False,False,False
nuối,nfd,3,▁nuo|̂|́i,2.5|2.5,False,0.0,False,False,False
nuốm,nfc,2,▁nu|ốm,2,False,0.0,False,False,False
nuốm,nfd,4,▁nuo|̂|́|m,2.5|2.5|3,False,0.3333333333333333,False,True,False
nuốt,nfc,2,▁nu|ốt,2,False,0.0,False,False,False
nuốt,nfd,3,▁nuo|̂|́t,2.5|2.5,False,0.0,False,False,False
nuộc,nfc,2,▁nu|ộc,2,False,0.0,False,False,False
nuộc,nfd,4,▁nuo|̣|̂|c,2.5|2.5|3,False,0.3333333333333333,False,True,False
nuột,nfc,2,▁nu|ột,2,False,0.0,False,False,False
nuột,nfd,4,▁nuo|̣|̂|t,2.5|2.5|3,False,0.3333333333333333,False,True,False
nà,nfc,2,▁n|à,1,False,1.0,True,False,False
nà,nfd,2,▁na|̀,1.5,False,0.0,False,True,False
nài,nfc,2,▁n|ài,1,False,1.0,True,False,False
nài,nfd,2,▁na|̀i,1.5,False,0.0,False,False,False
nàn,nfc,2,▁n|àn,1,False,1.0,True,False,False
nàn,nfd,2,▁na|̀n,1.5,False,0.0,False,False,False
nàng,nfc,1,▁nàng,,True,1.0,False,False,False
nàng,nfd,2,▁na|̀ng,1.5,False,0.0,False,False,False
nành,nfc,2,▁n|ành,1,False,1.0,True,False,False
nành,nfd,2,▁na|̀nh,1.5,False,0.0,False,False,False
nào,nfc,1,▁nào,,True,1.0,False,False,False
nào,nfd,3,▁na|̀|o,1.5|2,False,0.5,False,True,False
này,nfc,1,▁này,,True,1.0,False,False,False
này,nfd,3,▁na|̀|y,1.5|2,False,0.5,False,True,False
ná,nfc,1,▁ná,,True,1.0,False,False,False
ná,nfd,2,▁na|́,1.5,False,0.0,False,True,False
nác,nfc,2,▁n|ác,1,False,1.0,True,False,False
nác,nfd,2,▁na|́c,1.5,False,0.0,False,False,False
nách,nfc,2,▁n|ách,1,False,1.0,True,False,False
nách,nfd,3,▁na|́|ch,1.5|2,False,0.5,False,True,False
nái,nfc,2,▁n|ái,1,False,1.0,True,False,False
nái,nfd,2,▁na|́i,1.5,False,0.0,False,False,False
nám,nfc,1,▁nám,,True,1.0,False,False,False
nám,nfd,3,▁na|́|m,1.5|2,False,0.5,False,True,False
nán,nfc,2,▁n|án,1,False,1.0,True,False,False
nán,nfd,2,▁na|́n,1.5,False,0.0,False,False,False
náng,nfc,2,▁n|áng,1,False,1.0,True,False,False
náng,nfd,2,▁na|́ng,1.5,False,0.0,False,False,False
nánh,nfc,2,▁ná|nh,2,False,1.0,False,False,False
nánh,nfd,3,▁na|́|nh,1.5|2,False,0.5,False,True,False
náo,nfc,2,▁ná|o,2,False,1.0,False,False,False
náo,nfd,3,▁na|́|o,1.5|2,False,0.5,False,True,False
nát,nfc,2,▁n|át,1,False,1.0,True,False,False
nát,nfd,2,▁na|́t,1.5,False,0.0,False,False,False
náu,nfc,2,▁ná|u,2,False,1.0,False,False,False
náu,nfd,3,▁na|́|u,1.5|2,False,0.5,False,True,False
náy,nfc,2,▁ná|y,2,False,1.0,False,False,False
náy,nfd,3,▁na|́|y,1.5|2,False,0.5,False,True,False
nân,nfc,2,▁n|ân,1,False,1.0,True,False,False
nân,nfd,3,▁na|̂|n,1.5|2,False,0.5,False,False,False
nâng,nfc,1,▁nâng,,True,1.0,False,False,False
nâng,nfd,3,▁na|̂|ng,1.5|2,False,0.5,False,False,False
nâu,nfc,1,▁nâu,,True,1.0,False,False,False
nâu,nfd,3,▁na|̂|u,1.5|2,False,0.5,False,False,False
nây,nfc,2,▁n|ây,1,False,1.0,True,False,False
nây,nfd,3,▁na|̂|y,1.5|2,False,0.5,False,False,False
nã,nfc,2,▁n|ã,1,False,1.0,True,False,False
nã,nfd,2,▁na|̃,1.5,False,0.0,False,True,False
não,nfc,1,▁não,,True,1.0,False,False,False
não,nfd,2,▁na|̃o,1.5,False,0.0,False,False,False
nãy,nfc,2,▁n|ãy,1,False,1.0,True,False,False
nãy,nfd,3,▁na|̃|y,1.5|2,False,0.5,False,True,False
nè,nfc,1,▁nè,,True,1.0,False,False,False
nè,nfd,2,▁ne|̀,1.5,False,0.0,False,True,False
nèo,nfc,2,▁n|èo,1,False,1.0,True,False,False
nèo,nfd,3,▁ne|̀|o,1.5|2,False,0.5,False,True,False
né,nfc,1,▁né,,True,1.0,False,False,False
né,nfd,2,▁ne|́,1.5,False,0.0,False,True,False
ném,nfc,2,▁n|ém,1,False,1.0,True,False,False
ném,nfd,3,▁ne|́|m,1.5|2,False,0.5,False,True,False
nén,nfc,1,▁nén,,True,1.0,False,False,False
nén,nfd,2,▁ne|́n,1.5,False,0.0,False,False,False
néo,nfc,2,▁né|o,2,False,1.0,False,False,False
néo,nfd,3,▁ne|́|o,1.5|2,False,0.5,False,True,False
nép,nfc,1,▁nép,,True,1.0,False,False,False
nép,nfd,3,▁ne|́|p,1.5|2,False,0.5,False,True,False
nét,nfc,1,▁nét,,True,1.0,False,False,False
nét,nfd,2,▁ne|́t,1.5,False,0.0,False,False,False
nê,nfc,2,▁n|ê,1,False,1.0,True,False,False
nê,nfd,2,▁ne|̂,1.5,False,0.0,False,False,False
nêm,nfc,2,▁n|êm,1,False,1.0,True,False,False
nêm,nfd,3,▁ne|̂|m,1.5|2,False,0.5,False,False,False
nên,nfc,1,▁nên,,True,1.0,False,False,False
nên,nfd,3,▁ne|̂|n,1.5|2,False,0.5,False,False,False
nêu,nfc,2,▁n|êu,1,False,1.0,True,False,False
nêu,nfd,3,▁ne|̂|u,1.5|2,False,0.5,False,False,False
nì,nfc,2,▁n|ì,1,False,1.0,True,False,False
nì,nfd,2,▁ni|̀,1.5,False,0.0,False,True,False
nình,nfc,2,▁n|ình,1,False,1.0,True,False,False
nình,nfd,2,▁ni|̀nh,1.5,False,0.0,False,False,False
ních,nfc,2,▁n|ích,1,False,1.0,True,False,False
ních,nfd,3,▁ni|́|ch,1.5|2,False,0.5,False,True,False
nín,nfc,2,▁n|ín,1,False,1.0,True,False,False
nín,nfd,2,▁ni|́n,1.5,False,0.0,False,False,False
nính,nfc,2,▁n|ính,1,False,1.0,True,False,False
nính,nfd,3,▁ni|́|nh,1.5|2,False,0.5,False,True,False
níp,nfc,2,▁ní|p,2,False,1.0,False,False,False
níp,nfd,3,▁ni|́|p,1.5|2,False,0.5,False,True,False
nít,nfc,2,▁n|ít,1,False,1.0,True,False,False
nít,nfd,2,▁ni|́t,1.5,False,0.0,False,False,False
níu,nfc,2,▁ní|u,2,False,1.0,False,False,False
níu,nfd,3,▁ni|́|u,1.5|2,False,0.5,False,True,False
nò,nfc,2,▁n|ò,1,False,1.0,True,False,False
nò,nfd,2,▁no|̀,1.5,False,0.0,False,True,False
nòi,nfc,2,▁n|òi,1,False,1.0,True,False,False
nòi,nfd,2,▁no|̀i,1.5,False,0.0,False,False,False
nòng,nfc,2,▁n|òng,1,False,1.0,True,False,False
nòng,nfd,2,▁no|̀ng,1.5,False,0.0,False,False,False
nó,nfc,1,▁nó,,True,1.0,False,False,False
nó,nfd,2,▁no|́,1.5,False,0.0,False,True,False
nóc,nfc,2,▁nó|c,2,False,1.0,False,False,False
nóc,nfd,2,▁no|́c,1.5,False,0.0,False,False,False
nói,nfc,1,▁nói,,True,1.0,False,False,False
nói,nfd,2,▁no|́i,1.5,False,0.0,False,False,False
nón,nfc,2,▁n|ón,1,False,1.0,True,False,False
nón,nfd,2,▁no|́n,1.5,False,0.0,False,False,False
nóng,nfc,1,▁nóng,,True,1.0,False,False,False
nóng,nfd,2,▁no|́ng,1.5,False,0.0,False,False,False
nót,nfc,2,▁nó|t,2,False,1.0,False,False,False
nót,nfd,2,▁no|́t,1.5,False,0.0,False,False,False
nô,nfc,1,▁nô,,True,1.0,False,False,False
nô,nfd,2,▁no|̂,1.5,False,0.0,False,False,False
nôi,nfc,2,▁n|ôi,1,False,1.0,True,False,False
nôi,nfd,3,▁no|̂|i,1.5|2,False,0.5,False,False,False
nôm,nfc,2,▁n|ôm,1,False,1.0,True,False,False
nôm,nfd,3,▁no|̂|m,1.5|2,False,0.5,False,False,False
nôn,nfc,2,▁n|ôn,1,False,1.0,True,False,False
nôn,nfd,3,▁no|̂|n,1.5|2,False,0.5,False,False,False
nông,nfc,1,▁nông,,True,1.0,False,False,False
nông,nfd,3,▁no|̂|ng,1.5|2,False,0.5,False,False,False
nõ,nfc,1,▁nõ,,True,1.0,False,False,False
nõ,nfd,2,▁no|̃,1.5,False,0.0,False,True,False
nõn,nfc,2,▁nõ|n,2,False,1.0,False,False,False
nõn,nfd,3,▁no|̃|n,1.5|2,False,0.5,False,True,False
nùi,nfc,2,▁n|ùi,1,False,1.0,True,False,False
nùi,nfd,2,▁nu|̀i,1.5,False,0.0,False,False,False
nùn,nfc,2,▁n|ùn,1,False,1.0,True,False,False
nùn,nfd,2,▁nu|̀n,1.5,False,0.0,False,False,False
nùng,nfc,2,▁n|ùng,1,False,1.0,True,False,False
nùng,nfd,2,▁nu|̀ng,1.5,False,0.0,False,False,False
núc,nfc,2,▁n|úc,1,False,1.0,True,False,False
núc,nfd,2,▁nu|́c,1.5,False,0.0,False,False,False
núi,nfc,1,▁núi,,True,1.0,False,False,False
núi,nfd,2,▁nu|́i,1.5,False,0.0,False,False,False
núm,nfc,1,▁núm,,True,1.0,False,False,False
núm,nfd,3,▁nu|́|m,1.5|2,False,0.5,False,True,False
núng,nfc,2,▁n|úng,1,False,1.0,True,False,False
núng,nfd,2,▁nu|́ng,1.5,False,0.0,False,False,False
núp,nfc,2,▁n|úp,1,False,1.0,True,False,False
núp,nfd,3,▁nu|́|p,1.5|2,False,0.5,False,True,False
nút,nfc,1,▁nút,,True,1.0,False,False,False
nút,nfd,2,▁nu|́t,1.5,False,0.0,False,False,False
năm,nfc,1,▁năm,,True,1.0,False,False,False
năm,nfd,3,▁na|̆|m,1.5|2,False,0.5,False,False,False
năn,nfc,2,▁n|ăn,1,False,1.0,True,False,False
năn,nfd,3,▁na|̆|n,1.5|2,False,0.5,False,False,False
năng,nfc,1,▁năng,,True,1.0,False,False,False
năng,nfd,3,▁na|̆|ng,1.5|2,False,0.5,False,False,False
nĩa,nfc,2,▁n|ĩa,1,False,1.0,True,False,False
nĩa,nfd,3,▁ni|̃|a,1.5|2,False,0.0,False,True,False
nũng,nfc,2,▁n|ũng,1,False,1.0,True,False,False
nũng,nfd,3,▁nu|̃|ng,1.5|2,False,0.5,False,True,False
nơ,nfc,2,▁n|ơ,1,False,1.0,True,False,False
nơ,nfd,2,▁no|̛,1.5,False,0.0,False,False,False
nơi,nfc,1,▁nơi,,True,1.0,False,False,False
nơi,nfd,3,▁no|̛|i,1.5|2,False,0.5,False,False,False
nơm,nfc,2,▁n|ơm,1,False,1.0,True,False,False
nơm,nfd,3,▁no|̛|m,1.5|2,False,0.5,False,False,False
nư,nfc,2,▁n|ư,1,False,1.0,True,False,False
nư,nfd,2,▁nu|̛,1.5,False,0.0,False,False,False
nưa,nfc,2,▁n|ưa,1,False,1.0,True,False,False
nưa,nfd,3,▁nu|̛|a,1.5|2,False,0.0,False,False,False
nưng,nfc,2,▁n|ưng,1,False,1.0,True,False,False
nưng,nfd,3,▁nu|̛|ng,1.5|2,False,0.5,False,False,False
nương,nfc,2,▁n|ương,1,False,1.0,True,False,False
nương,nfd,5,▁nu|̛|o|̛|ng,1.5|2|2.5|3,False,0.25,False,False,False
nước,nfc,1,▁nước,,True,1.0,False,False,False
nước,nfd,5,▁nu|̛|o|̛|́c,1.5|2|2.5|2.5,False,0.0,False,False,False
nướng,nfc,1,▁nướng,,True,1.0,False,False,False
nướng,nfd,5,▁nu|̛|o|̛|́ng,1.5|2|2.5|2.5,False,0.0,False,False,False
nườm,nfc,3,▁n|ườ|m,1|3,False,1.0,True,False,False
nườm,nfd,6,▁nu|̛|o|̛|̀|m,1.5|2|2.5|2.5|3,False,0.2,False,True,False
nường,nfc,2,▁n|ường,1,False,1.0,True,False,False
nường,nfd,5,▁nu|̛|o|̛|̀ng,1.5|2|2.5|2.5,False,0.0,False,False,False
nược,nfc,2,▁n|ược,1,False,1.0,True,False,False
nược,nfd,5,▁nu|̛|o|̛|̣c,1.5|2|2.5|2.5,False,0.0,False,False,False
nượp,nfc,3,▁n|ượ|p,1|3,False,1.0,True,False,False
nượp,nfd,6,▁nu|̛|o|̛|̣|p,1.5|2|2.5|2.5|3,False,0.2,False,True,False
nạ,nfc,1,▁nạ,,True,1.0,False,False,False
nạ,nfd,2,▁na|̣,1.5,False,0.0,False,True,False
nạc,nfc,2,▁n|ạc,1,False,1.0,True,False,False
nạc,nfd,2,▁na|̣c,1.5,False,0.0,False,False,False
nại,nfc,2,▁n|ại,1,False,1.0,True,False,False
nại,nfd,2,▁na|̣i,1.5,False,0.0,False,False,False
nạm,nfc,2,▁n|ạm,1,False,1.0,True,False,False
nạm,nfd,3,▁na|̣|m,1.5|2,False,0.5,False,True,False
nạn,nfc,1,▁nạn,,True,1.0,False,False,False
nạn,nfd,2,▁na|̣n,1.5,False,0.0,False,False,False
nạng,nfc,2,▁n|ạng,1,False,1.0,True,False,False
nạng,nfd,2,▁na|̣ng,1.5,False,0.0,False,False,False
nạnh,nfc,2,▁n|ạnh,1,False,1.0,True,False,False
nạnh,nfd,3,▁na|̣|nh,1.5|2,False,0.5,False,True,False
nạo,nfc,2,▁n|ạo,1,False,1.0,True,False,False
nạo,nfd,3,▁na|̣|o,1.5|2,False,0.5,False,True,False
nạp,nfc,2,▁n|ạp,1,False,1.0,True,False,False
nạp,nfd,3,▁na|̣|p,1.5|2,False,0.5,False,True,False
nạt,nfc,2,▁n|ạt,1,False,1.0,True,False,False
nạt,nfd,2,▁na|̣t,1.5,False,0.0,False,False,False
nạy,nfc,2,▁n|ạy,1,False,1.0,True,False,False
nạy,nfd,3,▁na|̣|y,1.5|2,False,0.5,False,True,False
nả,nfc,2,▁n|ả,1,False,1.0,True,False,False
nả,nfd,2,▁na|̉,1.5,False,0.0,False,True,False
nải,nfc,2,▁n|ải,1,False,1.0,True,False,False
nải,nfd,3,▁na|̉|i,1.5|2,False,0.5,False,True,False
nản,nfc,2,▁n|ản,1,False,1.0,True,False,False
nản,nfd,3,▁na|̉|n,1.5|2,False,0.5,False,True,False
nảy,nfc,2,▁n|ảy,1,False,1.0,True,False,False
nảy,nfd,3,▁na|̉|y,1.5|2,False,0.5,False,True,False
nấc,nfc,2,▁n|ấc,1,False,1.0,True,False,False
nấc,nfd,3,▁na|̂|́c,1.5|1.5,False,0.0,False,False,False
nấm,nfc,1,▁nấm,,True,1.0,False,False,False
nấm,nfd,4,▁na|̂|́|m,1.5|1.5|2,False,0.3333333333333333,False,True,False
nấng,nfc,3,▁n|ấ|ng,1|2,False,1.0,True,False,False
nấng,nfd,3,▁na|̂|́ng,1.5|1.5,False,0.0,False,False,False
nấp,nfc,2,▁n|ấp,1,False,1.0,True,False,False
nấp,nfd,4,▁na|̂|́|p,1.5|1.5|2,False,0.3333333333333333,False,True,False
nấu,nfc,1,▁nấu,,True,1.0,False,False,False
nấu,nfd,4,▁na|̂|́|u,1.5|1.5|2,False,0.3333333333333333,False,True,False
nấy,nfc,2,▁n|ấy,1,False,1.0,True,False,False
nấy,nfd,4,▁na|̂|́|y,1.5|1.5|2,False,0.3333333333333333,False,True,False
nầm,nfc,2,▁n|ầm,1,False,1.0,True,False,False
nầm,nfd,4,▁na|̂|̀|m,1.5|1.5|2,False,0.3333333333333333,False,True,False
nần,nfc,2,▁n|ần,1,False,1.0,True,False,False
nần,nfd,3,▁na|̂|̀n,1.5|1.5,False,0.0,False,False,False
nầy,nfc,2,▁n|ầy,1,False,1.0,True,False,False
nầy,nfd,4,▁na|̂|̀|y,1.5|1.5|2,False,0.3333333333333333,False,True,False
nẩy,nfc,2,▁n|ẩy,1,False,1.0,True,False,False
nẩy,nfd,4,▁na|̂|̉|y,1.5|1.5|2,False,0.3333333333333333,False,True,False
nẫng,nfc,3,▁n|ẫ|ng,1|2,False,1.0,True,False,False
nẫng,nfd,4,▁na|̂|̃|ng,1.5|1.5|2,False,0.3333333333333333,False,True,False
nẫu,nfc,2,▁n|ẫu,1,False,1.0,True,False,False
nẫu,nfd,4,▁na|̂|̃|u,1.5|1.5|2,False,0.3333333333333333,False,True,False
nậm,nfc,2,▁n|ậm,1,False,1.0,True,False,False
nậm,nfd,4,▁na|̣|̂|m,1.5|1.5|2,False,0.3333333333333333,False,True,False
nậng,nfc,3,▁n|ậ|ng,1|2,False,1.0,True,False,False
nậng,nfd,4,▁na|̣|̂|ng,1.5|1.5|2,False,0.3333333333333333,False,True,False
nập,nfc,2,▁n|ập,1,False,1.0,True,False,False
nập,nfd,4,▁na|̣|̂|p,1.5|1.5|2,False,0.3333333333333333,False,True,False
nậu,nfc,2,▁n|ậu,1,False,1.0,True,False,False
nậu,nfd,4,▁na|̣|̂|u,1.5|1.5|2,False,0.3333333333333333,False,True,False
nậy,nfc,2,▁n|ậy,1,False,1.0,True,False,False
nậy,nfd,4,▁na|̣|̂|y,1.5|1.5|2,False,0.3333333333333333,False,True,False
nắc,nfc,2,▁n|ắc,1,False,1.0,True,False,False
nắc,nfd,3,▁na|̆|́c,1.5|1.5,False,0.0,False,False,False
nắm,nfc,1,▁nắm,,True,1.0,False,False,False
nắm,nfd,4,▁na|̆|́|m,1.5|1.5|2,False,0.3333333333333333,False,True,False
nắn,nfc,2,▁n|ắn,1,False,1.0,True,False,False
nắn,nfd,3,▁na|̆|́n,1.5|1.5,False,0.0,False,False,False
nắng,nfc,1,▁nắng,,True,1.0,False,False,False
nắng,nfd,3,▁na|̆|́ng,1.5|1.5,False,0.0,False,False,False
nắp,nfc,1,▁nắp,,True,1.0,False,False,False
nắp,nfd,4,▁na|̆|́|p,1.5|1.5|2,False,0.3333333333333333,False,True,False
nằm,nfc,1,▁nằm,,True,1.0,False,False,False
nằm,nfd,4,▁na|̆|̀|m,1.5|1.5|2,False,0.3333333333333333,False,True,False
nằn,nfc,3,▁n|ằ|n,1|2,False,1.0,True,False,False
nằn,nfd,3,▁na|̆|̀n,1.5|1.5,False,0.0,False,False,False
nằng,nfc,2,▁n|ằng,1,False,1.0,True,False,False
nằng,nfd,3,▁na|̆|̀ng,1.5|1.5,False,0.0,False,False,False
nặc,nfc,2,▁n|ặc,1,False,1.0,True,False,False
nặc,nfd,4,▁na|̣|̆|c,1.5|1.5|2,False,0.3333333333333333,False,True,False
nặn,nfc,2,▁n|ặn,1,False,1.0,True,False,False
nặn,nfd,4,▁na|̣|̆|n,1.5|1.5|2,False,0.3333333333333333,False,True,False
nặng,nfc,1,▁nặng,,True,1.0,False,False,False
nặng,nfd,4,▁na|̣|̆|ng,1.5|1.5|2,False,0.3333333333333333,False,True,False
nẹp,nfc,2,▁n|ẹp,1,False,1.0,True,False,False
nẹp,nfd,3,▁ne|̣|p,1.5|2,False,0.5,False,True,False
nẹt,nfc,3,▁n|ẹ|t,1|2,False,1.0,True,False,False
nẹt,nfd,2,▁ne|̣t,1.5,False,0.0,False,False,False
nẻ,nfc,2,▁n|ẻ,1,False,1.0,True,False,False
nẻ,nfd,2,▁ne|̉,1.5,False,0.0,False,True,False
nẻo,nfc,2,▁n|ẻo,1,False,1.0,True,False,False
nẻo,nfd,3,▁ne|̉|o,1.5|2,False,0.5,False,True,False
nếm,nfc,2,▁n|ếm,1,False,1.0,True,False,False
nếm,nfd,4,▁ne|̂|́|m,1.5|1.5|2,False,0.3333333333333333,False,True,False
nến,nfc,2,▁n|ến,1,False,1.0,True,False,False
nến,nfd,3,▁ne|̂|́n,1.5|1.5,False,0.0,False,False,False
nếp,nfc,2,▁n|ếp,1,False,1.0,True,False,False
nếp,nfd,4,▁ne|̂|́|p,1.5|1.5|2,False,0.3333333333333333,False,True,False
nết,nfc,2,▁n|ết,1,False,1.0,True,False,False
nết,nfd,3,▁ne|̂|́t,1.5|1.5,False,0.0,False,False,False
nếu,nfc,1,▁nếu,,True,1.0,False,False,False
nếu,nfd,4,▁ne|̂|́|u,1.5|1.5|2,False,0.3333333333333333,False,True,False
nề,nfc,2,▁n|ề,1,False,1.0,True,False,False
nề,nfd,3,▁ne|̂|̀,1.5|1.5,False,0.0,False,True,False
nền,nfc,1,▁nền,,True,1.0,False,False,False
nền,nfd,3,▁ne|̂|̀n,1.5|1.5,False,0.0,False,False,False
nể,nfc,2,▁n|ể,1,False,1.0,True,False,False
nể,nfd,3,▁ne|̂|̉,1.5|1.5,False,0.0,False,True,False
nệ,nfc,2,▁n|ệ,1,False,1.0,True,False,False
nệ,nfd,3,▁ne|̣|̂,1.5|1.5,False,0.0,False,True,False
nệm,nfc,2,▁n|ệm,1,False,1.0,True,False,False
nệm,nfd,4,▁ne|̣|̂|m,1.5|1.5|2,False,0.3333333333333333,False,True,False
nện,nfc,2,▁n|ện,1,False,1.0,True,False,False
nện,nfd,4,▁ne|̣|̂|n,1.5|1.5|2,False,0.3333333333333333,False,True,False
nỉ,nfc,2,▁n|ỉ,1,False,1.0,True,False,False
nỉ,nfd,2,▁ni|̉,1.5,False,0.0,False,True,False
nịch,nfc,2,▁n|ịch,1,False,1.0,True,False,False
nịch,nfd,3,▁ni|̣|ch,1.5|2,False,0.5,False,True,False
nịnh,nfc,2,▁n|ịnh,1,False,1.0,True,False,False
nịnh,nfd,3,▁ni|̣|nh,1.5|2,False,0.5,False,True,False
nịt,nfc,2,▁n|ịt,1,False,1.0,True,False,False
nịt,nfd,2,▁ni|̣t,1.5,False,0.0,False,False,False
nịu,nfc,3,▁n|ị|u,1|2,False,1.0,True,False,False
nịu,nfd,3,▁ni|̣|u,1.5|2,False,0.5,False,True,False
nọ,nfc,2,▁n|ọ,1,False,1.0,True,False,False
nọ,nfd,2,▁no|̣,1.5,False,0.0,False,True,False
nọc,nfc,2,▁n|ọc,1,False,1.0,True,False,False
nọc,nfd,2,▁no|̣c,1.5,False,0.0,False,False,False
nọn,nfc,2,▁n|ọn,1,False,1.0,True,False,False
nọn,nfd,2,▁no|̣n,1.5,False,0.0,False,False,False
nọng,nfc,2,▁n|ọng,1,False,1.0,True,False,False
nọng,nfd,2,▁no|̣ng,1.5,False,0.0,False,False,False
nọt,nfc,2,▁n|ọt,1,False,1.0,True,False,False
nọt,nfd,2,▁no|̣t,1.5,False,0.0,False,False,False
nỏ,nfc,2,▁n|ỏ,1,False,1.0,True,False,False
nỏ,nfd,2,▁no|̉,1.5,False,0.0,False,True,False
nỏi,nfc,2,▁n|ỏi,1,False,1.0,True,False,False
nỏi,nfd,3,▁no|̉|i,1.5|2,False,0.5,False,True,False
nố,nfc,2,▁n|ố,1,False,1.0,True,False,False
nố,nfd,3,▁no|̂|́,1.5|1.5,False,0.0,False,True,False
nốc,nfc,2,▁n|ốc,1,False,1.0,True,False,False
nốc,nfd,3,▁no|̂|́c,1.5|1.5,False,0.0,False,False,False
nối,nfc,1,▁nối,,True,1.0,False,False,False
nối,nfd,3,▁no|̂|́i,1.5|1.5,False,0.0,False,False,False
nống,nfc,2,▁n|ống,1,False,1.0,True,False,False
nống,nfd,3,▁no|̂|́ng,1.5|1.5,False,0.0,False,False,False
nốt,nfc,2,▁n|ốt,1,False,1.0,True,False,False
nốt,nfd,3,▁no|̂|́t,1.5|1.5,False,0.0,False,False,False
nồ,nfc,2,▁n|ồ,1,False,1.0,True,False,False
nồ,nfd,3,▁no|̂|̀,1.5|1.5,False,0.0,False,True,False
nồi,nfc,1,▁nồi,,True,1.0,False,False,False
nồi,nfd,3,▁no|̂|̀i,1.5|1.5,False,0.0,False,False,False
nồm,nfc,2,▁n|ồm,1,False,1.0,True,False,False
nồm,nfd,4,▁no|̂|̀|m,1.5|1.5|2,False,0.3333333333333333,False,True,False
nồng,nfc,2,▁n|ồng,1,False,1.0,True,False,False
nồng,nfd,3,▁no|̂|̀ng,1.5|1.5,False,0.0,False,False,False
nổ,nfc,1,▁nổ,,True,1.0,False,False,False
nổ,nfd,3,▁no|̂|̉,1.5|1.5,False,0.0,False,True,False
nổi,nfc,1,▁nổi,,True,1.0,False,False,False
nổi,nfd,4,▁no|̂|̉|i,1.5|1.5|2,False,0.3333333333333333,False,True,False
nỗ,nfc,2,▁n|ỗ,1,False,1.0,True,False,False
nỗ,nfd,3,▁no|̂|̃,1.5|1.5,False,0.0,False,True,False
nỗi,nfc,1,▁nỗi,,True,1.0,False,False,False
nỗi,nfd,4,▁no|̂|̃|i,1.5|1.5|2,False,0.3333333333333333,False,True,False
nỗng,nfc,2,▁n|ỗng,1,False,1.0,True,False,False
nỗng,nfd,4,▁no|̂|̃|ng,1.5|1.5|2,False,0.3333333333333333,False,True,False
nộ,nfc,2,▁n|ộ,1,False,1.0,True,False,False
nộ,nfd,3,▁no|̣|̂,1.5|1.5,False,0.0,False,True,False
nội,nfc,1,▁nội,,True,1.0,False,False,False
nội,nfd,4,▁no|̣|̂|i,1.5|1.5|2,False,0.3333333333333333,False,True,False
nộm,nfc,2,▁n|ộm,1,False,1.0,True,False,False
nộm,nfd,4,▁no|̣|̂|m,1.5|1.5|2,False,0.3333333333333333,False,True,False
nộn,nfc,2,▁n|ộn,1,False,1.0,True,False,False
nộn,nfd,4,▁no|̣|̂|n,1.5|1.5|2,False,0.3333333333333333,False,True,False
nộp,nfc,2,▁n|ộp,1,False,1.0,True,False,False
nộp,nfd,4,▁no|̣|̂|p,1.5|1.5|2,False,0.3333333333333333,False,True,False
nột,nfc,2,▁n|ột,1,False,1.0,True,False,False
nột,nfd,4,▁no|̣|̂|t,1.5|1.5|2,False,0.3333333333333333,False,True,False
nớ,nfc,2,▁n|ớ,1,False,1.0,True,False,False
nớ,nfd,3,▁no|̛|́,1.5|1.5,False,0.0,False,True,False
nới,nfc,2,▁n|ới,1,False,1.0,True,False,False
nới,nfd,3,▁no|̛|́i,1.5|1.5,False,0.0,False,False,False
nớp,nfc,2,▁n|ớp,1,False,1.0,True,False,False
nớp,nfd,4,▁no|̛|́|p,1.5|1.5|2,False,0.3333333333333333,False,True,False
nớt,nfc,2,▁n|ớt,1,False,1.0,True,False,False
nớt,nfd,3,▁no|̛|́t,1.5|1.5,False,0.0,False,False,False
nờ,nfc,2,▁n|ờ,1,False,1.0,True,False,False
nờ,nfd,3,▁no|̛|̀,1.5|1.5,False,0.0,False,True,False
nờm,nfc,3,▁n|ờ|m,1|2,False,1.0,True,False,False
nờm,nfd,4,▁no|̛|̀|m,1.5|1.5|2,False,0.3333333333333333,False,True,False
nở,nfc,1,▁nở,,True,1.0,False,False,False
nở,nfd,3,▁no|̛|̉,1.5|1.5,False,0.0,False,True,False
nỡ,nfc,2,▁n|ỡ,1,False,1.0,True,False,False
nỡ,nfd,3,▁no|̛|̃,1.5|1.5,False,0.0,False,True,False
nỡm,nfc,3,▁n|ỡ|m,1|2,False,1.0,True,False,False
nỡm,nfd,4,▁no|̛|̃|m,1.5|1.5|2,False,0.3333333333333333,False,True,False
nợ,nfc,2,▁n|ợ,1,False,1.0,True,False,False
nợ,nfd,3,▁no|̛|̣,1.5|1.5,False,0.0,False,True,False
nợp,nfc,2,▁n|ợp,1,False,1.0,True,False,False
nợp,nfd,4,▁no|̛|̣|p,1.5|1.5|2,False,0.3333333333333333,False,True,False
nụ,nfc,2,▁n|ụ,1,False,1.0,True,False,False
nụ,nfd,2,▁nu|̣,1.5,False,0.0,False,True,False
nục,nfc,2,▁n|ục,1,False,1.0,True,False,False
nục,nfd,2,▁nu|̣c,1.5,False,0.0,False,False,False
nủa,nfc,2,▁n|ủa,1,False,1.0,True,False,False
nủa,nfd,3,▁nu|̉|a,1.5|2,False,0.0,False,True,False
nứa,nfc,2,▁n|ứa,1,False,1.0,True,False,False
nứa,nfd,4,▁nu|̛|́|a,1.5|1.5|2,False,0.0,False,True,False
nức,nfc,2,▁n|ức,1,False,1.0,True,False,False
nức,nfd,3,▁nu|̛|́c,1.5|1.5,False,0.0,False,False,False
nứt,nfc,2,▁n|ứt,1,False,1.0,True,False,False
nứt,nfd,3,▁nu|̛|́t,1.5|1.5,False,0.0,False,False,False
nừng,nfc,2,▁n|ừng,1,False,1.0,True,False,False
nừng,nfd,3,▁nu|̛|̀ng,1.5|1.5,False,0.0,False,False,False
nửa,nfc,1,▁nửa,,True,1.0,False,False,False
nửa,nfd,4,▁nu|̛|̉|a,1.5|1.5|2,False,0.0,False,True,False
nữ,nfc,1,▁nữ,,True,1.0,False,False,False
nữ,nfd,3,▁nu|̛|̃,1.5|1.5,False,0.0,False,True,False
nữa,nfc,1,▁nữa,,True,1.0,False,False,False
nữa,nfd,4,▁nu|̛|̃|a,1.5|1.5|2,False,0.0,False,True,False
nự,nfc,2,▁n|ự,1,False,1.0,True,False,False
nự,nfd,3,▁nu|̛|̣,1.5|1.5,False,0.0,False,True,False
nực,nfc,2,▁n|ực,1,False,1.0,True,False,False
nực,nfd,3,▁nu|̛|̣c,1.5|1.5,False,0.0,False,False,False
nựng,nfc,2,▁n|ựng,1,False,1.0,True,False,False
nựng,nfd,3,▁nu|̛|̣ng,1.5|1.5,False,0.0,False,False,False
o,nfc,1,▁o,,True,1.0,False,False,False
o,nfd,1,▁o,,True,1.0,False,False,False
oa,nfc,1,▁oa,,True,1.0,False,False,False
oa,nfd,1,▁oa,,True,1.0,False,False,False
oai,nfc,2,▁o|ai,1,False,1.0,False,False,False
oai,nfd,2,▁o|ai,1,False,1.0,False,False,False
oan,nfc,2,▁o|an,1,False,1.0,False,False,False
oan,nfd,2,▁o|an,1,False,1.0,False,False,False
oang,nfc,2,▁o|ang,1,False,1.0,False,False,False
oang,nfd,2,▁o|ang,1,False,1.0,False,False,False
oanh,nfc,2,▁o|anh,1,False,1.0,False,False,False
oanh,nfd,2,▁o|anh,1,False,1.0,False,False,False
oe,nfc,1,▁oe,,True,1.0,False,False,False
oe,nfd,1,▁oe,,True,1.0,False,False,False
oi,nfc,1,▁oi,,True,1.0,False,False,False
oi,nfd,1,▁oi,,True,1.0,False,False,False
om,nfc,1,▁om,,True,1.0,False,False,False
om,nfd,1,▁om,,True,1.0,False,False,False
ong,nfc,1,▁ong,,True,1.0,False,False,False
ong,nfd,1,▁ong,,True,1.0,False,False,False
oà,nfc,2,▁o|à,1,False,1.0,False,False,False
oà,nfd,2,▁oa|̀,1.5,False,0.0,False,True,False
oàm,nfc,2,▁o|àm,1,False,1.0,False,False,False
oàm,nfd,3,▁oa|̀|m,1.5|2,False,0.5,False,True,False
oàng,nfc,2,▁o|àng,1,False,1.0,False,False,False
oàng,nfd,2,▁oa|̀ng,1.5,False,0.0,False,False,False
oành,nfc,2,▁o|ành,1,False,1.0,False,False,False
oành,nfd,2,▁oa|̀nh,1.5,False,0.0,False,False,False
oác,nfc,2,▁o|ác,1,False,1.0,False,False,False
oác,nfd,2,▁oa|́c,1.5,False,0.0,False,False,False
oách,nfc,2,▁o|ách,1,False,1.0,False,False,False
oách,nfd,3,▁oa|́|ch,1.5|2,False,0.5,False,True,False
oái,nfc,2,▁o|ái,1,False,1.0,False,False,False
oái,nfd,2,▁oa|́i,1.5,False,0.0,False,False,False
oán,nfc,2,▁o|án,1,False,1.0,False,False,False
oán,nfd,2,▁oa|́n,1.5,False,0.0,False,False,False
oát,nfc,2,▁o|át,1,False,1.0,False,False,False
oát,nfd,2,▁oa|́t,1.5,False,0.0,False,False,False
oé,nfc,2,▁o|é,1,False,1.0,False,False,False
oé,nfd,2,▁oe|́,1.5,False,0.0,False,True,False
oăm,nfc,2,▁o|ăm,1,False,1.0,False,False,False
oăm,nfd,3,▁oa|̆|m,1.5|2,False,0.5,False,False,False
oăng,nfc,2,▁o|ăng,1,False,1.0,False,False,False
oăng,nfd,3,▁oa|̆|ng,1.5|2,False,0.5,False,False,False
oạch,nfc,2,▁o|ạch,1,False,1.0,False,False,False
oạch,nfd,3,▁oa|̣|ch,1.5|2,False,0.5,False,True,False
oại,nfc,2,▁o|ại,1,False,1.0,False,False,False
oại,nfd,2,▁oa|̣i,1.5,False,0.0,False,False,False
oạp,nfc,2,▁o|ạp,1,False,1.0,False,False,False
oạp,nfd,3,▁oa|̣|p,1.5|2,False,0.5,False,True,False
oải,nfc,2,▁o|ải,1,False,1.0,False,False,False
oải,nfd,3,▁oa|̉|i,1.5|2,False,0.5,False,True,False
oản,nfc,2,▁o|ản,1,False,1.0,False,False,False
oản,nfd,3,▁oa|̉|n,1.5|2,False,0.5,False,True,False
oắt,nfc,2,▁o|ắt,1,False,1.0,False,False,False
oắt,nfd,3,▁oa|̆|́t,1.5|1.5,False,0.0,False,False,False
oằn,nfc,3,▁o|ằ|n,1|2,False,1.0,False,False,False
oằn,nfd,3,▁oa|̆|̀n,1.5|1.5,False,0.0,False,False,False
oẳn,nfc,2,▁o|ẳn,1,False,1.0,False,False,False
oẳn,nfd,4,▁oa|̆|̉|n,1.5|1.5|2,False,0.3333333333333333,False,True,False
oẳng,nfc,2,▁o|ẳng,1,False,1.0,False,False,False
oẳng,nfd,4,▁oa|̆|̉|ng,1.5|1.5|2,False,0.3333333333333333,False,True,False
oặt,nfc,2,▁o|ặt,1,False,1.0,False,False,False
oặt,nfd,4,▁oa|̣|̆|t,1.5|1.5|2,False,0.3333333333333333,False,True,False
oẹ,nfc,2,▁o|ẹ,1,False,1.0,False,False,False
oẹ,nfd,2,▁oe|̣,1.5,False,0.0,False,True,False
oẻ,nfc,2,▁o|ẻ,1,False,1.0,False,False,False
oẻ,nfd,2,▁oe|̉,1.5,False,0.0,False,True,False
pa,nfc,1,▁pa,,True,1.0,False,False,False
pa,nfd,1,▁pa,,True,1.0,False,False,False
pan,nfc,1,▁pan,,True,1.0,False,False,False
pan,nfd,1,▁pan,,True,1.0,False,False,False
pao,nfc,2,▁pa|o,2,False,1.0,False,False,False
pao,nfd,2,▁pa|o,2,False,1.0,False,False,False
pe,nfc,1,▁pe,,True,1.0,False,False,False
pe,nfd,1,▁pe,,True,1.0,False,False,False
pha,nfc,1,▁pha,,True,1.0,False,False,False
pha,nfd,1,▁pha,,True,1.0,False,False,False
phai,nfc,2,▁p|hai,1,False,0.0,False,False,False
phai,nfd,2,▁p|hai,1,False,0.0,False,False,False
phang,nfc,2,▁ph|ang,2,False,1.0,True,False,False
phang,nfd,2,▁ph|ang,2,False,1.0,True,False,False
phanh,nfc,2,▁ph|anh,2,False,1.0,True,False,False
phanh,nfd,2,▁ph|anh,2,False,1.0,True,False,False
phao,nfc,2,▁p|hao,1,False,0.0,False,False,False
phao,nfd,2,▁p|hao,1,False,0.0,False,False,False
phau,nfc,2,▁p|hau,1,False,0.0,False,False,False
phau,nfd,2,▁p|hau,1,False,0.0,False,False,False
phay,nfc,2,▁p|hay,1,False,0.0,False,False,False
phay,nfd,2,▁p|hay,1,False,0.0,False,False,False
phe,nfc,1,▁phe,,True,1.0,False,False,False
phe,nfd,1,▁phe,,True,1.0,False,False,False
phen,nfc,1,▁phen,,True,1.0,False,False,False
phen,nfd,1,▁phen,,True,1.0,False,False,False
pheo,nfc,2,▁phe|o,3,False,1.0,False,False,False
pheo,nfd,2,▁phe|o,3,False,1.0,False,False,False
phi,nfc,1,▁phi,,True,1.0,False,False,False
phi,nfd,1,▁phi,,True,1.0,False,False,False
phim,nfc,1,▁phim,,True,1.0,False,False,False
phim,nfd,1,▁phim,,True,1.0,False,False,False
phin,nfc,2,▁ph|in,2,False,1.0,True,False,False
phin,nfd,2,▁ph|in,2,False,1.0,True,False,False
phinh,nfc,2,▁ph|inh,2,False,1.0,True,False,False
phinh,nfd,2,▁ph|inh,2,False,1.0,True,False,False
phiu,nfc,2,▁phi|u,3,False,1.0,False,False,False
phiu,nfd,2,▁phi|u,3,False,1.0,False,False,False
phiên,nfc,1,▁phiên,,True,1.0,False,False,False
phiên,nfd,4,▁p|hie|̂|n,1|3.5|4,False,0.3333333333333333,False,False,False
phiêu,nfc,2,▁phi|êu,3,False,0.0,False,False,False
phiêu,nfd,4,▁p|hie|̂|u,1|3.5|4,False,0.3333333333333333,False,False,False
phiếm,nfc,2,▁phi|ếm,3,False,0.0,False,False,False
phiếm,nfd,5,▁p|hie|̂|́|m,1|3.5|3.5|4,False,0.25,False,True,False
phiến,nfc,2,▁phi|ến,3,False,0.0,False,False,False
phiến,nfd,4,▁p|hie|̂|́n,1|3.5|3.5,False,0.0,False,False,False
phiết,nfc,2,▁phi|ết,3,False,0.0,False,False,False
phiết,nfd,4,▁p|hie|̂|́t,1|3.5|3.5,False,0.0,False,False,False
phiếu,nfc,1,▁phiếu,,True,1.0,False,False,False
phiếu,nfd,5,▁p|hie|̂|́|u,1|3.5|3.5|4,False,0.25,False,True,False
phiền,nfc,2,▁phi|ền,3,False,0.0,False,False,False
phiền,nfd,4,▁p|hie|̂|̀n,1|3.5|3.5,False,0.0,False,False,False
phiện,nfc,2,▁phi|ện,3,False,0.0,False,False,False
phiện,nfd,5,▁p|hie|̣|̂|n,1|3.5|3.5|4,False,0.25,False,True,False
phiệt,nfc,2,▁phi|ệt,3,False,0.0,False,False,False
phiệt,nfd,5,▁p|hie|̣|̂|t,1|3.5|3.5|4,False,0.25,False,True,False
pho,nfc,1,▁pho,,True,1.0,False,False,False
pho,nfd,1,▁pho,,True,1.0,False,False,False
phoi,nfc,2,▁pho|i,3,False,1.0,False,False,False
phoi,nfd,2,▁pho|i,3,False,1.0,False,False,False
phom,nfc,2,▁ph|om,2,False,1.0,True,False,False
phom,nfd,2,▁ph|om,2,False,1.0,True,False,False
phong,nfc,1,▁phong,,True,1.0,False,False,False
phong,nfd,1,▁phong,,True,1.0,False,False,False
phu,nfc,1,▁phu,,True,1.0,False,False,False
phu,nfd,1,▁phu,,True,1.0,False,False,False
phui,nfc,2,▁ph|ui,2,False,1.0,True,False,False
phui,nfd,2,▁ph|ui,2,False,1.0,True,False,False
phun,nfc,1,▁phun,,True,1.0,False,False,False
phun,nfd,1,▁phun,,True,1.0,False,False,False
phung,nfc,2,▁ph|ung,2,False,1.0,True,False,False
phung,nfd,2,▁ph|ung,2,False,1.0,True,False,False
phuy,nfc,2,▁ph|uy,2,False,1.0,True,False,False
phuy,nfd,2,▁ph|uy,2,False,1.0,True,False,False
phà,nfc,2,▁ph|à,2,False,1.0,True,False,False
phà,nfd,2,▁pha|̀,2.5,False,0.0,False,True,False
phàm,nfc,2,▁ph|àm,2,False,1.0,True,False,False
phàm,nfd,3,▁pha|̀|m,2.5|3,False,0.5,False,True,False
phàn,nfc,2,▁ph|àn,2,False,1.0,True,False,False
phàn,nfd,2,▁pha|̀n,2.5,False,0.0,False,False,False
phàng,nfc,2,▁ph|àng,2,False,1.0,True,False,False
phàng,nfd,2,▁pha|̀ng,2.5,False,0.0,False,False,False
phành,nfc,2,▁ph|ành,2,False,1.0,True,False,False
phành,nfd,2,▁pha|̀nh,2.5,False,0.0,False,False,False
phào,nfc,2,▁ph|ào,2,False,1.0,True,False,False
phào,nfd,3,▁pha|̀|o,2.5|3,False,0.5,False,True,False
phá,nfc,1,▁phá,,True,1.0,False,False,False
phá,nfd,2,▁pha|́,2.5,False,0.0,False,True,False
phác,nfc,2,▁ph|ác,2,False,1.0,True,False,False
phác,nfd,2,▁pha|́c,2.5,False,0.0,False,False,False
phách,nfc,2,▁ph|ách,2,False,1.0,True,False,False
phách,nfd,3,▁pha|́|ch,2.5|3,False,0.5,False,True,False
phái,nfc,2,▁ph|ái,2,False,1.0,True,False,False
phái,nfd,2,▁pha|́i,2.5,False,0.0,False,False,False
phán,nfc,2,▁ph|án,2,False,1.0,True,False,False
phán,nfd,2,▁pha|́n,2.5,False,0.0,False,False,False
pháo,nfc,2,▁ph|áo,2,False,1.0,True,False,False
pháo,nfd,3,▁pha|́|o,2.5|3,False,0.5,False,True,False
pháp,nfc,1,▁pháp,,True,1.0,False,False,False
pháp,nfd,3,▁pha|́|p,2.5|3,False,0.5,False,True,False
phát,nfc,1,▁phát,,True,1.0,False,False,False
phát,nfd,2,▁pha|́t,2.5,False,0.0,False,False,False
phân,nfc,1,▁phân,,True,1.0,False,False,False
phân,nfd,3,▁pha|̂|n,2.5|3,False,0.5,False,False,False
phây,nfc,2,▁ph|ây,2,False,1.0,True,False,False
phây,nfd,3,▁pha|̂|y,2.5|3,False,0.5,False,False,False
phè,nfc,2,▁ph|è,2,False,1.0,True,False,False
phè,nfd,2,▁phe|̀,2.5,False,0.0,False,True,False
phèn,nfc,2,▁ph|èn,2,False,1.0,True,False,False
phèn,nfd,2,▁phe|̀n,2.5,False,0.0,False,False,False
phèng,nfc,3,▁ph|è|ng,2|3,False,1.0,True,False,False
phèng,nfd,2,▁phe|̀ng,2.5,False,0.0,False,False,False
phèo,nfc,2,▁ph|èo,2,False,1.0,True,False,False
phèo,nfd,3,▁phe|̀|o,2.5|3,False,0.5,False,True,False
phéng,nfc,3,▁ph|é|ng,2|3,False,1.0,True,False,False
phéng,nfd,2,▁phe|́ng,2.5,False,0.0,False,False,False
phép,nfc,1,▁phép,,True,1.0,False,False,False
phép,nfd,3,▁phe|́|p,2.5|3,False,0.5,False,True,False
phét,nfc,2,▁ph|ét,2,False,1.0,True,False,False
phét,nfd,2,▁phe|́t,2.5,False,0.0,False,False,False
phê,nfc,1,▁phê,,True,1.0,False,False,False
phê,nfd,2,▁phe|̂,2.5,False,0.0,False,False,False
phên,nfc,2,▁ph|ên,2,False,1.0,True,False,False
phên,nfd,3,▁phe|̂|n,2.5|3,False,0.5,False,False,False
phì,nfc,2,▁ph|ì,2,False,1.0,True,False,False
phì,nfd,2,▁phi|̀,2.5,False,0.0,False,True,False
phìa,nfc,2,▁ph|ìa,2,False,1.0,True,False,False
phìa,nfd,3,▁phi|̀|a,2.5|3,False,0.0,False,True,False
phình,nfc,2,▁ph|ình,2,False,1.0,True,False,False
phình,nfd,2,▁phi|̀nh,2.5,False,0.0,False,False,False
phí,nfc,1,▁phí,,True,1.0,False,False,False
phí,nfd,2,▁phi|́,2.5,False,0.0,False,True,False
phía,nfc,1,▁phía,,True,1.0,False,False,False
phía,nfd,3,▁phi|́|a,2.5|3,False,0.0,False,True,False
phích,nfc,2,▁ph|ích,2,False,1.0,True,False,False
phích,nfd,3,▁phi|́|ch,2.5|3,False,0.5,False,True,False
phím,nfc,1,▁phím,,True,1.0,False,False,False
phím,nfd,3,▁phi|́|m,2.5|3,False,0.5,False,True,False
phính,nfc,2,▁ph|ính,2,False,1.0,True,False,False
phính,nfd,3,▁phi|́|nh,2.5|3,False,0.5,False,True,False
phò,nfc,2,▁ph|ò,2,False,1.0,True,False,False
phò,nfd,2,▁pho|̀,2.5,False,0.0,False,True,False
phòi,nfc,2,▁ph|òi,2,False,1.0,True,False,False
phòi,nfd,2,▁pho|̀i,2.5,False,0.0,False,False,False
phòng,nfc,1,▁phòng,,True,1.0,False,False,False
phòng,nfd,2,▁pho|̀ng,2.5,False,0.0,False,False,False
phó,nfc,2,▁ph|ó,2,False,1.0,True,False,False
phó,nfd,2,▁pho|́,2.5,False,0.0,False,True,False
phóc,nfc,2,▁ph|óc,2,False,1.0,True,False,False
phóc,nfd,2,▁pho|́c,2.5,False,0.0,False,False,False
phóng,nfc,1,▁phóng,,True,1.0,False,False,False
phóng,nfd,2,▁pho|́ng,2.5,False,0.0,False,False,False
phót,nfc,2,▁ph|ót,2,False,1.0,True,False,False
phót,nfd,2,▁pho|́t,2.5,False,0.0,False,False,False
phô,nfc,2,▁ph|ô,2,False,1.0,True,False,False
phô,nfd,2,▁pho|̂,2.5,False,0.0,False,False,False
phôi,nfc,2,▁ph|ôi,2,False,1.0,True,False,False
phôi,nfd,3,▁pho|̂|i,2.5|3,False,0.5,False,False,False
phôm,nfc,2,▁ph|ôm,2,False,1.0,True,False,False
phôm,nfd,3,▁pho|̂|m,2.5|3,False,0.5,False,False,False
phông,nfc,2,▁ph|ông,2,False,1.0,True,False,False
phông,nfd,3,▁pho|̂|ng,2.5|3,False,0.5,False,False,False
phù,nfc,1,▁phù,,True,1.0,False,False,False
phù,nfd,2,▁phu|̀,2.5,False,0.0,False,True,False
phùn,nfc,2,▁phù|n,3,False,1.0,False,False,False
phùn,nfd,2,▁phu|̀n,2.5,False,0.0,False,False,False
phùng,nfc,2,▁ph|ùng,2,False,1.0,True,False,False
phùng,nfd,2,▁phu|̀ng,2.5,False,0.0,False,False,False
phú,nfc,1,▁phú,,True,1.0,False,False,False
phú,nfd,2,▁phu|́,2.5,False,0.0,False,True,False
phúc,nfc,1,▁phúc,,True,1.0,False,False,False
phúc,nfd,2,▁phu|́c,2.5,False,0.0,False,False,False
phún,nfc,2,▁ph|ún,2,False,1.0,True,False,False
phún,nfd,2,▁phu|́n,2.5,False,0.0,False,False,False
phúng,nfc,2,▁ph|úng,2,False,1.0,True,False,False
phúng,nfd,2,▁phu|́ng,2.5,False,0.0,False,False,False
phút,nfc,1,▁phút,,True,1.0,False,False,False
phút,nfd,2,▁phu|́t,2.5,False,0.0,False,False,False
phăm,nfc,2,▁ph|ăm,2,False,1.0,True,False,False
phăm,nfd,3,▁pha|̆|m,2.5|3,False,0.5,False,False,False
phăn,nfc,2,▁ph|ăn,2,False,1.0,True,False,False
phăn,nfd,3,▁pha|̆|n,2.5|3,False,0.5,False,False,False
phăng,nfc,2,▁ph|ăng,2,False,1.0,True,False,False
phăng,nfd,3,▁pha|̆|ng,2.5|3,False,0.5,False,False,False
phĩnh,nfc,2,▁ph|ĩnh,2,False,1.0,True,False,False
phĩnh,nfd,3,▁phi|̃|nh,2.5|3,False,0.5,False,True,False
phũ,nfc,2,▁ph|ũ,2,False,1.0,True,False,False
phũ,nfd,2,▁phu|̃,2.5,False,0.0,False,True,False
phơ,nfc,2,▁ph|ơ,2,False,1.0,True,False,False
phơ,nfd,2,▁pho|̛,2.5,False,0.0,False,False,False
phơi,nfc,2,▁ph|ơi,2,False,1.0,True,False,False
phơi,nfd,3,▁pho|̛|i,2.5|3,False,0.5,False,False,False
phơn,nfc,2,▁ph|ơn,2,False,1.0,True,False,False
phơn,nfd,3,▁pho|̛|n,2.5|3,False,0.5,False,False,False
phưng,nfc,2,▁ph|ưng,2,False,1.0,True,False,False
phưng,nfd,3,▁phu|̛|ng,2.5|3,False,0.5,False,False,False
phương,nfc,1,▁phương,,True,1.0,False,False,False
phương,nfd,5,▁phu|̛|o|̛|ng,2.5|3|3.5|4,False,0.25,False,False,False
phước,nfc,2,▁ph|ước,2,False,1.0,True,False,False
phước,nfd,5,▁phu|̛|o|̛|́c,2.5|3|3.5|3.5,False,0.0,False,False,False
phướn,nfc,3,▁ph|ướ|n,2|4,False,1.0,True,False,False
phướn,nfd,5,▁phu|̛|o|̛|́n,2.5|3|3.5|3.5,False,0.0,False,False,False
phướng,nfc,2,▁ph|ướng,2,False,1.0,True,False,False
phướng,nfd,5,▁phu|̛|o|̛|́ng,2.5|3|3.5|3.5,False,0.0,False,False,False
phường,nfc,1,▁phường,,True,1.0,False,False,False
phường,nfd,5,▁phu|̛|o|̛|̀ng,2.5|3|3.5|3.5,False,0.0,False,False,False
phưỡn,nfc,4,▁ph|ư|ỡ|n,2|3|4,False,0.6666666666666666,True,False,False
phưỡn,nfd,6,▁phu|̛|o|̛|̃|n,2.5|3|3.5|3.5|4,False,0.2,False,True,False
phượng,nfc,2,▁ph|ượng,2,False,1.0,True,False,False
phượng,nfd,5,▁phu|̛|o|̛|̣ng,2.5|3|3.5|3.5,False,0.0,False,False,False
phượu,nfc,2,▁ph|ượu,2,False,1.0,True,False,False
phượu,nfd,6,▁phu|̛|o|̛|̣|u,2.5|3|3.5|3.5|4,False,0.2,False,True,False
phạch,nfc,2,▁ph|ạch,2,False,1.0,True,False,False
phạch,nfd,3,▁pha|̣|ch,2.5|3,False,0.5,False,True,False
phạm,nfc,1,▁phạm,,True,1.0,False,False,False
phạm,nfd,3,▁pha|̣|m,2.5|3,False,0.5,False,True,False
phạn,nfc,2,▁ph|ạn,2,False,1.0,True,False,False
phạn,nfd,2,▁pha|̣n,2.5,False,0.0,False,False,False
phạng,nfc,2,▁ph|ạng,2,False,1.0,True,False,False
phạng,nfd,2,▁pha|̣ng,2.5,False,0.0,False,False,False
phạt,nfc,2,▁ph|ạt,2,False,1.0,True,False,False
phạt,nfd,2,▁pha|̣t,2.5,False,0.0,False,False,False
phả,nfc,2,▁ph|ả,2,False,1.0,True,False,False
phả,nfd,2,▁pha|̉,2.5,False,0.0,False,True,False
phải,nfc,1,▁phải,,True,1.0,False,False,False
phải,nfd,3,▁pha|̉|i,2.5|3,False,0.5,False,True,False
phản,nfc,1,▁phản,,True,1.0,False,False,False
phản,nfd,3,▁pha|̉|n,2.5|3,False,0.5,False,True,False
phảng,nfc,2,▁ph|ảng,2,False,1.0,True,False,False
phảng,nfd,3,▁pha|̉|ng,2.5|3,False,0.5,False,True,False
phảy,nfc,2,▁ph|ảy,2,False,1.0,True,False,False
phảy,nfd,3,▁pha|̉|y,2.5|3,False,0.5,False,True,False
phấn,nfc,1,▁phấn,,True,1.0,False,False,False
phấn,nfd,3,▁pha|̂|́n,2.5|2.5,False,0.0,False,False,False
phấp,nfc,2,▁ph|ấp,2,False,1.0,True,False,False
phấp,nfd,4,▁pha|̂|́|p,2.5|2.5|3,False,0.3333333333333333,False,True,False
phất,nfc,2,▁ph|ất,2,False,1.0,True,False,False
phất,nfd,3,▁pha|̂|́t,2.5|2.5,False,0.0,False,False,False
phầm,nfc,2,▁ph|ầm,2,False,1.0,True,False,False
phầm,nfd,4,▁pha|̂|̀|m,2.5|2.5|3,False,0.3333333333333333,False,True,False
phần,nfc,1,▁phần,,True,1.0,False,False,False
phần,nfd,3,▁pha|̂|̀n,2.5|2.5,False,0.0,False,False,False
phẩm,nfc,1,▁phẩm,,True,1.0,False,False,False
phẩm,nfd,4,▁pha|̂|̉|m,2.5|2.5|3,False,0.3333333333333333,False,True,False
phẩn,nfc,2,▁ph|ẩn,2,False,1.0,True,False,False
phẩn,nfd,4,▁pha|̂|̉|n,2.5|2.5|3,False,0.3333333333333333,False,True,False
phẩy,nfc,2,▁ph|ẩy,2,False,1.0,True,False,False
phẩy,nfd,4,▁pha|̂|̉|y,2.5|2.5|3,False,0.3333333333333333,False,True,False
phẫn,nfc,2,▁ph|ẫn,2,False,1.0,True,False,False
phẫn,nfd,4,▁pha|̂|̃|n,2.5|2.5|3,False,0.3333333333333333,False,True,False
phẫu,nfc,2,▁ph|ẫu,2,False,1.0,True,False,False
phẫu,nfd,4,▁pha|̂|̃|u,2.5|2.5|3,False,0.3333333333333333,False,True,False
phận,nfc,1,▁phận,,True,1.0,False,False,False
phận,nfd,4,▁pha|̣|̂|n,2.5|2.5|3,False,0.3333333333333333,False,True,False
phập,nfc,2,▁ph|ập,2,False,1.0,True,False,False
phập,nfd,4,▁pha|̣|̂|p,2.5|2.5|3,False,0.3333333333333333,False,True,False
phật,nfc,2,▁ph|ật,2,False,1.0,True,False,False
phật,nfd,4,▁pha|̣|̂|t,2.5|2.5|3,False,0.3333333333333333,False,True,False
phắc,nfc,2,▁ph|ắc,2,False,1.0,True,False,False
phắc,nfd,3,▁pha|̆|́c,2.5|2.5,False,0.0,False,False,False
phắn,nfc,2,▁ph|ắn,2,False,1.0,True,False,False
phắn,nfd,3,▁pha|̆|́n,2.5|2.5,False,0.0,False,False,False
phắp,nfc,2,▁ph|ắp,2,False,1.0,True,False,False
phắp,nfd,4,▁pha|̆|́|p,2.5|2.5|3,False,0.3333333333333333,False,True,False
phắt,nfc,2,▁ph|ắt,2,False,1.0,True,False,False
phắt,nfd,3,▁pha|̆|́t,2.5|2.5,False,0.0,False,False,False
phẳng,nfc,2,▁ph|ẳng,2,False,1.0,True,False,False
phẳng,nfd,4,▁pha|̆|̉|ng,2.5|2.5|3,False,0.3333333333333333,False,True,False
phẹt,nfc,3,▁ph|ẹ|t,2|3,False,1.0,True,False,False
phẹt,nfd,2,▁phe|̣t,2.5,False,0.0,False,False,False
phế,nfc,2,▁ph|ế,2,False,1.0,True,False,False
phế,nfd,3,▁phe|̂|́,2.5|2.5,False,0.0,False,True,False
phếch,nfc,3,▁ph|ế|ch,2|3,False,1.0,True,False,False
phếch,nfd,4,▁phe|̂|́|ch,2.5|2.5|3,False,0.3333333333333333,False,True,False
phết,nfc,2,▁ph|ết,2,False,1.0,True,False,False
phết,nfd,3,▁phe|̂|́t,2.5|2.5,False,0.0,False,False,False
phề,nfc,2,▁ph|ề,2,False,1.0,True,False,False
phề,nfd,3,▁phe|̂|̀,2.5|2.5,False,0.0,False,True,False
phềnh,nfc,3,▁ph|ề|nh,2|3,False,1.0,True,False,False
phềnh,nfd,3,▁phe|̂|̀nh,2.5|2.5,False,0.0,False,False,False
phều,nfc,2,▁ph|ều,2,False,1.0,True,False,False
phều,nfd,3,▁phe|̂|̀u,2.5|2.5,False,0.0,False,False,False
phễn,nfc,2,▁ph|ễn,2,False,1.0,True,False,False
phễn,nfd,4,▁phe|̂|̃|n,2.5|2.5|3,False,0.3333333333333333,False,True,False
phễu,nfc,3,▁ph|ễ|u,2|3,False,1.0,True,False,False
phễu,nfd,4,▁phe|̂|̃|u,2.5|2.5|3,False,0.3333333333333333,False,True,False
phệ,nfc,2,▁ph|ệ,2,False,1.0,True,False,False
phệ,nfd,3,▁phe|̣|̂,2.5|2.5,False,0.0,False,True,False
phệnh,nfc,2,▁ph|ệnh,2,False,1.0,True,False,False
phệnh,nfd,4,▁phe|̣|̂|nh,2.5|2.5|3,False,0.3333333333333333,False,True,False
phệt,nfc,2,▁ph|ệt,2,False,1.0,True,False,False
phệt,nfd,4,▁phe|̣|̂|t,2.5|2.5|3,False,0.3333333333333333,False,True,False
phỉ,nfc,2,▁ph|ỉ,2,False,1.0,True,False,False
phỉ,nfd,2,▁phi|̉,2.5,False,0.0,False,True,False
phỉnh,nfc,2,▁ph|ỉnh,2,False,1.0,True,False,False
phỉnh,nfd,3,▁phi|̉|nh,2.5|3,False,0.5,False,True,False
phị,nfc,2,▁ph|ị,2,False,1.0,True,False,False
phị,nfd,2,▁phi|̣,2.5,False,0.0,False,True,False
phịa,nfc,2,▁ph|ịa,2,False,1.0,True,False,False
phịa,nfd,3,▁phi|̣|a,2.5|3,False,0.0,False,True,False
phịch,nfc,2,▁ph|ịch,2,False,1.0,True,False,False
phịch,nfd,3,▁phi|̣|ch,2.5|3,False,0.5,False,True,False
phịt,nfc,2,▁ph|ịt,2,False,1.0,True,False,False
phịt,nfd,2,▁phi|̣t,2.5,False,0.0,False,False,False
phịu,nfc,3,▁ph|ị|u,2|3,False,1.0,True,False,False
phịu,nfd,3,▁phi|̣|u,2.5|3,False,0.5,False,True,False
phọng,nfc,2,▁ph|ọng,2,False,1.0,True,False,False
phọng,nfd,2,▁pho|̣ng,2.5,False,0.0,False,False,False
phọt,nfc,2,▁ph|ọt,2,False,1.0,True,False,False
phọt,nfd,2,▁pho|̣t,2.5,False,0.0,False,False,False
phỏng,nfc,2,▁ph|ỏng,2,False,1.0,True,False,False
phỏng,nfd,3,▁pho|̉|ng,2.5|3,False,0.5,False,True,False
phố,nfc,1,▁phố,,True,1.0,False,False,False
phố,nfd,3,▁pho|̂|́,2.5|2.5,False,0.0,False,True,False
phốc,nfc,2,▁ph|ốc,2,False,1.0,True,False,False
phốc,nfd,3,▁pho|̂|́c,2.5|2.5,False,0.0,False,False,False
phối,nfc,1,▁phối,,True,1.0,False,False,False
phối,nfd,3,▁pho|̂|́i,2.5|2.5,False,0.0,False,False,False
phốp,nfc,2,▁phố|p,3,False,1.0,False,False,False
phốp,nfd,4,▁pho|̂|́|p,2.5|2.5|3,False,0.3333333333333333,False,True,False
phồ,nfc,2,▁ph|ồ,2,False,1.0,True,False,False
phồ,nfd,3,▁pho|̂|̀,2.5|2.5,False,0.0,False,True,False
phồm,nfc,2,▁ph|ồm,2,False,1.0,True,False,False
phồm,nfd,4,▁pho|̂|̀|m,2.5|2.5|3,False,0.3333333333333333,False,True,False
phồn,nfc,2,▁ph|ồn,2,False,1.0,True,False,False
phồn,nfd,3,▁pho|̂|̀n,2.5|2.5,False,0.0,False,False,False
phồng,nfc,2,▁ph|ồng,2,False,1.0,True,False,False
phồng,nfd,3,▁pho|̂|̀ng,2.5|2.5,False,0.0,False,False,False
phổ,nfc,1,▁phổ,,True,1.0,False,False,False
phổ,nfd,3,▁pho|̂|̉,2.5|2.5,False,0.0,False,True,False
phổi,nfc,2,▁ph|ổi,2,False,1.0,True,False,False
phổi,nfd,4,▁pho|̂|̉|i,2.5|2.5|3,False,0.3333333333333333,False,True,False
phổng,nfc,2,▁ph|ổng,2,False,1.0,True,False,False
phổng,nfd,4,▁pho|̂|̉|ng,2.5|2.5|3,False,0.3333333333333333,False,True,False
phỗng,nfc,2,▁ph|ỗng,2,False,1.0,True,False,False
phỗng,nfd,4,▁pho|̂|̃|ng,2.5|2.5|3,False,0.3333333333333333,False,True,False
phộng,nfc,2,▁ph|ộng,2,False,1.0,True,False,False
phộng,nfd,4,▁pho|̣|̂|ng,2.5|2.5|3,False,0.3333333333333333,False,True,False
phới,nfc,2,▁ph|ới,2,False,1.0,True,False,False
phới,nfd,3,▁pho|̛|́i,2.5|2.5,False,0.0,False,False,False
phớt,nfc,2,▁ph|ớt,2,False,1.0,True,False,False
phớt,nfd,3,▁pho|̛|́t,2.5|2.5,False,0.0,False,False,False
phờ,nfc,2,▁ph|ờ,2,False,1.0,True,False,False
phờ,nfd,3,▁pho|̛|̀,2.5|2.5,False,0.0,False,True,False
phở,nfc,2,▁ph|ở,2,False,1.0,True,False,False
phở,nfd,3,▁pho|̛|̉,2.5|2.5,False,0.0,False,True,False
phỡn,nfc,3,▁ph|ỡ|n,2|3,False,1.0,True,False,False
phỡn,nfd,4,▁pho|̛|̃|n,2.5|2.5|3,False,0.3333333333333333,False,True,False
phụ,nfc,1,▁phụ,,True,1.0,False,False,False
phụ,nfd,2,▁phu|̣,2.5,False,0.0,False,True,False
phục,nfc,1,▁phục,,True,1.0,False,False,False
phục,nfd,2,▁phu|̣c,2.5,False,0.0,False,False,False
phụng,nfc,2,▁phụ|ng,3,False,1.0,False,False,False
phụng,nfd,2,▁phu|̣ng,2.5,False,0.0,False,False,False
phụt,nfc,2,▁phụ|t,3,False,1.0,False,False,False
phụt,nfd,2,▁phu|̣t,2.5,False,0.0,False,False,False
phủ,nfc,1,▁phủ,,True,1.0,False,False,False
phủ,nfd,2,▁phu|̉,2.5,False,0.0,False,True,False
phủi,nfc,2,▁phủ|i,3,False,1.0,False,False,False
phủi,nfd,3,▁phu|̉|i,2.5|3,False,0.5,False,True,False
phứa,nfc,2,▁ph|ứa,2,False,1.0,True,False,False
phứa,nfd,4,▁phu|̛|́|a,2.5|2.5|3,False,0.0,False,True,False
phức,nfc,2,▁ph|ức,2,False,1.0,True,False,False
phức,nfd,3,▁phu|̛|́c,2.5|2.5,False,0.0,False,False,False
phứt,nfc,2,▁ph|ứt,2,False,1.0,True,False,False
phứt,nfd,3,▁phu|̛|́t,2.5|2.5,False,0.0,False,False,False
phừng,nfc,2,▁ph|ừng,2,False,1.0,True,False,False
phừng,nfd,3,▁phu|̛|̀ng,2.5|2.5,False,0.0,False,False,False
phựa,nfc,2,▁ph|ựa,2,False,1.0,True,False,False
phựa,nfd,4,▁phu|̛|̣|a,2.5|2.5|3,False,0.0,False,True,False
phựt,nfc,3,▁ph|ự|t,2|3,False,1.0,True,False,False
phựt,nfd,3,▁phu|̛|̣t,2.5|2.5,False,0.0,False,False,False
pi,nfc,1,▁pi,,True,1.0,False,False,False
pi,nfd,1,▁pi,,True,1.0,False,False,False
pin,nfc,1,▁pin,,True,1.0,False,False,False
pin,nfd,1,▁pin,,True,1.0,False,False,False
ping,nfc,1,▁ping,,True,1.0,False,False,False
ping,nfd,1,▁ping,,True,1.0,False,False,False
pom,nfc,1,▁pom,,True,1.0,False,False,False
pom,nfd,1,▁pom,,True,1.0,False,False,False
pu,nfc,1,▁pu,,True,1.0,False,False,False
pu,nfd,1,▁pu,,True,1.0,False,False,False
pác,nfc,2,▁pá|c,2,False,1.0,False,False,False
pác,nfd,2,▁pa|́c,1.5,False,0.0,False,False,False
páp,nfc,2,▁pá|p,2,False,1.0,False,False,False
páp,nfd,3,▁pa|́|p,1.5|2,False,0.5,False,True,False
pê,nfc,1,▁pê,,True,1.0,False,False,False
pê,nfd,2,▁pe|̂,1.5,False,0.0,False,False,False
pô,nfc,1,▁pô,,True,1.0,False,False,False
pô,nfd,2,▁po|̂,1.5,False,0.0,False,False,False
pông,nfc,2,▁p|ông,1,False,1.0,True,False,False
pông,nfd,3,▁po|̂|ng,1.5|2,False,0.5,False,False,False
pơ,nfc,2,▁p|ơ,1,False,1.0,True,False,False
pơ,nfd,2,▁po|̛,1.5,False,0.0,False,False,False
qua,nfc,1,▁qua,,True,1.0,False,False,False
qua,nfd,1,▁qua,,True,1.0,False,False,False
quai,nfc,1,▁quai,,True,1.0,False,False,False
quai,nfd,1,▁quai,,True,1.0,False,False,False
quan,nfc,1,▁quan,,True,1.0,False,False,False
quan,nfd,1,▁quan,,True,1.0,False,False,False
quang,nfc,1,▁quang,,True,1.0,False,False,False
quang,nfd,1,▁quang,,True,1.0,False,False,False
quanh,nfc,1,▁quanh,,True,1.0,False,False,False
quanh,nfd,1,▁quanh,,True,1.0,False,False,False
quao,nfc,2,▁qu|ao,2,False,1.0,False,False,False
quao,nfd,2,▁qu|ao,2,False,1.0,False,False,False
quau,nfc,2,▁qu|au,2,False,1.0,False,False,False
quau,nfd,2,▁qu|au,2,False,1.0,False,False,False
quay,nfc,1,▁quay,,True,1.0,False,False,False
quay,nfd,1,▁quay,,True,1.0,False,False,False
que,nfc,1,▁que,,True,1.0,False,False,False
que,nfd,1,▁que,,True,1.0,False,False,False
quen,nfc,1,▁quen,,True,1.0,False,False,False
quen,nfd,1,▁quen,,True,1.0,False,False,False
queo,nfc,2,▁que|o,3,False,1.0,False,False,False
queo,nfd,2,▁que|o,3,False,1.0,False,False,False
quy,nfc,1,▁quy,,True,1.0,False,False,False
quy,nfd,1,▁quy,,True,1.0,False,False,False
quyên,nfc,2,▁quy|ên,3,False,0.0,False,False,False
quyên,nfd,4,▁qu|ye|̂|n,2|3.5|4,False,0.6666666666666666,False,False,False
quyến,nfc,1,▁quyến,,True,1.0,False,False,False
quyến,nfd,4,▁qu|ye|̂|́n,2|3.5|3.5,False,0.3333333333333333,False,False,False
quyết,nfc,1,▁quyết,,True,1.0,False,False,False
quyết,nfd,4,▁qu|ye|̂|́t,2|3.5|3.5,False,0.3333333333333333,False,False,False
quyền,nfc,1,▁quyền,,True,1.0,False,False,False
quyền,nfd,4,▁qu|ye|̂|̀n,2|3.5|3.5,False,0.3333333333333333,False,False,False
quyển,nfc,2,▁quy|ển,3,False,0.0,False,False,False
quyển,nfd,5,▁qu|ye|̂|̉|n,2|3.5|3.5|4,False,0.5,False,True,False
quyện,nfc,2,▁quy|ện,3,False,0.0,False,False,False
quyện,nfd,5,▁qu|ye|̣|̂|n,2|3.5|3.5|4,False,0.5,False,True,False
quyệt,nfc,2,▁quy|ệt,3,False,0.0,False,False,False
quyệt,nfd,5,▁qu|ye|̣|̂|t,2|3.5|3.5|4,False,0.5,False,True,False
quà,nfc,1,▁quà,,True,1.0,False,False,False
quà,nfd,2,▁qua|̀,2.5,False,0.0,False,True,False
quài,nfc,2,▁qu|ài,2,False,1.0,False,False,False
quài,nfd,2,▁qua|̀i,2.5,False,0.0,False,False,False
quàn,nfc,2,▁qu|àn,2,False,1.0,False,False,False
quàn,nfd,2,▁qua|̀n,2.5,False,0.0,False,False,False
quàng,nfc,2,▁qu|àng,2,False,1.0,False,False,False
quàng,nfd,2,▁qua|̀ng,2.5,False,0.0,False,False,False
quành,nfc,2,▁qu|ành,2,False,1.0,False,False,False
quành,nfd,2,▁qua|̀nh,2.5,False,0.0,False,False,False
quào,nfc,2,▁qu|ào,2,False,1.0,False,False,False
quào,nfd,3,▁qua|̀|o,2.5|3,False,0.5,False,True,False
quàu,nfc,2,▁qu|àu,2,False,1.0,False,False,False
quàu,nfd,2,▁qua|̀u,2.5,False,0.0,False,False,False
quày,nfc,2,▁qu|ày,2,False,1.0,False,False,False
quày,nfd,3,▁qua|̀|y,2.5|3,False,0.5,False,True,False
quá,nfc,1,▁quá,,True,1.0,False,False,False
quá,nfd,2,▁qua|́,2.5,False,0.0,False,True,False
quác,nfc,2,▁qu|ác,2,False,1.0,False,False,False
quác,nfd,2,▁qua|́c,2.5,False,0.0,False,False,False
quách,nfc,2,▁qu|ách,2,False,1.0,False,False,False
quách,nfd,3,▁qua|́|ch,2.5|3,False,0.5,False,True,False
quái,nfc,2,▁qu|ái,2,False,1.0,False,False,False
quái,nfd,2,▁qua|́i,2.5,False,0.0,False,False,False
quán,nfc,1,▁quán,,True,1.0,False,False,False
quán,nfd,2,▁qua|́n,2.5,False,0.0,False,False,False
quáng,nfc,2,▁qu|áng,2,False,1.0,False,False,False
quáng,nfd,2,▁qua|́ng,2.5,False,0.0,False,False,False
quánh,nfc,2,▁qu|ánh,2,False,1.0,False,False,False
quánh,nfd,3,▁qua|́|nh,2.5|3,False,0.5,False,True,False
quáo,nfc,2,▁qu|áo,2,False,1.0,False,False,False
quáo,nfd,3,▁qua|́|o,2.5|3,False,0.5,False,True,False
quát,nfc,2,▁qu|át,2,False,1.0,False,False,False
quát,nfd,2,▁qua|́t,2.5,False,0.0,False,False,False
quáu,nfc,2,▁quá|u,3,False,1.0,False,False,False
quáu,nfd,3,▁qua|́|u,2.5|3,False,0.5,False,True,False
quân,nfc,1,▁quân,,True,1.0,False,False,False
quân,nfd,3,▁qua|̂|n,2.5|3,False,0.5,False,False,False
quây,nfc,2,▁qu|ây,2,False,1.0,False,False,False
quây,nfd,3,▁qua|̂|y,2.5|3,False,0.5,False,False,False
quãng,nfc,2,▁qu|ãng,2,False,1.0,False,False,False
quãng,nfd,3,▁qua|̃|ng,2.5|3,False,0.5,False,True,False
què,nfc,1,▁què,,True,1.0,False,False,False
què,nfd,2,▁que|̀,2.5,False,0.0,False,True,False
quèn,nfc,2,▁qu|èn,2,False,1.0,False,False,False
quèn,nfd,2,▁que|̀n,2.5,False,0.0,False,False,False
quèo,nfc,2,▁qu|èo,2,False,1.0,False,False,False
quèo,nfd,3,▁que|̀|o,2.5|3,False,0.5,False,True,False
qué,nfc,1,▁qué,,True,1.0,False,False,False
qué,nfd,2,▁que|́,2.5,False,0.0,False,True,False
quén,nfc,2,▁qu|én,2,False,1.0,False,False,False
quén,nfd,2,▁que|́n,2.5,False,0.0,False,False,False
quéo,nfc,2,▁qué|o,3,False,1.0,False,False,False
quéo,nfd,3,▁que|́|o,2.5|3,False,0.5,False,True,False
quét,nfc,2,▁qu|ét,2,False,1.0,False,False,False
quét,nfd,2,▁que|́t,2.5,False,0.0,False,False,False
quê,nfc,1,▁quê,,True,1.0,False,False,False
quê,nfd,2,▁que|̂,2.5,False,0.0,False,False,False
quên,nfc,1,▁quên,,True,1.0,False,False,False
quên,nfd,3,▁que|̂|n,2.5|3,False,0.5,False,False,False
quít,nfc,2,▁qu|ít,2,False,1.0,False,False,False
quít,nfd,2,▁qui|́t,2.5,False,0.0,False,False,False
quý,nfc,1,▁quý,,True,1.0,False,False,False
quý,nfd,2,▁quy|́,2.5,False,0.0,False,True,False
quýnh,nfc,2,▁quý|nh,3,False,1.0,False,False,False
quýnh,nfd,3,▁quy|́|nh,2.5|3,False,0.5,False,True,False
quýt,nfc,2,▁quý|t,3,False,1.0,False,False,False
quýt,nfd,2,▁quy|́t,2.5,False,0.0,False,False,False
quăm,nfc,2,▁qu|ăm,2,False,1.0,False,False,False
quăm,nfd,3,▁qua|̆|m,2.5|3,False,0.5,False,False,False
quăn,nfc,2,▁qu|ăn,2,False,1.0,False,False,False
quăn,nfd,3,▁qua|̆|n,2.5|3,False,0.5,False,False,False
quăng,nfc,2,▁qu|ăng,2,False,1.0,False,False,False
quăng,nfd,3,▁qua|̆|ng,2.5|3,False,0.5,False,False,False
quơ,nfc,2,▁qu|ơ,2,False,1.0,False,False,False
quơ,nfd,2,▁quo|̛,2.5,False,0.0,False,False,False
quạ,nfc,2,▁qu|ạ,2,False,1.0,False,False,False
quạ,nfd,2,▁qua|̣,2.5,False,0.0,False,True,False
quạc,nfc,2,▁qu|ạc,2,False,1.0,False,False,False
quạc,nfd,2,▁qua|̣c,2.5,False,0.0,False,False,False
quạch,nfc,2,▁qu|ạch,2,False,1.0,False,False,False
quạch,nfd,3,▁qua|̣|ch,2.5|3,False,0.5,False,True,False
quại,nfc,2,▁qu|ại,2,False,1.0,False,False,False
quại,nfd,2,▁qua|̣i,2.5,False,0.0,False,False,False
quạng,nfc,2,▁qu|ạng,2,False,1.0,False,False,False
quạng,nfd,2,▁qua|̣ng,2.5,False,0.0,False,False,False
quạnh,nfc,2,▁qu|ạnh,2,False,1.0,False,False,False
quạnh,nfd,3,▁qua|̣|nh,2.5|3,False,0.5,False,True,False
quạt,nfc,2,▁qu|ạt,2,False,1.0,False,False,False
quạt,nfd,2,▁qua|̣t,2.5,False,0.0,False,False,False
quạu,nfc,3,▁qu|ạ|u,2|3,False,1.0,False,False,False
quạu,nfd,3,▁qua|̣|u,2.5|3,False,0.5,False,True,False
quạy,nfc,2,▁qu|ạy,2,False,1.0,False,False,False
quạy,nfd,3,▁qua|̣|y,2.5|3,False,0.5,False,True,False
quả,nfc,1,▁quả,,True,1.0,False,False,False
quả,nfd,2,▁qua|̉,2.5,False,0.0,False,True,False
quải,nfc,2,▁qu|ải,2,False,1.0,False,False,False
quải,nfd,3,▁qua|̉|i,2.5|3,False,0.5,False,True,False
quản,nfc,1,▁quản,,True,1.0,False,False,False
quản,nfd,3,▁qua|̉|n,2.5|3,False,0.5,False,True,False
quảng,nfc,1,▁quảng,,True,1.0,False,False,False
quảng,nfd,3,▁qua|̉|ng,2.5|3,False,0.5,False,True,False
quảy,nfc,2,▁quả|y,3,False,1.0,False,False,False
quảy,nfd,3,▁qua|̉|y,2.5|3,False,0.5,False,True,False
quấc,nfc,2,▁qu|ấc,2,False,1.0,False,False,False
quấc,nfd,3,▁qua|̂|́c,2.5|2.5,False,0.0,False,False,False
quấn,nfc,2,▁qu|ấn,2,False,1.0,False,False,False
quấn,nfd,3,▁qua|̂|́n,2.5|2.5,False,0.0,False,False,False
quất,nfc,2,▁qu|ất,2,False,1.0,False,False,False
quất,nfd,3,▁qua|̂|́t,2.5|2.5,False,0.0,False,False,False
quấy,nfc,2,▁qu|ấy,2,False,1.0,False,False,False
quấy,nfd,4,▁qua|̂|́|y,2.5|2.5|3,False,0.3333333333333333,False,True,False
quần,nfc,1,▁quần,,True,1.0,False,False,False
quần,nfd,3,▁qua|̂|̀n,2.5|2.5,False,0.0,False,False,False
quầng,nfc,2,▁qu|ầng,2,False,1.0,False,False,False
quầng,nfd,3,▁qua|̂|̀ng,2.5|2.5,False,0.0,False,False,False
quầy,nfc,2,▁qu|ầy,2,False,1.0,False,False,False
quầy,nfd,4,▁qua|̂|̀|y,2.5|2.5|3,False,0.3333333333333333,False,True,False
quẩn,nfc,2,▁qu|ẩn,2,False,1.0,False,False,False
quẩn,nfd,4,▁qua|̂|̉|n,2.5|2.5|3,False,0.3333333333333333,False,True,False
quẩng,nfc,3,▁qu|ẩ|ng,2|3,False,1.0,False,False,False
quẩng,nfd,4,▁qua|̂|̉|ng,2.5|2.5|3,False,0.3333333333333333,False,True,False
quẩy,nfc,2,▁qu|ẩy,2,False,1.0,False,False,False
quẩy,nfd,4,▁qua|̂|̉|y,2.5|2.5|3,False,0.3333333333333333,False,True,False
quẫn,nfc,2,▁qu|ẫn,2,False,1.0,False,False,False
quẫn,nfd,4,▁qua|̂|̃|n,2.5|2.5|3,False,0.3333333333333333,False,True,False
quẫy,nfc,2,▁qu|ẫy,2,False,1.0,False,False,False
quẫy,nfd,4,▁qua|̂|̃|y,2.5|2.5|3,False,0.3333333333333333,False,True,False
quận,nfc,1,▁quận,,True,1.0,False,False,False
quận,nfd,4,▁qua|̣|̂|n,2.5|2.5|3,False,0.3333333333333333,False,True,False
quật,nfc,2,▁qu|ật,2,False,1.0,False,False,False
quật,nfd,4,▁qua|̣|̂|t,2.5|2.5|3,False,0.3333333333333333,False,True,False
quậy,nfc,2,▁qu|ậy,2,False,1.0,False,False,False
quậy,nfd,4,▁qua|̣|̂|y,2.5|2.5|3,False,0.3333333333333333,False,True,False
quắc,nfc,2,▁qu|ắc,2,False,1.0,False,False,False
quắc,nfd,3,▁qua|̆|́c,2.5|2.5,False,0.0,False,False,False
quắm,nfc,2,▁qu|ắm,2,False,1.0,False,False,False
quắm,nfd,4,▁qua|̆|́|m,2.5|2.5|3,False,0.3333333333333333,False,True,False
quắn,nfc,2,▁qu|ắn,2,False,1.0,False,False,False
quắn,nfd,3,▁qua|̆|́n,2.5|2.5,False,0.0,False,False,False
quắp,nfc,2,▁qu|ắp,2,False,1.0,False,False,False
quắp,nfd,4,▁qua|̆|́|p,2.5|2.5|3,False,0.3333333333333333,False,True,False
quắt,nfc,2,▁qu|ắt,2,False,1.0,False,False,False
quắt,nfd,3,▁qua|̆|́t,2.5|2.5,False,0.0,False,False,False
quằn,nfc,3,▁qu|ằ|n,2|3,False,1.0,False,False,False
quằn,nfd,3,▁qua|̆|̀n,2.5|2.5,False,0.0,False,False,False
quẳm,nfc,3,▁qu|ẳ|m,2|3,False,1.0,False,False,False
quẳm,nfd,4,▁qua|̆|̉|m,2.5|2.5|3,False,0.3333333333333333,False,True,False
quẳng,nfc,2,▁qu|ẳng,2,False,1.0,False,False,False
quẳng,nfd,4,▁qua|̆|̉|ng,2.5|2.5|3,False,0.3333333333333333,False,True,False
quặc,nfc,2,▁qu|ặc,2,False,1.0,False,False,False
quặc,nfd,4,▁qua|̣|̆|c,2.5|2.5|3,False,0.3333333333333333,False,True,False
quặm,nfc,3,▁qu|ặ|m,2|3,False,1.0,False,False,False
quặm,nfd,4,▁qua|̣|̆|m,2.5|2.5|3,False,0.3333333333333333,False,True,False
quặn,nfc,2,▁qu|ặn,2,False,1.0,False,False,False
quặn,nfd,4,▁qua|̣|̆|n,2.5|2.5|3,False,0.3333333333333333,False,True,False
quặng,nfc,2,▁qu|ặng,2,False,1.0,False,False,False
quặng,nfd,4,▁qua|̣|̆|ng,2.5|2.5|3,False,0.3333333333333333,False,True,False
quặp,nfc,2,▁qu|ặp,2,False,1.0,False,False,False
quặp,nfd,4,▁qua|̣|̆|p,2.5|2.5|3,False,0.3333333333333333,False,True,False
quặt,nfc,2,▁qu|ặt,2,False,1.0,False,False,False
quặt,nfd,4,▁qua|̣|̆|t,2.5|2.5|3,False,0.3333333333333333,False,True,False
quẹo,nfc,2,▁qu|ẹo,2,False,1.0,False,False,False
quẹo,nfd,3,▁que|̣|o,2.5|3,False,0.5,False,True,False
quẹt,nfc,3,▁qu|ẹ|t,2|3,False,1.0,False,False,False
quẹt,nfd,2,▁que|̣t,2.5,False,0.0,False,False,False
quẻ,nfc,2,▁qu|ẻ,2,False,1.0,False,False,False
quẻ,nfd,2,▁que|̉,2.5,False,0.0,False,True,False
quẽ,nfc,2,▁qu|ẽ,2,False,1.0,False,False,False
quẽ,nfd,2,▁que|̃,2.5,False,0.0,False,True,False
quế,nfc,2,▁qu|ế,2,False,1.0,False,False,False
quế,nfd,3,▁que|̂|́,2.5|2.5,False,0.0,False,True,False
quết,nfc,2,▁qu|ết,2,False,1.0,False,False,False
quết,nfd,3,▁que|̂|́t,2.5|2.5,False,0.0,False,False,False
quếu,nfc,2,▁qu|ếu,2,False,1.0,False,False,False
quếu,nfd,4,▁que|̂|́|u,2.5|2.5|3,False,0.3333333333333333,False,True,False
quềnh,nfc,3,▁qu|ề|nh,2|3,False,1.0,False,False,False
quềnh,nfd,3,▁que|̂|̀nh,2.5|2.5,False,0.0,False,False,False
quều,nfc,2,▁qu|ều,2,False,1.0,False,False,False
quều,nfd,3,▁que|̂|̀u,2.5|2.5,False,0.0,False,False,False
quệ,nfc,2,▁qu|ệ,2,False,1.0,False,False,False
quệ,nfd,3,▁que|̣|̂,2.5|2.5,False,0.0,False,True,False
quệch,nfc,3,▁qu|ệ|ch,2|3,False,1.0,False,False,False
quệch,nfd,4,▁que|̣|̂|ch,2.5|2.5|3,False,0.3333333333333333,False,True,False
quện,nfc,2,▁qu|ện,2,False,1.0,False,False,False
quện,nfd,4,▁que|̣|̂|n,2.5|2.5|3,False,0.3333333333333333,False,True,False
quệnh,nfc,2,▁qu|ệnh,2,False,1.0,False,False,False
quệnh,nfd,4,▁que|̣|̂|nh,2.5|2.5|3,False,0.3333333333333333,False,True,False
quệt,nfc,2,▁qu|ệt,2,False,1.0,False,False,False
quệt,nfd,4,▁que|̣|̂|t,2.5|2.5|3,False,0.3333333333333333,False,True,False
quịt,nfc,2,▁qu|ịt,2,False,1.0,False,False,False
quịt,nfd,2,▁qui|̣t,2.5,False,0.0,False,False,False
quốc,nfc,1,▁quốc,,True,1.0,False,False,False
quốc,nfd,3,▁quo|̂|́c,2.5|2.5,False,0.0,False,False,False
quớ,nfc,2,▁qu|ớ,2,False,1.0,False,False,False
quớ,nfd,3,▁quo|̛|́,2.5|2.5,False,0.0,False,True,False
quờ,nfc,2,▁qu|ờ,2,False,1.0,False,False,False
quờ,nfd,3,▁quo|̛|̀,2.5|2.5,False,0.0,False,True,False
quở,nfc,2,▁qu|ở,2,False,1.0,False,False,False
quở,nfd,3,▁quo|̛|̉,2.5|2.5,False,0.0,False,True,False
quởn,nfc,3,▁qu|ở|n,2|3,False,1.0,False,False,False
quởn,nfd,4,▁quo|̛|̉|n,2.5|2.5|3,False,0.3333333333333333,False,True,False
quỳ,nfc,2,▁qu|ỳ,2,False,1.0,False,False,False
quỳ,nfd,2,▁quy|̀,2.5,False,0.0,False,True,False
quỳnh,nfc,2,▁qu|ỳnh,2,False,1.0,False,False,False
quỳnh,nfd,2,▁quy|̀nh,2.5,False,0.0,False,False,False
quỵ,nfc,2,▁qu|ỵ,2,False,1.0,False,False,False
quỵ,nfd,2,▁quy|̣,2.5,False,0.0,False,True,False
quỵt,nfc,3,▁qu|ỵ|t,2|3,False,1.0,False,False,False
quỵt,nfd,2,▁quy|̣t,2.5,False,0.0,False,False,False
quỷ,nfc,1,▁quỷ,,True,1.0,False,False,False
quỷ,nfd,2,▁quy|̉,2.5,False,0.0,False,True,False
quỷnh,nfc,2,▁quỷ|nh,3,False,1.0,False,False,False
quỷnh,nfd,3,▁quy|̉|nh,2.5|3,False,0.5,False,True,False
quỹ,nfc,2,▁qu|ỹ,2,False,1.0,False,False,False
quỹ,nfd,2,▁quy|̃,2.5,False,0.0,False,True,False
ra,nfc,1,▁ra,,True,1.0,False,False,False
ra,nfd,1,▁ra,,True,1.0,False,False,False
rai,nfc,1,▁rai,,True,1.0,False,False,False
rai,nfd,1,▁rai,,True,1.0,False,False,False
ram,nfc,1,▁ram,,True,1.0,False,False,False
ram,nfd,1,▁ram,,True,1.0,False,False,False
ran,nfc,1,▁ran,,True,1.0,False,False,False
ran,nfd,1,▁ran,,True,1.0,False,False,False
rang,nfc,1,▁rang,,True,1.0,False,False,False
rang,nfd,1,▁rang,,True,1.0,False,False,False
ranh,nfc,2,▁ran|h,3,False,0.0,False,False,False
ranh,nfd,2,▁ran|h,3,False,0.0,False,False,False
rao,nfc,2,▁ra|o,2,False,1.0,False,False,False
rao,nfd,2,▁ra|o,2,False,1.0,False,False,False
rau,nfc,1,▁rau,,True,1.0,False,False,False
rau,nfd,1,▁rau,,True,1.0,False,False,False
ray,nfc,1,▁ray,,True,1.0,False,False,False
ray,nfd,1,▁ray,,True,1.0,False,False,False
re,nfc,1,▁re,,True,1.0,False,False,False
re,nfd,1,▁re,,True,1.0,False,False,False
ren,nfc,1,▁ren,,True,1.0,False,False,False
ren,nfd,1,▁ren,,True,1.0,False,False,False
reng,nfc,1,▁reng,,True,1.0,False,False,False
reng,nfd,1,▁reng,,True,1.0,False,False,False
reo,nfc,1,▁reo,,True,1.0,False,False,False
reo,nfd,1,▁reo,,True,1.0,False,False,False
ri,nfc,1,▁ri,,True,1.0,False,False,False
ri,nfd,1,▁ri,,True,1.0,False,False,False
ria,nfc,1,▁ria,,True,1.0,False,False,False
ria,nfd,1,▁ria,,True,1.0,False,False,False
rim,nfc,1,▁rim,,True,1.0,False,False,False
rim,nfd,1,▁rim,,True,1.0,False,False,False
rin,nfc,1,▁rin,,True,1.0,False,False,False
rin,nfd,1,▁rin,,True,1.0,False,False,False
rinh,nfc,2,▁r|inh,1,False,1.0,True,False,False
rinh,nfd,2,▁r|inh,1,False,1.0,True,False,False
riu,nfc,1,▁riu,,True,1.0,False,False,False
riu,nfd,1,▁riu,,True,1.0,False,False,False
riêng,nfc,1,▁riêng,,True,1.0,False,False,False
riêng,nfd,3,▁rie|̂|ng,2.5|3,False,0.5,False,False,False
riêu,nfc,2,▁ri|êu,2,False,0.0,False,False,False
riêu,nfd,3,▁rie|̂|u,2.5|3,False,0.5,False,False,False
riết,nfc,2,▁ri|ết,2,False,0.0,False,False,False
riết,nfd,3,▁rie|̂|́t,2.5|2.5,False,0.0,False,False,False
riếu,nfc,2,▁ri|ếu,2,False,0.0,False,False,False
riếu,nfd,4,▁rie|̂|́|u,2.5|2.5|3,False,0.3333333333333333,False,True,False
riềm,nfc,2,▁ri|ềm,2,False,0.0,False,False,False
riềm,nfd,4,▁rie|̂|̀|m,2.5|2.5|3,False,0.3333333333333333,False,True,False
riềng,nfc,3,▁ri|ề|ng,2|3,False,0.5,False,False,False
riềng,nfd,3,▁rie|̂|̀ng,2.5|2.5,False,0.0,False,False,False
riệt,nfc,2,▁ri|ệt,2,False,0.0,False,False,False
riệt,nfd,4,▁rie|̣|̂|t,2.5|2.5|3,False,0.3333333333333333,False,True,False
ro,nfc,1,▁ro,,True,1.0,False,False,False
ro,nfd,1,▁ro,,True,1.0,False,False,False
roa,nfc,2,▁ro|a,2,False,1.0,False,False,False
roa,nfd,2,▁ro|a,2,False,1.0,False,False,False
roi,nfc,1,▁roi,,True,1.0,False,False,False
roi,nfd,1,▁roi,,True,1.0,False,False,False
rom,nfc,1,▁rom,,True,1.0,False,False,False
rom,nfd,1,▁rom,,True,1.0,False,False,False
rong,nfc,1,▁rong,,True,1.0,False,False,False
rong,nfd,1,▁rong,,True,1.0,False,False,False
ru,nfc,1,▁ru,,True,1.0,False,False,False
ru,nfd,1,▁ru,,True,1.0,False,False,False
rua,nfc,1,▁rua,,True,1.0,False,False,False
rua,nfd,1,▁rua,,True,1.0,False,False,False
rum,nfc,1,▁rum,,True,1.0,False,False,False
rum,nfd,1,▁rum,,True,1.0,False,False,False
run,nfc,1,▁run,,True,1.0,False,False,False
run,nfd,1,▁run,,True,1.0,False,False,False
rung,nfc,1,▁rung,,True,1.0,False,False,False
rung,nfd,1,▁rung,,True,1.0,False,False,False
ruốc,nfc,2,▁ru|ốc,2,False,0.0,False,False,False
ruốc,nfd,4,▁ru|o|̂|́c,2|2.5|2.5,False,0.0,False,False,False
ruối,nfc,2,▁ru|ối,2,False,0.0,False,False,False
ruối,nfd,4,▁ru|o|̂|́i,2|2.5|2.5,False,0.0,False,False,False
ruồi,nfc,2,▁ru|ồi,2,False,0.0,False,False,False
ruồi,nfd,4,▁ru|o|̂|̀i,2|2.5|2.5,False,0.0,False,False,False
ruồng,nfc,2,▁ru|ồng,2,False,0.0,False,False,False
ruồng,nfd,4,▁ru|o|̂|̀ng,2|2.5|2.5,False,0.0,False,False,False
ruổi,nfc,2,▁ru|ổi,2,False,0.0,False,False,False
ruổi,nfd,5,▁ru|o|̂|̉|i,2|2.5|2.5|3,False,0.25,False,True,False
ruỗng,nfc,2,▁ru|ỗng,2,False,0.0,False,False,False
ruỗng,nfd,5,▁ru|o|̂|̃|ng,2|2.5|2.5|3,False,0.25,False,True,False
ruộm,nfc,2,▁ru|ộm,2,False,0.0,False,False,False
ruộm,nfd,5,▁ru|o|̣|̂|m,2|2.5|2.5|3,False,0.25,False,True,False
ruộng,nfc,2,▁ru|ộng,2,False,0.0,False,False,False
ruộng,nfd,5,▁ru|o|̣|̂|ng,2|2.5|2.5|3,False,0.25,False,True,False
ruột,nfc,2,▁ru|ột,2,False,0.0,False,False,False
ruột,nfd,5,▁ru|o|̣|̂|t,2|2.5|2.5|3,False,0.25,False,True,False
rà,nfc,2,▁r|à,1,False,1.0,True,False,False
rà,nfd,2,▁ra|̀,1.5,False,0.0,False,True,False
rài,nfc,2,▁r|ài,1,False,1.0,True,False,False
rài,nfd,2,▁ra|̀i,1.5,False,0.0,False,False,False
ràn,nfc,2,▁r|àn,1,False,1.0,True,False,False
ràn,nfd,2,▁ra|̀n,1.5,False,0.0,False,False,False
ràng,nfc,1,▁ràng,,True,1.0,False,False,False
ràng,nfd,2,▁ra|̀ng,1.5,False,0.0,False,False,False
rành,nfc,2,▁r|ành,1,False,1.0,True,False,False
rành,nfd,2,▁ra|̀nh,1.5,False,0.0,False,False,False
rào,nfc,2,▁r|ào,1,False,1.0,True,False,False
rào,nfd,3,▁ra|̀|o,1.5|2,False,0.5,False,True,False
rày,nfc,2,▁r|ày,1,False,1.0,True,False,False
rày,nfd,3,▁ra|̀|y,1.5|2,False,0.5,False,True,False
rá,nfc,1,▁rá,,True,1.0,False,False,False
rá,nfd,2,▁ra|́,1.5,False,0.0,False,True,False
rác,nfc,1,▁rác,,True,1.0,False,False,False
rác,nfd,2,▁ra|́c,1.5,False,0.0,False,False,False
rách,nfc,2,▁r|ách,1,False,1.0,True,False,False
rách,nfd,3,▁ra|́|ch,1.5|2,False,0.5,False,True,False
rái,nfc,2,▁r|ái,1,False,1.0,True,False,False
rái,nfd,2,▁ra|́i,1.5,False,0.0,False,False,False
rám,nfc,1,▁rám,,True,1.0,False,False,False
rám,nfd,3,▁ra|́|m,1.5|2,False,0.5,False,True,False
rán,nfc,2,▁r|án,1,False,1.0,True,False,False
rán,nfd,2,▁ra|́n,1.5,False,0.0,False,False,False
ráng,nfc,2,▁r|áng,1,False,1.0,True,False,False
ráng,nfd,2,▁ra|́ng,1.5,False,0.0,False,False,False
ráo,nfc,2,▁r|áo,1,False,1.0,True,False,False
ráo,nfd,3,▁ra|́|o,1.5|2,False,0.5,False,True,False
ráp,nfc,1,▁ráp,,True,1.0,False,False,False
ráp,nfd,3,▁ra|́|p,1.5|2,False,0.5,False,True,False
rát,nfc,2,▁r|át,1,False,1.0,True,False,False
rát,nfd,2,▁ra|́t,1.5,False,0.0,False,False,False
ráy,nfc,2,▁rá|y,2,False,1.0,False,False,False
ráy,nfd,3,▁ra|́|y,1.5|2,False,0.5,False,True,False
râm,nfc,2,▁r|âm,1,False,1.0,True,False,False
râm,nfd,3,▁ra|̂|m,1.5|2,False,0.5,False,False,False
rân,nfc,2,▁r|ân,1,False,1.0,True,False,False
rân,nfd,3,▁ra|̂|n,1.5|2,False,0.5,False,False,False
râu,nfc,2,▁r|âu,1,False,1.0,True,False,False
râu,nfd,3,▁ra|̂|u,1.5|2,False,0.5,False,False,False
rây,nfc,2,▁r|ây,1,False,1.0,True,False,False
rây,nfd,3,▁ra|̂|y,1.5|2,False,0.5,False,False,False
rã,nfc,2,▁r|ã,1,False,1.0,True,False,False
rã,nfd,2,▁ra|̃,1.5,False,0.0,False,True,False
rãi,nfc,2,▁r|ãi,1,False,1.0,True,False,False
rãi,nfd,3,▁ra|̃|i,1.5|2,False,0.5,False,True,False
rãnh,nfc,3,▁r|ã|nh,1|2,False,1.0,True,False,False
rãnh,nfd,3,▁ra|̃|nh,1.5|2,False,0.5,False,True,False
rão,nfc,2,▁r|ão,1,False,1.0,True,False,False
rão,nfd,2,▁ra|̃o,1.5,False,0.0,False,False,False
rãy,nfc,2,▁r|ãy,1,False,1.0,True,False,False
rãy,nfd,3,▁ra|̃|y,1.5|2,False,0.5,False,True,False
rè,nfc,1,▁rè,,True,1.0,False,False,False
rè,nfd,2,▁re|̀,1.5,False,0.0,False,True,False
rèm,nfc,2,▁rè|m,2,False,1.0,False,False,False
rèm,nfd,3,▁re|̀|m,1.5|2,False,0.5,False,True,False
rèn,nfc,2,▁r|èn,1,False,1.0,True,False,False
rèn,nfd,2,▁re|̀n,1.5,False,0.0,False,False,False
rèo,nfc,2,▁rè|o,2,False,1.0,False,False,False
rèo,nfd,3,▁re|̀|o,1.5|2,False,0.5,False,True,False
ré,nfc,1,▁ré,,True,1.0,False,False,False
ré,nfd,2,▁re|́,1.5,False,0.0,False,True,False
rén,nfc,2,▁r|én,1,False,1.0,True,False,False
rén,nfd,2,▁re|́n,1.5,False,0.0,False,False,False
réo,nfc,2,▁ré|o,2,False,1.0,False,False,False
réo,nfd,3,▁re|́|o,1.5|2,False,0.5,False,True,False
rét,nfc,2,▁ré|t,2,False,1.0,False,False,False
rét,nfd,2,▁re|́t,1.5,False,0.0,False,False,False
rê,nfc,1,▁rê,,True,1.0,False,False,False
rê,nfd,2,▁re|̂,1.5,False,0.0,False,False,False
rên,nfc,2,▁r|ên,1,False,1.0,True,False,False
rên,nfd,3,▁re|̂|n,1.5|2,False,0.5,False,False,False
rêu,nfc,2,▁r|êu,1,False,1.0,True,False,False
rêu,nfd,3,▁re|̂|u,1.5|2,False,0.5,False,False,False
rì,nfc,2,▁r|ì,1,False,1.0,True,False,False
rì,nfd,2,▁ri|̀,1.5,False,0.0,False,True,False
rìa,nfc,2,▁r|ìa,1,False,1.0,True,False,False
rìa,nfd,3,▁ri|̀|a,1.5|2,False,0.0,False,True,False
rình,nfc,2,▁r|ình,1,False,1.0,True,False,False
rình,nfd,2,▁ri|̀nh,1.5,False,0.0,False,False,False
rìu,nfc,3,▁r|ì|u,1|2,False,1.0,True,False,False
rìu,nfd,2,▁ri|̀u,1.5,False,0.0,False,False,False
rí,nfc,1,▁rí,,True,1.0,False,False,False
rí,nfd,2,▁ri|́,1.5,False,0.0,False,True,False
rích,nfc,2,▁r|ích,1,False,1.0,True,False,False
rích,nfd,3,▁ri|́|ch,1.5|2,False,0.5,False,True,False
rít,nfc,2,▁r|ít,1,False,1.0,True,False,False
rít,nfd,2,▁ri|́t,1.5,False,0.0,False,False,False
ríu,nfc,2,▁rí|u,2,False,1.0,False,False,False
ríu,nfd,3,▁ri|́|u,1.5|2,False,0.5,False,True,False
rò,nfc,2,▁r|ò,1,False,1.0,True,False,False
rò,nfd,2,▁ro|̀,1.5,False,0.0,False,True,False
ròi,nfc,2,▁r|òi,1,False,1.0,True,False,False
ròi,nfd,2,▁ro|̀i,1.5,False,0.0,False,False,False
ròm,nfc,2,▁r|òm,1,False,1.0,True,False,False
ròm,nfd,3,▁ro|̀|m,1.5|2,False,0.5,False,True,False
ròng,nfc,2,▁r|òng,1,False,1.0,True,False,False
ròng,nfd,2,▁ro|̀ng,1.5,False,0.0,False,False,False
ró,nfc,1,▁ró,,True,1.0,False,False,False
ró,nfd,2,▁ro|́,1.5,False,0.0,False,True,False
róc,nfc,2,▁ró|c,2,False,1.0,False,False,False
róc,nfd,2,▁ro|́c,1.5,False,0.0,False,False,False
rói,nfc,2,▁ró|i,2,False,1.0,False,False,False
rói,nfd,2,▁ro|́i,1.5,False,0.0,False,False,False
róm,nfc,2,▁ró|m,2,False,1.0,False,False,False
róm,nfd,3,▁ro|́|m,1.5|2,False,0.5,False,True,False
rón,nfc,2,▁r|ón,1,False,1.0,True,False,False
rón,nfd,2,▁ro|́n,1.5,False,0.0,False,False,False
róng,nfc,2,▁ró|ng,2,False,1.0,False,False,False
róng,nfd,2,▁ro|́ng,1.5,False,0.0,False,False,False
rót,nfc,2,▁ró|t,2,False,1.0,False,False,False
rót,nfd,2,▁ro|́t,1.5,False,0.0,False,False,False
rô,nfc,1,▁rô,,True,1.0,False,False,False
rô,nfd,2,▁ro|̂,1.5,False,0.0,False,False,False
rôm,nfc,2,▁r|ôm,1,False,1.0,True,False,False
rôm,nfd,3,▁ro|̂|m,1.5|2,False,0.5,False,False,False
rông,nfc,2,▁r|ông,1,False,1.0,True,False,False
rông,nfd,3,▁ro|̂|ng,1.5|2,False,0.5,False,False,False
rõ,nfc,1,▁rõ,,True,1.0,False,False,False
rõ,nfd,2,▁ro|̃,1.5,False,0.0,False,True,False
rõi,nfc,2,▁rõ|i,2,False,1.0,False,False,False
rõi,nfd,3,▁ro|̃|i,1.5|2,False,0.5,False,True,False
rù,nfc,2,▁r|ù,1,False,1.0,True,False,False
rù,nfd,2,▁ru|̀,1.5,False,0.0,False,True,False
rùa,nfc,2,▁r|ùa,1,False,1.0,True,False,False
rùa,nfd,3,▁ru|̀|a,1.5|2,False,0.0,False,True,False
rùm,nfc,2,▁r|ùm,1,False,1.0,True,False,False
rùm,nfd,3,▁ru|̀|m,1.5|2,False,0.5,False,True,False
rùn,nfc,2,▁r|ùn,1,False,1.0,True,False,False
rùn,nfd,2,▁ru|̀n,1.5,False,0.0,False,False,False
rùng,nfc,2,▁r|ùng,1,False,1.0,True,False,False
rùng,nfd,2,▁ru|̀ng,1.5,False,0.0,False,False,False
rú,nfc,1,▁rú,,True,1.0,False,False,False
rú,nfd,2,▁ru|́,1.5,False,0.0,False,True,False
rúc,nfc,2,▁r|úc,1,False,1.0,True,False,False
rúc,nfd,2,▁ru|́c,1.5,False,0.0,False,False,False
rúi,nfc,2,▁r|úi,1,False,1.0,True,False,False
rúi,nfd,2,▁ru|́i,1.5,False,0.0,False,False,False
rúm,nfc,2,▁rú|m,2,False,1.0,False,False,False
rúm,nfd,3,▁ru|́|m,1.5|2,False,0.5,False,True,False
rún,nfc,2,▁r|ún,1,False,1.0,True,False,False
rún,nfd,2,▁ru|́n,1.5,False,0.0,False,False,False
rúng,nfc,2,▁r|úng,1,False,1.0,True,False,False
rúng,nfd,2,▁ru|́ng,1.5,False,0.0,False,False,False
rúp,nfc,2,▁r|úp,1,False,1.0,True,False,False
rúp,nfd,3,▁ru|́|p,1.5|2,False,0.5,False,True,False
rút,nfc,1,▁rút,,True,1.0,False,False,False
rút,nfd,2,▁ru|́t,1.5,False,0.0,False,False,False
răm,nfc,1,▁răm,,True,1.0,False,False,False
răm,nfd,3,▁ra|̆|m,1.5|2,False,0.5,False,False,False
răn,nfc,2,▁r|ăn,1,False,1.0,True,False,False
răn,nfd,3,▁ra|̆|n,1.5|2,False,0.5,False,False,False
răng,nfc,1,▁răng,,True,1.0,False,False,False
răng,nfd,3,▁ra|̆|ng,1.5|2,False,0.5,False,False,False
rĩ,nfc,2,▁r|ĩ,1,False,1.0,True,False,False
rĩ,nfd,2,▁ri|̃,1.5,False,0.0,False,True,False
rũ,nfc,1,▁rũ,,True,1.0,False,False,False
rũ,nfd,2,▁ru|̃,1.5,False,0.0,False,True,False
rũa,nfc,2,▁rũ|a,2,False,0.0,False,False,False
rũa,nfd,3,▁ru|̃|a,1.5|2,False,0.0,False,True,False
rơ,nfc,2,▁r|ơ,1,False,1.0,True,False,False
rơ,nfd,2,▁ro|̛,1.5,False,0.0,False,False,False
rơi,nfc,1,▁rơi,,True,1.0,False,False,False
rơi,nfd,3,▁ro|̛|i,1.5|2,False,0.5,False,False,False
rơm,nfc,2,▁r|ơm,1,False,1.0,True,False,False
rơm,nfd,3,▁ro|̛|m,1.5|2,False,0.5,False,False,False
rơn,nfc,2,▁r|ơn,1,False,1.0,True,False,False
rơn,nfd,3,▁ro|̛|n,1.5|2,False,0.5,False,False,False
rư,nfc,2,▁r|ư,1,False,1.0,True,False,False
rư,nfd,2,▁ru|̛,1.5,False,0.0,False,False,False
rưa,nfc,2,▁r|ưa,1,False,1.0,True,False,False
rưa,nfd,3,▁ru|̛|a,1.5|2,False,0.0,False,False,False
rưng,nfc,2,▁r|ưng,1,False,1.0,True,False,False
rưng,nfd,3,▁ru|̛|ng,1.5|2,False,0.5,False,False,False
rươi,nfc,2,▁r|ươi,1,False,1.0,True,False,False
rươi,nfd,5,▁ru|̛|o|̛|i,1.5|2|2.5|3,False,0.25,False,False,False
rươm,nfc,3,▁r|ươ|m,1|3,False,1.0,True,False,False
rươm,nfd,5,▁ru|̛|o|̛|m,1.5|2|2.5|3,False,0.25,False,False,False
rương,nfc,2,▁r|ương,1,False,1.0,True,False,False
rương,nfd,5,▁ru|̛|o|̛|ng,1.5|2|2.5|3,False,0.25,False,False,False
rước,nfc,2,▁r|ước,1,False,1.0,True,False,False
rước,nfd,5,▁ru|̛|o|̛|́c,1.5|2|2.5|2.5,False,0.0,False,False,False
rưới,nfc,2,▁r|ưới,1,False,1.0,True,False,False
rưới,nfd,5,▁ru|̛|o|̛|́i,1.5|2|2.5|2.5,False,0.0,False,False,False
rướm,nfc,3,▁r|ướ|m,1|3,False,1.0,True,False,False
rướm,nfd,6,▁ru|̛|o|̛|́|m,1.5|2|2.5|2.5|3,False,0.2,False,True,False
rướn,nfc,3,▁r|ướ|n,1|3,False,1.0,True,False,False
rướn,nfd,5,▁ru|̛|o|̛|́n,1.5|2|2.5|2.5,False,0.0,False,False,False
rười,nfc,2,▁r|ười,1,False,1.0,True,False,False
rười,nfd,5,▁ru|̛|o|̛|̀i,1.5|2|2.5|2.5,False,0.0,False,False,False
rườm,nfc,3,▁r|ườ|m,1|3,False,1.0,True,False,False
rườm,nfd,6,▁ru|̛|o|̛|̀|m,1.5|2|2.5|2.5|3,False,0.2,False,True,False
rườn,nfc,2,▁r|ườn,1,False,1.0,True,False,False
rườn,nfd,5,▁ru|̛|o|̛|̀n,1.5|2|2.5|2.5,False,0.0,False,False,False
rường,nfc,2,▁r|ường,1,False,1.0,True,False,False
rường,nfd,5,▁ru|̛|o|̛|̀ng,1.5|2|2.5|2.5,False,0.0,False,False,False
rưởi,nfc,3,▁r|ưở|i,1|3,False,1.0,True,False,False
rưởi,nfd,6,▁ru|̛|o|̛|̉|i,1.5|2|2.5|2.5|3,False,0.2,False,True,False
rưỡi,nfc,2,▁r|ưỡi,1,False,1.0,True,False,False
rưỡi,nfd,6,▁ru|̛|o|̛|̃|i,1.5|2|2.5|2.5|3,False,0.2,False,True,False
rượi,nfc,3,▁r|ượ|i,1|3,False,1.0,True,False,False
rượi,nfd,5,▁ru|̛|o|̛|̣i,1.5|2|2.5|2.5,False,0.0,False,False,False
rượn,nfc,3,▁r|ượ|n,1|3,False,1.0,True,False,False
rượn,nfd,5,▁ru|̛|o|̛|̣n,1.5|2|2.5|2.5,False,0.0,False,False,False
rượt,nfc,2,▁r|ượt,1,False,1.0,True,False,False
rượt,nfd,5,▁ru|̛|o|̛|̣t,1.5|2|2.5|2.5,False,0.0,False,False,False
rượu,nfc,1,▁rượu,,True,1.0,False,False,False
rượu,nfd,6,▁ru|̛|o|̛|̣|u,1.5|2|2.5|2.5|3,False,0.2,False,True,False
rạ,nfc,2,▁r|ạ,1,False,1.0,True,False,False
rạ,nfd,2,▁ra|̣,1.5,False,0.0,False,True,False
rạc,nfc,2,▁r|ạc,1,False,1.0,True,False,False
rạc,nfd,2,▁ra|̣c,1.5,False,0.0,False,False,False
rạch,nfc,2,▁r|ạch,1,False,1.0,True,False,False
rạch,nfd,3,▁ra|̣|ch,1.5|2,False,0.5,False,True,False
rạn,nfc,2,▁r|ạn,1,False,1.0,True,False,False
rạn,nfd,2,▁ra|̣n,1.5,False,0.0,False,False,False
rạng,nfc,2,▁r|ạng,1,False,1.0,True,False,False
rạng,nfd,2,▁ra|̣ng,1.5,False,0.0,False,False,False
rạo,nfc,2,▁r|ạo,1,False,1.0,True,False,False
rạo,nfd,3,▁ra|̣|o,1.5|2,False,0.5,False,True,False
rạp,nfc,2,▁r|ạp,1,False,1.0,True,False,False
rạp,nfd,3,▁ra|̣|p,1.5|2,False,0.5,False,True,False
rạt,nfc,2,▁r|ạt,1,False,1.0,True,False,False
rạt,nfd,2,▁ra|̣t,1.5,False,0.0,False,False,False
rạy,nfc,2,▁r|ạy,1,False,1.0,True,False,False
rạy,nfd,3,▁ra|̣|y,1.5|2,False,0.5,False,True,False
rả,nfc,2,▁r|ả,1,False,1.0,True,False,False
rả,nfd,2,▁ra|̉,1.5,False,0.0,False,True,False
rải,nfc,2,▁r|ải,1,False,1.0,True,False,False
rải,nfd,3,▁ra|̉|i,1.5|2,False,0.5,False,True,False
rảnh,nfc,2,▁r|ảnh,1,False,1.0,True,False,False
rảnh,nfd,3,▁ra|̉|nh,1.5|2,False,0.5,False,True,False
rảo,nfc,2,▁r|ảo,1,False,1.0,True,False,False
rảo,nfd,3,▁ra|̉|o,1.5|2,False,0.5,False,True,False
rảy,nfc,2,▁r|ảy,1,False,1.0,True,False,False
rảy,nfd,3,▁ra|̉|y,1.5|2,False,0.5,False,True,False
rấm,nfc,2,▁r|ấm,1,False,1.0,True,False,False
rấm,nfd,4,▁ra|̂|́|m,1.5|1.5|2,False,0.3333333333333333,False,True,False
rấn,nfc,2,▁r|ấn,1,False,1.0,True,False,False
rấn,nfd,3,▁ra|̂|́n,1.5|1.5,False,0.0,False,False,False
rấp,nfc,2,▁r|ấp,1,False,1.0,True,False,False
rấp,nfd,4,▁ra|̂|́|p,1.5|1.5|2,False,0.3333333333333333,False,True,False
rất,nfc,1,▁rất,,True,1.0,False,False,False
rất,nfd,3,▁ra|̂|́t,1.5|1.5,False,0.0,False,False,False
rầm,nfc,2,▁r|ầm,1,False,1.0,True,False,False
rầm,nfd,4,▁ra|̂|̀|m,1.5|1.5|2,False,0.3333333333333333,False,True,False
rần,nfc,2,▁r|ần,1,False,1.0,True,False,False
rần,nfd,3,▁ra|̂|̀n,1.5|1.5,False,0.0,False,False,False
rầu,nfc,2,▁r|ầu,1,False,1.0,True,False,False
rầu,nfd,3,▁ra|̂|̀u,1.5|1.5,False,0.0,False,False,False
rầy,nfc,2,▁r|ầy,1,False,1.0,True,False,False
rầy,nfd,4,▁ra|̂|̀|y,1.5|1.5|2,False,0.3333333333333333,False,True,False
rẩm,nfc,2,▁r|ẩm,1,False,1.0,True,False,False
rẩm,nfd,4,▁ra|̂|̉|m,1.5|1.5|2,False,0.3333333333333333,False,True,False
rẩy,nfc,2,▁r|ẩy,1,False,1.0,True,False,False
rẩy,nfd,4,▁ra|̂|̉|y,1.5|1.5|2,False,0.3333333333333333,False,True,False
rẫm,nfc,3,▁r|ẫ|m,1|2,False,1.0,True,False,False
rẫm,nfd,4,▁ra|̂|̃|m,1.5|1.5|2,False,0.3333333333333333,False,True,False
rẫy,nfc,2,▁r|ẫy,1,False,1.0,True,False,False
rẫy,nfd,4,▁ra|̂|̃|y,1.5|1.5|2,False,0.3333333333333333,False,True,False
rậm,nfc,2,▁r|ậm,1,False,1.0,True,False,False
rậm,nfd,4,▁ra|̣|̂|m,1.5|1.5|2,False,0.3333333333333333,False,True,False
rận,nfc,2,▁r|ận,1,False,1.0,True,False,False
rận,nfd,4,▁ra|̣|̂|n,1.5|1.5|2,False,0.3333333333333333,False,True,False
rập,nfc,2,▁r|ập,1,False,1.0,True,False,False
rập,nfd,4,▁ra|̣|̂|p,1.5|1.5|2,False,0.3333333333333333,False,True,False
rật,nfc,2,▁r|ật,1,False,1.0,True,False,False
rật,nfd,4,▁ra|̣|̂|t,1.5|1.5|2,False,0.3333333333333333,False,True,False
rắc,nfc,2,▁r|ắc,1,False,1.0,True,False,False
rắc,nfd,3,▁ra|̆|́c,1.5|1.5,False,0.0,False,False,False
rắm,nfc,2,▁r|ắm,1,False,1.0,True,False,False
rắm,nfd,4,▁ra|̆|́|m,1.5|1.5|2,False,0.3333333333333333,False,True,False
rắn,nfc,2,▁r|ắn,1,False,1.0,True,False,False
rắn,nfd,3,▁ra|̆|́n,1.5|1.5,False,0.0,False,False,False
rắp,nfc,2,▁r|ắp,1,False,1.0,True,False,False
rắp,nfd,4,▁ra|̆|́|p,1.5|1.5|2,False,0.3333333333333333,False,True,False
rắt,nfc,2,▁r|ắt,1,False,1.0,True,False,False
rắt,nfd,3,▁ra|̆|́t,1.5|1.5,False,0.0,False,False,False
rằm,nfc,2,▁r|ằm,1,False,1.0,True,False,False
rằm,nfd,4,▁ra|̆|̀|m,1.5|1.5|2,False,0.3333333333333333,False,True,False
rằn,nfc,3,▁r|ằ|n,1|2,False,1.0,True,False,False
rằn,nfd,3,▁ra|̆|̀n,1.5|1.5,False,0.0,False,False,False
rằng,nfc,1,▁rằng,,True,1.0,False,False,False
rằng,nfd,3,▁ra|̆|̀ng,1.5|1.5,False,0.0,False,False,False
rặng,nfc,2,▁r|ặng,1,False,1.0,True,False,False
rặng,nfd,4,▁ra|̣|̆|ng,1.5|1.5|2,False,0.3333333333333333,False,True,False
rặt,nfc,2,▁r|ặt,1,False,1.0,True,False,False
rặt,nfd,4,▁ra|̣|̆|t,1.5|1.5|2,False,0.3333333333333333,False,True,False
rẹo,nfc,2,▁r|ẹo,1,False,1.0,True,False,False
rẹo,nfd,3,▁re|̣|o,1.5|2,False,0.5,False,True,False
rẹt,nfc,3,▁r|ẹ|t,1|2,False,1.0,True,False,False
rẹt,nfd,2,▁re|̣t,1.5,False,0.0,False,False,False
rẻ,nfc,1,▁rẻ,,True,1.0,False,False,False
rẻ,nfd,2,▁re|̉,1.5,False,0.0,False,True,False
rẻng,nfc,2,▁rẻ|ng,2,False,1.0,False,False,False
rẻng,nfd,3,▁re|̉|ng,1.5|2,False,0.5,False,True,False
rẻo,nfc,2,▁rẻ|o,2,False,1.0,False,False,False
rẻo,nfd,3,▁re|̉|o,1.5|2,False,0.5,False,True,False
rẽ,nfc,2,▁r|ẽ,1,False,1.0,True,False,False
rẽ,nfd,2,▁re|̃,1.5,False,0.0,False,True,False
rế,nfc,2,▁r|ế,1,False,1.0,True,False,False
rế,nfd,3,▁re|̂|́,1.5|1.5,False,0.0,False,True,False
rếch,nfc,3,▁r|ế|ch,1|2,False,1.0,True,False,False
rếch,nfd,4,▁re|̂|́|ch,1.5|1.5|2,False,0.3333333333333333,False,True,False
rến,nfc,2,▁r|ến,1,False,1.0,True,False,False
rến,nfd,3,▁re|̂|́n,1.5|1.5,False,0.0,False,False,False
rếp,nfc,2,▁r|ếp,1,False,1.0,True,False,False
rếp,nfd,4,▁re|̂|́|p,1.5|1.5|2,False,0.3333333333333333,False,True,False
rết,nfc,2,▁r|ết,1,False,1.0,True,False,False
rết,nfd,3,▁re|̂|́t,1.5|1.5,False,0.0,False,False,False
rề,nfc,2,▁r|ề,1,False,1.0,True,False,False
rề,nfd,3,▁re|̂|̀,1.5|1.5,False,0.0,False,True,False
rền,nfc,2,▁r|ền,1,False,1.0,True,False,False
rền,nfd,3,▁re|̂|̀n,1.5|1.5,False,0.0,False,False,False
rều,nfc,2,▁r|ều,1,False,1.0,True,False,False
rều,nfd,3,▁re|̂|̀u,1.5|1.5,False,0.0,False,False,False
rể,nfc,2,▁r|ể,1,False,1.0,True,False,False
rể,nfd,3,▁re|̂|̉,1.5|1.5,False,0.0,False,True,False
rểnh,nfc,3,▁r|ể|nh,1|2,False,1.0,True,False,False
rểnh,nfd,4,▁re|̂|̉|nh,1.5|1.5|2,False,0.3333333333333333,False,True,False
rễ,nfc,2,▁r|ễ,1,False,1.0,True,False,False
rễ,nfd,3,▁re|̂|̃,1.5|1.5,False,0.0,False,True,False
rệ,nfc,2,▁r|ệ,1,False,1.0,True,False,False
rệ,nfd,3,▁re|̣|̂,1.5|1.5,False,0.0,False,True,False
rệch,nfc,3,▁r|ệ|ch,1|2,False,1.0,True,False,False
rệch,nfd,4,▁re|̣|̂|ch,1.5|1.5|2,False,0.3333333333333333,False,True,False
rện,nfc,2,▁r|ện,1,False,1.0,True,False,False
rện,nfd,4,▁re|̣|̂|n,1.5|1.5|2,False,0.3333333333333333,False,True,False
rệp,nfc,2,▁r|ệp,1,False,1.0,True,False,False
rệp,nfd,4,▁re|̣|̂|p,1.5|1.5|2,False,0.3333333333333333,False,True,False
rệt,nfc,2,▁r|ệt,1,False,1.0,True,False,False
rệt,nfd,4,▁re|̣|̂|t,1.5|1.5|2,False,0.3333333333333333,False,True,False
rệu,nfc,2,▁r|ệu,1,False,1.0,True,False,False
rệu,nfd,4,▁re|̣|̂|u,1.5|1.5|2,False,0.3333333333333333,False,True,False
rỉ,nfc,2,▁r|ỉ,1,False,1.0,True,False,False
rỉ,nfd,2,▁ri|̉,1.5,False,0.0,False,True,False
rỉa,nfc,3,▁r|ỉ|a,1|2,False,0.5,True,False,False
rỉa,nfd,3,▁ri|̉|a,1.5|2,False,0.0,False,True,False
rỉnh,nfc,2,▁r|ỉnh,1,False,1.0,True,False,False
rỉnh,nfd,3,▁ri|̉|nh,1.5|2,False,0.5,False,True,False
rịa,nfc,2,▁r|ịa,1,False,1.0,True,False,False
rịa,nfd,3,▁ri|̣|a,1.5|2,False,0.0,False,True,False
rịch,nfc,2,▁r|ịch,1,False,1.0,True,False,False
rịch,nfd,3,▁ri|̣|ch,1.5|2,False,0.5,False,True,False
rịn,nfc,2,▁r|ịn,1,False,1.0,True,False,False
rịn,nfd,2,▁ri|̣n,1.5,False,0.0,False,False,False
rịt,nfc,2,▁r|ịt,1,False,1.0,True,False,False
rịt,nfd,2,▁ri|̣t,1.5,False,0.0,False,False,False
rọ,nfc,2,▁r|ọ,1,False,1.0,True,False,False
rọ,nfd,2,▁ro|̣,1.5,False,0.0,False,True,False
rọc,nfc,2,▁r|ọc,1,False,1.0,True,False,False
rọc,nfd,2,▁ro|̣c,1.5,False,0.0,False,False,False
rọi,nfc,2,▁r|ọi,1,False,1.0,True,False,False
rọi,nfd,2,▁ro|̣i,1.5,False,0.0,False,False,False
rọm,nfc,3,▁r|ọ|m,1|2,False,1.0,True,False,False
rọm,nfd,3,▁ro|̣|m,1.5|2,False,0.5,False,True,False
rọt,nfc,2,▁r|ọt,1,False,1.0,True,False,False
rọt,nfd,2,▁ro|̣t,1.5,False,0.0,False,False,False
rỏ,nfc,2,▁r|ỏ,1,False,1.0,True,False,False
rỏ,nfd,2,▁ro|̉,1.5,False,0.0,False,True,False
rỏm,nfc,3,▁r|ỏ|m,1|2,False,1.0,True,False,False
rỏm,nfd,3,▁ro|̉|m,1.5|2,False,0.5,False,True,False
rỏn,nfc,3,▁r|ỏ|n,1|2,False,1.0,True,False,False
rỏn,nfd,3,▁ro|̉|n,1.5|2,False,0.5,False,True,False
rốc,nfc,2,▁r|ốc,1,False,1.0,True,False,False
rốc,nfd,3,▁ro|̂|́c,1.5|1.5,False,0.0,False,False,False
rối,nfc,1,▁rối,,True,1.0,False,False,False
rối,nfd,3,▁ro|̂|́i,1.5|1.5,False,0.0,False,False,False
rốn,nfc,2,▁r|ốn,1,False,1.0,True,False,False
rốn,nfd,3,▁ro|̂|́n,1.5|1.5,False,0.0,False,False,False
rống,nfc,2,▁r|ống,1,False,1.0,True,False,False
rống,nfd,3,▁ro|̂|́ng,1.5|1.5,False,0.0,False,False,False
rốp,nfc,2,▁r|ốp,1,False,1.0,True,False,False
rốp,nfd,4,▁ro|̂|́|p,1.5|1.5|2,False,0.3333333333333333,False,True,False
rốt,nfc,2,▁r|ốt,1,False,1.0,True,False,False
rốt,nfd,3,▁ro|̂|́t,1.5|1.5,False,0.0,False,False,False
rồ,nfc,2,▁r|ồ,1,False,1.0,True,False,False
rồ,nfd,3,▁ro|̂|̀,1.5|1.5,False,0.0,False,True,False
rồi,nfc,1,▁rồi,,True,1.0,False,False,False
rồi,nfd,3,▁ro|̂|̀i,1.5|1.5,False,0.0,False,False,False
rồm,nfc,2,▁r|ồm,1,False,1.0,True,False,False
rồm,nfd,4,▁ro|̂|̀|m,1.5|1.5|2,False,0.3333333333333333,False,True,False
rồng,nfc,1,▁rồng,,True,1.0,False,False,False
rồng,nfd,3,▁ro|̂|̀ng,1.5|1.5,False,0.0,False,False,False
rổ,nfc,2,▁r|ổ,1,False,1.0,True,False,False
rổ,nfd,3,▁ro|̂|̉,1.5|1.5,False,0.0,False,True,False
rổi,nfc,2,▁r|ổi,1,False,1.0,True,False,False
rổi,nfd,4,▁ro|̂|̉|i,1.5|1.5|2,False,0.3333333333333333,False,True,False
rổng,nfc,2,▁r|ổng,1,False,1.0,True,False,False
rổng,nfd,4,▁ro|̂|̉|ng,1.5|1.5|2,False,0.3333333333333333,False,True,False
rỗ,nfc,2,▁r|ỗ,1,False,1.0,True,False,False
rỗ,nfd,3,▁ro|̂|̃,1.5|1.5,False,0.0,False,True,False
rỗi,nfc,2,▁r|ỗi,1,False,1.0,True,False,False
rỗi,nfd,4,▁ro|̂|̃|i,1.5|1.5|2,False,0.3333333333333333,False,True,False
rỗng,nfc,2,▁r|ỗng,1,False,1.0,True,False,False
rỗng,nfd,4,▁ro|̂|̃|ng,1.5|1.5|2,False,0.3333333333333333,False,True,False
rộ,nfc,2,▁r|ộ,1,False,1.0,True,False,False
rộ,nfd,3,▁ro|̣|̂,1.5|1.5,False,0.0,False,True,False
rộc,nfc,2,▁r|ộc,1,False,1.0,True,False,False
rộc,nfd,4,▁ro|̣|̂|c,1.5|1.5|2,False,0.3333333333333333,False,True,False
rộm,nfc,2,▁r|ộm,1,False,1.0,True,False,False
rộm,nfd,4,▁ro|̣|̂|m,1.5|1.5|2,False,0.3333333333333333,False,True,False
rộn,nfc,2,▁r|ộn,1,False,1.0,True,False,False
rộn,nfd,4,▁ro|̣|̂|n,1.5|1.5|2,False,0.3333333333333333,False,True,False
rộng,nfc,1,▁rộng,,True,1.0,False,False,False
rộng,nfd,4,▁ro|̣|̂|ng,1.5|1.5|2,False,0.3333333333333333,False,True,False
rộp,nfc,2,▁r|ộp,1,False,1.0,True,False,False
rộp,nfd,4,▁ro|̣|̂|p,1.5|1.5|2,False,0.3333333333333333,False,True,False
rớ,nfc,2,▁r|ớ,1,False,1.0,True,False,False
rớ,nfd,3,▁ro|̛|́,1.5|1.5,False,0.0,False,True,False
rớm,nfc,2,▁r|ớm,1,False,1.0,True,False,False
rớm,nfd,4,▁ro|̛|́|m,1.5|1.5|2,False,0.3333333333333333,False,True,False
rớt,nfc,2,▁r|ớt,1,False,1.0,True,False,False
rớt,nfd,3,▁ro|̛|́t,1.5|1.5,False,0.0,False,False,False
rờ,nfc,2,▁r|ờ,1,False,1.0,True,False,False
rờ,nfd,3,▁ro|̛|̀,1.5|1.5,False,0.0,False,True,False
rời,nfc,1,▁rời,,True,1.0,False,False,False
rời,nfd,3,▁ro|̛|̀i,1.5|1.5,False,0.0,False,False,False
rờm,nfc,3,▁r|ờ|m,1|2,False,1.0,True,False,False
rờm,nfd,4,▁ro|̛|̀|m,1.5|1.5|2,False,0.3333333333333333,False,True,False
rờn,nfc,3,▁r|ờ|n,1|2,False,1.0,True,False,False
rờn,nfd,3,▁ro|̛|̀n,1.5|1.5,False,0.0,False,False,False
rở,nfc,2,▁r|ở,1,False,1.0,True,False,False
rở,nfd,3,▁ro|̛|̉,1.5|1.5,False,0.0,False,True,False
rởm,nfc,3,▁r|ở|m,1|2,False,1.0,True,False,False
rởm,nfd,4,▁ro|̛|̉|m,1.5|1.5|2,False,0.3333333333333333,False,True,False
rởn,nfc,3,▁r|ở|n,1|2,False,1.0,True,False,False
rởn,nfd,4,▁ro|̛|̉|n,1.5|1.5|2,False,0.3333333333333333,False,True,False
rỡ,nfc,2,▁r|ỡ,1,False,1.0,True,False,False
rỡ,nfd,3,▁ro|̛|̃,1.5|1.5,False,0.0,False,True,False
rỡn,nfc,3,▁r|ỡ|n,1|2,False,1.0,True,False,False
rỡn,nfd,4,▁ro|̛|̃|n,1.5|1.5|2,False,0.3333333333333333,False,True,False
rợ,nfc,2,▁r|ợ,1,False,1.0,True,False,False
rợ,nfd,3,▁ro|̛|̣,1.5|1.5,False,0.0,False,True,False
rợi,nfc,2,▁r|ợi,1,False,1.0,True,False,False
rợi,nfd,3,▁ro|̛|̣i,1.5|1.5,False,0.0,False,False,False
rợm,nfc,3,▁r|ợ|m,1|2,False,1.0,True,False,False
rợm,nfd,4,▁ro|̛|̣|m,1.5|1.5|2,False,0.3333333333333333,False,True,False
rợn,nfc,2,▁r|ợn,1,False,1.0,True,False,False
rợn,nfd,3,▁ro|̛|̣n,1.5|1.5,False,0.0,False,False,False
rợp,nfc,2,▁r|ợp,1,False,1.0,True,False,False
rợp,nfd,4,▁ro|̛|̣|p,1.5|1.5|2,False,0.3333333333333333,False,True,False
rợt,nfc,2,▁r|ợt,1,False,1.0,True,False,False
rợt,nfd,3,▁ro|̛|̣t,1.5|1.5,False,0.0,False,False,False
rục,nfc,2,▁r|ục,1,False,1.0,True,False,False
rục,nfd,2,▁ru|̣c,1.5,False,0.0,False,False,False
rụi,nfc,3,▁r|ụ|i,1|2,False,1.0,True,False,False
rụi,nfd,2,▁ru|̣i,1.5,False,0.0,False,False,False
rụng,nfc,2,▁r|ụng,1,False,1.0,True,False,False
rụng,nfd,2,▁ru|̣ng,1.5,False,0.0,False,False,False
rụt,nfc,3,▁r|ụ|t,1|2,False,1.0,True,False,False
rụt,nfd,2,▁ru|̣t,1.5,False,0.0,False,False,False
rủ,nfc,2,▁r|ủ,1,False,1.0,True,False,False
rủ,nfd,2,▁ru|̉,1.5,False,0.0,False,True,False
rủa,nfc,2,▁r|ủa,1,False,1.0,True,False,False
rủa,nfd,3,▁ru|̉|a,1.5|2,False,0.0,False,True,False
rủi,nfc,2,▁r|ủi,1,False,1.0,True,False,False
rủi,nfd,3,▁ru|̉|i,1.5|2,False,0.5,False,True,False
rủn,nfc,3,▁r|ủ|n,1|2,False,1.0,True,False,False
rủn,nfd,3,▁ru|̉|n,1.5|2,False,0.5,False,True,False
rủng,nfc,2,▁r|ủng,1,False,1.0,True,False,False
rủng,nfd,3,▁ru|̉|ng,1.5|2,False,0.5,False,True,False
rứa,nfc,2,▁r|ứa,1,False,1.0,True,False,False
rứa,nfd,4,▁ru|̛|́|a,1.5|1.5|2,False,0.0,False,True,False
rức,nfc,2,▁r|ức,1,False,1.0,True,False,False
rức,nfd,3,▁ru|̛|́c,1.5|1.5,False,0.0,False,False,False
rứt,nfc,2,▁r|ứt,1,False,1.0,True,False,False
rứt,nfd,3,▁ru|̛|́t,1.5|1.5,False,0.0,False,False,False
rừng,nfc,1,▁rừng,,True,1.0,False,False,False
rừng,nfd,3,▁ru|̛|̀ng,1.5|1.5,False,0.0,False,False,False
rửa,nfc,1,▁rửa,,True,1.0,False,False,False
rửa,nfd,4,▁ru|̛|̉|a,1.5|1.5|2,False,0.0,False,True,False
rửng,nfc,3,▁r|ử|ng,1|2,False,1.0,True,False,False
rửng,nfd,4,▁ru|̛|̉|ng,1.5|1.5|2,False,0.3333333333333333,False,True,False
rữa,nfc,2,▁r|ữa,1,False,1.0,True,False,False
rữa,nfd,4,▁ru|̛|̃|a,1.5|1.5|2,False,0.0,False,True,False
rựa,nfc,2,▁r|ựa,1,False,1.0,True,False,False
rựa,nfd,4,▁ru|̛|̣|a,1.5|1.5|2,False,0.0,False,True,False
rực,nfc,2,▁r|ực,1,False,1.0,True,False,False
rực,nfd,3,▁ru|̛|̣c,1.5|1.5,False,0.0,False,False,False
sa,nfc,1,▁sa,,True,1.0,False,False,False
sa,nfd,1,▁sa,,True,1.0,False,False,False
sai,nfc,1,▁sai,,True,1.0,False,False,False
sai,nfd,1,▁sai,,True,1.0,False,False,False
sam,nfc,1,▁sam,,True,1.0,False,False,False
sam,nfd,1,▁sam,,True,1.0,False,False,False
san,nfc,1,▁san,,True,1.0,False,False,False
san,nfd,1,▁san,,True,1.0,False,False,False
sang,nfc,1,▁sang,,True,1.0,False,False,False
sang,nfd,1,▁sang,,True,1.0,False,False,False
sanh,nfc,2,▁san|h,3,False,0.0,False,False,False
sanh,nfd,2,▁san|h,3,False,0.0,False,False,False
sao,nfc,1,▁sao,,True,1.0,False,False,False
sao,nfd,1,▁sao,,True,1.0,False,False,False
sau,nfc,1,▁sau,,True,1.0,False,False,False
sau,nfd,1,▁sau,,True,1.0,False,False,False
say,nfc,1,▁say,,True,1.0,False,False,False
say,nfd,1,▁say,,True,1.0,False,False,False
se,nfc,1,▁se,,True,1.0,False,False,False
se,nfd,1,▁se,,True,1.0,False,False,False
sen,nfc,1,▁sen,,True,1.0,False,False,False
sen,nfd,1,▁sen,,True,1.0,False,False,False
seo,nfc,1,▁seo,,True,1.0,False,False,False
seo,nfd,1,▁seo,,True,1.0,False,False,False
si,nfc,1,▁si,,True,1.0,False,False,False
si,nfd,1,▁si,,True,1.0,False,False,False
sim,nfc,1,▁sim,,True,1.0,False,False,False
sim,nfd,1,▁sim,,True,1.0,False,False,False
sin,nfc,1,▁sin,,True,1.0,False,False,False
sin,nfd,1,▁sin,,True,1.0,False,False,False
sinh,nfc,1,▁sinh,,True,1.0,False,False,False
sinh,nfd,1,▁sinh,,True,1.0,False,False,False
siu,nfc,2,▁si|u,2,False,1.0,False,False,False
siu,nfd,2,▁si|u,2,False,1.0,False,False,False
siêng,nfc,2,▁si|êng,2,False,0.0,False,False,False
siêng,nfd,3,▁sie|̂|ng,2.5|3,False,0.5,False,False,False
siêu,nfc,1,▁siêu,,True,1.0,False,False,False
siêu,nfd,3,▁sie|̂|u,2.5|3,False,0.5,False,False,False
siết,nfc,2,▁si|ết,2,False,0.0,False,False,False
siết,nfd,3,▁sie|̂|́t,2.5|2.5,False,0.0,False,False,False
siểm,nfc,2,▁si|ểm,2,False,0.0,False,False,False
siểm,nfd,4,▁sie|̂|̉|m,2.5|2.5|3,False,0.3333333333333333,False,True,False
siểng,nfc,3,▁si|ể|ng,2|3,False,0.5,False,False,False
siểng,nfd,4,▁sie|̂|̉|ng,2.5|2.5|3,False,0.3333333333333333,False,True,False
siễn,nfc,2,▁si|ễn,2,False,0.0,False,False,False
siễn,nfd,4,▁sie|̂|̃|n,2.5|2.5|3,False,0.3333333333333333,False,True,False
so,nfc,1,▁so,,True,1.0,False,False,False
so,nfd,1,▁so,,True,1.0,False,False,False
soa,nfc,2,▁so|a,2,False,1.0,False,False,False
soa,nfd,2,▁so|a,2,False,1.0,False,False,False
soi,nfc,1,▁soi,,True,1.0,False,False,False
soi,nfd,1,▁soi,,True,1.0,False,False,False
son,nfc,1,▁son,,True,1.0,False,False,False
son,nfd,1,▁son,,True,1.0,False,False,False
song,nfc,1,▁song,,True,1.0,False,False,False
song,nfd,1,▁song,,True,1.0,False,False,False
soong,nfc,2,▁so|ong,2,False,0.0,False,False,False
soong,nfd,2,▁so|ong,2,False,0.0,False,False,False
soà,nfc,2,▁so|à,2,False,1.0,False,False,False
soà,nfd,3,▁so|a|̀,2|2.5,False,0.5,False,True,False
soài,nfc,2,▁so|ài,2,False,1.0,False,False,False
soài,nfd,3,▁so|a|̀i,2|2.5,False,0.5,False,False,False
soái,nfc,2,▁so|ái,2,False,1.0,False,False,False
soái,nfd,3,▁so|a|́i,2|2.5,False,0.5,False,False,False
soán,nfc,2,▁so|án,2,False,1.0,False,False,False
soán,nfd,3,▁so|a|́n,2|2.5,False,0.5,False,False,False
soát,nfc,1,▁soát,,True,1.0,False,False,False
soát,nfd,3,▁so|a|́t,2|2.5,False,0.5,False,False,False
soóc,nfc,2,▁so|óc,2,False,0.0,False,False,False
soóc,nfd,2,▁soo|́c,2.5,False,0.0,False,False,False
soạn,nfc,2,▁so|ạn,2,False,1.0,False,False,False
soạn,nfd,3,▁so|a|̣n,2|2.5,False,0.5,False,False,False
soạng,nfc,2,▁so|ạng,2,False,1.0,False,False,False
soạng,nfd,3,▁so|a|̣ng,2|2.5,False,0.5,False,False,False
soạt,nfc,2,▁so|ạt,2,False,1.0,False,False,False
soạt,nfd,3,▁so|a|̣t,2|2.5,False,0.5,False,False,False
su,nfc,1,▁su,,True,1.0,False,False,False
su,nfd,1,▁su,,True,1.0,False,False,False
sui,nfc,1,▁sui,,True,1.0,False,False,False
sui,nfd,1,▁sui,,True,1.0,False,False,False
sum,nfc,1,▁sum,,True,1.0,False,False,False
sum,nfd,1,▁sum,,True,1.0,False,False,False
sun,nfc,1,▁sun,,True,1.0,False,False,False
sun,nfd,1,▁sun,,True,1.0,False,False,False
sung,nfc,1,▁sung,,True,1.0,False,False,False
sung,nfd,1,▁sung,,True,1.0,False,False,False
suy,nfc,1,▁suy,,True,1.0,False,False,False
suy,nfd,1,▁suy,,True,1.0,False,False,False
suyển,nfc,2,▁suy|ển,3,False,0.0,False,False,False
suyển,nfd,5,▁su|ye|̂|̉|n,2|3.5|3.5|4,False,0.5,False,True,False
suyễn,nfc,2,▁suy|ễn,3,False,0.0,False,False,False
suyễn,nfd,5,▁su|ye|̂|̃|n,2|3.5|3.5|4,False,0.5,False,True,False
suê,nfc,2,▁su|ê,2,False,1.0,False,False,False
suê,nfd,2,▁sue|̂,2.5,False,0.0,False,False,False
suôn,nfc,2,▁su|ôn,2,False,0.0,False,False,False
suôn,nfd,3,▁suo|̂|n,2.5|3,False,0.5,False,False,False
suông,nfc,2,▁su|ông,2,False,0.0,False,False,False
suông,nfd,3,▁suo|̂|ng,2.5|3,False,0.5,False,False,False
suý,nfc,2,▁su|ý,2,False,1.0,False,False,False
suý,nfd,2,▁suy|́,2.5,False,0.0,False,True,False
suýt,nfc,2,▁su|ýt,2,False,1.0,False,False,False
suýt,nfd,2,▁suy|́t,2.5,False,0.0,False,False,False
suất,nfc,1,▁suất,,True,1.0,False,False,False
suất,nfd,3,▁sua|̂|́t,2.5|2.5,False,0.0,False,False,False
suối,nfc,2,▁su|ối,2,False,0.0,False,False,False
suối,nfd,3,▁suo|̂|́i,2.5|2.5,False,0.0,False,False,False
suốt,nfc,1,▁suốt,,True,1.0,False,False,False
suốt,nfd,3,▁suo|̂|́t,2.5|2.5,False,0.0,False,False,False
suồng,nfc,2,▁su|ồng,2,False,0.0,False,False,False
suồng,nfd,3,▁suo|̂|̀ng,2.5|2.5,False,0.0,False,False,False
suỵt,nfc,3,▁su|ỵ|t,2|3,False,1.0,False,False,False
suỵt,nfd,2,▁suy|̣t,2.5,False,0.0,False,False,False
sà,nfc,2,▁s|à,1,False,1.0,True,False,False
sà,nfd,2,▁sa|̀,1.5,False,0.0,False,True,False
sài,nfc,1,▁sài,,True,1.0,False,False,False
sài,nfd,2,▁sa|̀i,1.5,False,0.0,False,False,False
sàm,nfc,2,▁s|àm,1,False,1.0,True,False,False
sàm,nfd,3,▁sa|̀|m,1.5|2,False,0.5,False,True,False
sàn,nfc,1,▁sàn,,True,1.0,False,False,False
sàn,nfd,2,▁sa|̀n,1.5,False,0.0,False,False,False
sàng,nfc,1,▁sàng,,True,1.0,False,False,False
sàng,nfd,2,▁sa|̀ng,1.5,False,0.0,False,False,False
sành,nfc,2,▁s|ành,1,False,1.0,True,False,False
sành,nfd,2,▁sa|̀nh,1.5,False,0.0,False,False,False
sào,nfc,2,▁s|ào,1,False,1.0,True,False,False
sào,nfd,3,▁sa|̀|o,1.5|2,False,0.5,False,True,False
sá,nfc,1,▁sá,,True,1.0,False,False,False
sá,nfd,2,▁sa|́,1.5,False,0.0,False,True,False
sác,nfc,2,▁s|ác,1,False,1.0,True,False,False
sác,nfd,2,▁sa|́c,1.5,False,0.0,False,False,False
sách,nfc,1,▁sách,,True,1.0,False,False,False
sách,nfd,3,▁sa|́|ch,1.5|2,False,0.5,False,True,False
sái,nfc,2,▁s|ái,1,False,1.0,True,False,False
sái,nfd,2,▁sa|́i,1.5,False,0.0,False,False,False
sám,nfc,1,▁sám,,True,1.0,False,False,False
sám,nfd,3,▁sa|́|m,1.5|2,False,0.5,False,True,False
sán,nfc,2,▁s|án,1,False,1.0,True,False,False
sán,nfd,2,▁sa|́n,1.5,False,0.0,False,False,False
sáng,nfc,1,▁sáng,,True,1.0,False,False,False
sáng,nfd,2,▁sa|́ng,1.5,False,0.0,False,False,False
sánh,nfc,1,▁sánh,,True,1.0,False,False,False
sánh,nfd,3,▁sa|́|nh,1.5|2,False,0.5,False,True,False
sáo,nfc,2,▁s|áo,1,False,1.0,True,False,False
sáo,nfd,3,▁sa|́|o,1.5|2,False,0.5,False,True,False
sáp,nfc,2,▁s|áp,1,False,1.0,True,False,False
sáp,nfd,3,▁sa|́|p,1.5|2,False,0.5,False,True,False
sát,nfc,1,▁sát,,True,1.0,False,False,False
sát,nfd,2,▁sa|́t,1.5,False,0.0,False,False,False
sáu,nfc,2,▁s|áu,1,False,1.0,True,False,False
sáu,nfd,3,▁sa|́|u,1.5|2,False,0.5,False,True,False
sâm,nfc,2,▁s|âm,1,False,1.0,True,False,False
sâm,nfd,3,▁sa|̂|m,1.5|2,False,0.5,False,False,False
sân,nfc,1,▁sân,,True,1.0,False,False,False
sân,nfd,3,▁sa|̂|n,1.5|2,False,0.5,False,False,False
sâu,nfc,1,▁sâu,,True,1.0,False,False,False
sâu,nfd,3,▁sa|̂|u,1.5|2,False,0.5,False,False,False
sây,nfc,2,▁s|ây,1,False,1.0,True,False,False
sây,nfd,3,▁sa|̂|y,1.5|2,False,0.5,False,False,False
sã,nfc,2,▁s|ã,1,False,1.0,True,False,False
sã,nfd,2,▁sa|̃,1.5,False,0.0,False,True,False
sãi,nfc,2,▁s|ãi,1,False,1.0,True,False,False
sãi,nfd,3,▁sa|̃|i,1.5|2,False,0.5,False,True,False
sè,nfc,1,▁sè,,True,1.0,False,False,False
sè,nfd,2,▁se|̀,1.5,False,0.0,False,True,False
sèo,nfc,2,▁s|èo,1,False,1.0,True,False,False
sèo,nfd,3,▁se|̀|o,1.5|2,False,0.5,False,True,False
séc,nfc,2,▁sé|c,2,False,1.0,False,False,False
séc,nfd,2,▁se|́c,1.5,False,0.0,False,False,False
sém,nfc,2,▁s|ém,1,False,1.0,True,False,False
sém,nfd,3,▁se|́|m,1.5|2,False,0.5,False,True,False
sét,nfc,2,▁sé|t,2,False,1.0,False,False,False
sét,nfd,2,▁se|́t,1.5,False,0.0,False,False,False
sê,nfc,1,▁sê,,True,1.0,False,False,False
sê,nfd,2,▁se|̂,1.5,False,0.0,False,False,False
sên,nfc,2,▁s|ên,1,False,1.0,True,False,False
sên,nfd,3,▁se|̂|n,1.5|2,False,0.5,False,False,False
sênh,nfc,2,▁sê|nh,2,False,1.0,False,False,False
sênh,nfd,3,▁se|̂|nh,1.5|2,False,0.5,False,False,False
sêu,nfc,2,▁s|êu,1,False,1.0,True,False,False
sêu,nfd,3,▁se|̂|u,1.5|2,False,0.5,False,False,False
sì,nfc,1,▁sì,,True,1.0,False,False,False
sì,nfd,2,▁si|̀,1.5,False,0.0,False,True,False
sình,nfc,2,▁s|ình,1,False,1.0,True,False,False
sình,nfd,2,▁si|̀nh,1.5,False,0.0,False,False,False
sính,nfc,2,▁s|ính,1,False,1.0,True,False,False
sính,nfd,3,▁si|́|nh,1.5|2,False,0.5,False,True,False
sít,nfc,2,▁s|ít,1,False,1.0,True,False,False
sít,nfd,2,▁si|́t,1.5,False,0.0,False,False,False
sò,nfc,1,▁sò,,True,1.0,False,False,False
sò,nfd,2,▁so|̀,1.5,False,0.0,False,True,False
sòi,nfc,2,▁s|òi,1,False,1.0,True,False,False
sòi,nfd,2,▁so|̀i,1.5,False,0.0,False,False,False
sòm,nfc,2,▁s|òm,1,False,1.0,True,False,False
sòm,nfd,3,▁so|̀|m,1.5|2,False,0.5,False,True,False
sòng,nfc,2,▁s|òng,1,False,1.0,True,False,False
sòng,nfd,2,▁so|̀ng,1.5,False,0.0,False,False,False
sóc,nfc,1,▁sóc,,True,1.0,False,False,False
sóc,nfd,2,▁so|́c,1.5,False,0.0,False,False,False
sói,nfc,2,▁só|i,2,False,1.0,False,False,False
sói,nfd,2,▁so|́i,1.5,False,0.0,False,False,False
sóm,nfc,2,▁só|m,2,False,1.0,False,False,False
sóm,nfd,3,▁so|́|m,1.5|2,False,0.5,False,True,False
són,nfc,1,▁són,,True,1.0,False,False,False
són,nfd,2,▁so|́n,1.5,False,0.0,False,False,False
sóng,nfc,1,▁sóng,,True,1.0,False,False,False
sóng,nfd,2,▁so|́ng,1.5,False,0.0,False,False,False
sót,nfc,2,▁só|t,2,False,1.0,False,False,False
sót,nfd,2,▁so|́t,1.5,False,0.0,False,False,False
sô,nfc,1,▁sô,,True,1.0,False,False,False
sô,nfd,2,▁so|̂,1.5,False,0.0,False,False,False
sôi,nfc,2,▁s|ôi,1,False,1.0,True,False,False
sôi,nfd,3,▁so|̂|i,1.5|2,False,0.5,False,False,False
sông,nfc,1,▁sông,,True,1.0,False,False,False
sông,nfd,3,▁so|̂|ng,1.5|2,False,0.5,False,False,False
sõi,nfc,2,▁s|õi,1,False,1.0,True,False,False
sõi,nfd,3,▁so|̃|i,1.5|2,False,0.5,False,True,False
sõng,nfc,2,▁sõ|ng,2,False,1.0,False,False,False
sõng,nfd,3,▁so|̃|ng,1.5|2,False,0.5,False,True,False
sù,nfc,2,▁s|ù,1,False,1.0,True,False,False
sù,nfd,2,▁su|̀,1.5,False,0.0,False,True,False
sùi,nfc,2,▁s|ùi,1,False,1.0,True,False,False
sùi,nfd,2,▁su|̀i,1.5,False,0.0,False,False,False
sùm,nfc,2,▁s|ùm,1,False,1.0,True,False,False
sùm,nfd,3,▁su|̀|m,1.5|2,False,0.5,False,True,False
sùng,nfc,2,▁s|ùng,1,False,1.0,True,False,False
sùng,nfd,2,▁su|̀ng,1.5,False,0.0,False,False,False
sú,nfc,1,▁sú,,True,1.0,False,False,False
sú,nfd,2,▁su|́,1.5,False,0.0,False,True,False
súc,nfc,2,▁s|úc,1,False,1.0,True,False,False
súc,nfd,2,▁su|́c,1.5,False,0.0,False,False,False
sún,nfc,2,▁s|ún,1,False,1.0,True,False,False
sún,nfd,2,▁su|́n,1.5,False,0.0,False,False,False
súng,nfc,1,▁súng,,True,1.0,False,False,False
súng,nfd,2,▁su|́ng,1.5,False,0.0,False,False,False
súp,nfc,2,▁sú|p,2,False,1.0,False,False,False
súp,nfd,3,▁su|́|p,1.5|2,False,0.5,False,True,False
sút,nfc,2,▁s|út,1,False,1.0,True,False,False
sút,nfd,2,▁su|́t,1.5,False,0.0,False,False,False
săm,nfc,2,▁s|ăm,1,False,1.0,True,False,False
săm,nfd,3,▁sa|̆|m,1.5|2,False,0.5,False,False,False
săn,nfc,1,▁săn,,True,1.0,False,False,False
săn,nfd,3,▁sa|̆|n,1.5|2,False,0.5,False,False,False
săng,nfc,2,▁s|ăng,1,False,1.0,True,False,False
săng,nfd,3,▁sa|̆|ng,1.5|2,False,0.5,False,False,False
sĩ,nfc,1,▁sĩ,,True,1.0,False,False,False
sĩ,nfd,2,▁si|̃,1.5,False,0.0,False,True,False
sũng,nfc,2,▁s|ũng,1,False,1.0,True,False,False
sũng,nfd,3,▁su|̃|ng,1.5|2,False,0.5,False,True,False
sơ,nfc,1,▁sơ,,True,1.0,False,False,False
sơ,nfd,2,▁so|̛,1.5,False,0.0,False,False,False
sơm,nfc,2,▁sơ|m,2,False,1.0,False,False,False
sơm,nfd,3,▁so|̛|m,1.5|2,False,0.5,False,False,False
sơn,nfc,1,▁sơn,,True,1.0,False,False,False
sơn,nfd,3,▁so|̛|n,1.5|2,False,0.5,False,False,False
sư,nfc,1,▁sư,,True,1.0,False,False,False
sư,nfd,2,▁su|̛,1.5,False,0.0,False,False,False
sưa,nfc,2,▁s|ưa,1,False,1.0,True,False,False
sưa,nfd,3,▁su|̛|a,1.5|2,False,0.0,False,False,False
sưng,nfc,2,▁s|ưng,1,False,1.0,True,False,False
sưng,nfd,3,▁su|̛|ng,1.5|2,False,0.5,False,False,False
sưu,nfc,1,▁sưu,,True,1.0,False,False,False
sưu,nfd,3,▁su|̛|u,1.5|2,False,0.5,False,False,False
sương,nfc,2,▁s|ương,1,False,1.0,True,False,False
sương,nfd,5,▁su|̛|o|̛|ng,1.5|2|2.5|3,False,0.25,False,False,False
sướng,nfc,2,▁s|ướng,1,False,1.0,True,False,False
sướng,nfd,5,▁su|̛|o|̛|́ng,1.5|2|2.5|2.5,False,0.0,False,False,False
sướt,nfc,2,▁s|ướt,1,False,1.0,True,False,False
sướt,nfd,5,▁su|̛|o|̛|́t,1.5|2|2.5|2.5,False,0.0,False,False,False
sườn,nfc,2,▁s|ườn,1,False,1.0,True,False,False
sườn,nfd,5,▁su|̛|o|̛|̀n,1.5|2|2.5|2.5,False,0.0,False,False,False
sường,nfc,2,▁s|ường,1,False,1.0,True,False,False
sường,nfd,5,▁su|̛|o|̛|̀ng,1.5|2|2.5|2.5,False,0.0,False,False,False
sưởi,nfc,3,▁s|ưở|i,1|3,False,1.0,True,False,False
sưởi,nfd,6,▁su|̛|o|̛|̉|i,1.5|2|2.5|2.5|3,False,0.2,False,True,False
sượng,nfc,2,▁s|ượng,1,False,1.0,True,False,False
sượng,nfd,5,▁su|̛|o|̛|̣ng,1.5|2|2.5|2.5,False,0.0,False,False,False
sượt,nfc,2,▁s|ượt,1,False,1.0,True,False,False
sượt,nfd,5,▁su|̛|o|̛|̣t,1.5|2|2.5|2.5,False,0.0,False,False,False
sạ,nfc,2,▁s|ạ,1,False,1.0,True,False,False
sạ,nfd,2,▁sa|̣,1.5,False,0.0,False,True,False
sạch,nfc,1,▁sạch,,True,1.0,False,False,False
sạch,nfd,3,▁sa|̣|ch,1.5|2,False,0.5,False,True,False
sạm,nfc,2,▁s|ạm,1,False,1.0,True,False,False
sạm,nfd,3,▁sa|̣|m,1.5|2,False,0.5,False,True,False
sạn,nfc,1,▁sạn,,True,1.0,False,False,False
sạn,nfd,2,▁sa|̣n,1.5,False,0.0,False,False,False
sạo,nfc,2,▁s|ạo,1,False,1.0,True,False,False
sạo,nfd,3,▁sa|̣|o,1.5|2,False,0.5,False,True,False
sạp,nfc,2,▁s|ạp,1,False,1.0,True,False,False
sạp,nfd,3,▁sa|̣|p,1.5|2,False,0.5,False,True,False
sạt,nfc,2,▁s|ạt,1,False,1.0,True,False,False
sạt,nfd,2,▁sa|̣t,1.5,False,0.0,False,False,False
sả,nfc,2,▁s|ả,1,False,1.0,True,False,False
sả,nfd,2,▁sa|̉,1.5,False,0.0,False,True,False
sải,nfc,2,▁s|ải,1,False,1.0,True,False,False
sải,nfd,3,▁sa|̉|i,1.5|2,False,0.5,False,True,False
sản,nfc,1,▁sản,,True,1.0,False,False,False
sản,nfd,3,▁sa|̉|n,1.5|2,False,0.5,False,True,False
sảng,nfc,2,▁s|ảng,1,False,1.0,True,False,False
sảng,nfd,3,▁sa|̉|ng,1.5|2,False,0.5,False,True,False
sảnh,nfc,2,▁s|ảnh,1,False,1.0,True,False,False
sảnh,nfd,3,▁sa|̉|nh,1.5|2,False,0.5,False,True,False
sảo,nfc,2,▁s|ảo,1,False,1.0,True,False,False
sảo,nfd,3,▁sa|̉|o,1.5|2,False,0.5,False,True,False
sảy,nfc,2,▁s|ảy,1,False,1.0,True,False,False
sảy,nfd,3,▁sa|̉|y,1.5|2,False,0.5,False,True,False
sấm,nfc,2,▁s|ấm,1,False,1.0,True,False,False
sấm,nfd,4,▁sa|̂|́|m,1.5|1.5|2,False,0.3333333333333333,False,True,False
sấn,nfc,2,▁s|ấn,1,False,1.0,True,False,False
sấn,nfd,3,▁sa|̂|́n,1.5|1.5,False,0.0,False,False,False
sấp,nfc,2,▁s|ấp,1,False,1.0,True,False,False
sấp,nfd,4,▁sa|̂|́|p,1.5|1.5|2,False,0.3333333333333333,False,True,False
sất,nfc,2,▁s|ất,1,False,1.0,True,False,False
sất,nfd,3,▁sa|̂|́t,1.5|1.5,False,0.0,False,False,False
sấu,nfc,2,▁s|ấu,1,False,1.0,True,False,False
sấu,nfd,4,▁sa|̂|́|u,1.5|1.5|2,False,0.3333333333333333,False,True,False
sấy,nfc,1,▁sấy,,True,1.0,False,False,False
sấy,nfd,4,▁sa|̂|́|y,1.5|1.5|2,False,0.3333333333333333,False,True,False
sầm,nfc,2,▁s|ầm,1,False,1.0,True,False,False
sầm,nfd,4,▁sa|̂|̀|m,1.5|1.5|2,False,0.3333333333333333,False,True,False
sần,nfc,2,▁s|ần,1,False,1.0,True,False,False
sần,nfd,3,▁sa|̂|̀n,1.5|1.5,False,0.0,False,False,False
sầu,nfc,2,▁s|ầu,1,False,1.0,True,False,False
sầu,nfd,3,▁sa|̂|̀u,1.5|1.5,False,0.0,False,False,False
sầy,nfc,2,▁s|ầy,1,False,1.0,True,False,False
sầy,nfd,4,▁sa|̂|̀|y,1.5|1.5|2,False,0.3333333333333333,False,True,False
sẩm,nfc,2,▁s|ẩm,1,False,1.0,True,False,False
sẩm,nfd,4,▁sa|̂|̉|m,1.5|1.5|2,False,0.3333333333333333,False,True,False
sẩn,nfc,2,▁s|ẩn,1,False,1.0,True,False,False
sẩn,nfd,4,▁sa|̂|̉|n,1.5|1.5|2,False,0.3333333333333333,False,True,False
sẩy,nfc,2,▁s|ẩy,1,False,1.0,True,False,False
sẩy,nfd,4,▁sa|̂|̉|y,1.5|1.5|2,False,0.3333333333333333,False,True,False
sẫm,nfc,3,▁s|ẫ|m,1|2,False,1.0,True,False,False
sẫm,nfd,4,▁sa|̂|̃|m,1.5|1.5|2,False,0.3333333333333333,False,True,False
sậm,nfc,2,▁s|ậm,1,False,1.0,True,False,False
sậm,nfd,4,▁sa|̣|̂|m,1.5|1.5|2,False,0.3333333333333333,False,True,False
sập,nfc,2,▁s|ập,1,False,1.0,True,False,False
sập,nfd,4,▁sa|̣|̂|p,1.5|1.5|2,False,0.3333333333333333,False,True,False
sật,nfc,2,▁s|ật,1,False,1.0,True,False,False
sật,nfd,4,▁sa|̣|̂|t,1.5|1.5|2,False,0.3333333333333333,False,True,False
sậu,nfc,2,▁s|ậu,1,False,1.0,True,False,False
sậu,nfd,4,▁sa|̣|̂|u,1.5|1.5|2,False,0.3333333333333333,False,True,False
sậy,nfc,2,▁s|ậy,1,False,1.0,True,False,False
sậy,nfd,4,▁sa|̣|̂|y,1.5|1.5|2,False,0.3333333333333333,False,True,False
sắc,nfc,1,▁sắc,,True,1.0,False,False,False
sắc,nfd,3,▁sa|̆|́c,1.5|1.5,False,0.0,False,False,False
sắm,nfc,2,▁s|ắm,1,False,1.0,True,False,False
sắm,nfd,4,▁sa|̆|́|m,1.5|1.5|2,False,0.3333333333333333,False,True,False
sắn,nfc,2,▁s|ắn,1,False,1.0,True,False,False
sắn,nfd,3,▁sa|̆|́n,1.5|1.5,False,0.0,False,False,False
sắng,nfc,2,▁s|ắng,1,False,1.0,True,False,False
sắng,nfd,3,▁sa|̆|́ng,1.5|1.5,False,0.0,False,False,False
sắp,nfc,1,▁sắp,,True,1.0,False,False,False
sắp,nfd,4,▁sa|̆|́|p,1.5|1.5|2,False,0.3333333333333333,False,True,False
sắt,nfc,1,▁sắt,,True,1.0,False,False,False
sắt,nfd,3,▁sa|̆|́t,1.5|1.5,False,0.0,False,False,False
sằng,nfc,2,▁s|ằng,1,False,1.0,True,False,False
sằng,nfd,3,▁sa|̆|̀ng,1.5|1.5,False,0.0,False,False,False
sẵn,nfc,1,▁sẵn,,True,1.0,False,False,False
sẵn,nfd,4,▁sa|̆|̃|n,1.5|1.5|2,False,0.3333333333333333,False,True,False
sặc,nfc,2,▁s|ặc,1,False,1.0,True,False,False
sặc,nfd,4,▁sa|̣|̆|c,1.5|1.5|2,False,0.3333333333333333,False,True,False
sặm,nfc,3,▁s|ặ|m,1|2,False,1.0,True,False,False
sặm,nfd,4,▁sa|̣|̆|m,1.5|1.5|2,False,0.3333333333333333,False,True,False
sặt,nfc,2,▁s|ặt,1,False,1.0,True,False,False
sặt,nfd,4,▁sa|̣|̆|t,1.5|1.5|2,False,0.3333333333333333,False,True,False
sẹ,nfc,2,▁s|ẹ,1,False,1.0,True,False,False
sẹ,nfd,2,▁se|̣,1.5,False,0.0,False,True,False
sẹm,nfc,3,▁s|ẹ|m,1|2,False,1.0,True,False,False
sẹm,nfd,3,▁se|̣|m,1.5|2,False,0.5,False,True,False
sẹo,nfc,2,▁s|ẹo,1,False,1.0,True,False,False
sẹo,nfd,3,▁se|̣|o,1.5|2,False,0.5,False,True,False
sẻ,nfc,1,▁sẻ,,True,1.0,False,False,False
sẻ,nfd,2,▁se|̉,1.5,False,0.0,False,True,False
sẻn,nfc,2,▁sẻ|n,2,False,1.0,False,False,False
sẻn,nfd,3,▁se|̉|n,1.5|2,False,0.5,False,True,False
sẽ,nfc,1,▁sẽ,,True,1.0,False,False,False
sẽ,nfd,2,▁se|̃,1.5,False,0.0,False,True,False
sến,nfc,2,▁s|ến,1,False,1.0,True,False,False
sến,nfd,3,▁se|̂|́n,1.5|1.5,False,0.0,False,False,False
sếp,nfc,2,▁s|ếp,1,False,1.0,True,False,False
sếp,nfd,4,▁se|̂|́|p,1.5|1.5|2,False,0.3333333333333333,False,True,False
sếu,nfc,2,▁s|ếu,1,False,1.0,True,False,False
sếu,nfd,4,▁se|̂|́|u,1.5|1.5|2,False,0.3333333333333333,False,True,False
sề,nfc,2,▁s|ề,1,False,1.0,True,False,False
sề,nfd,3,▁se|̂|̀,1.5|1.5,False,0.0,False,True,False
sền,nfc,2,▁s|ền,1,False,1.0,True,False,False
sền,nfd,3,▁se|̂|̀n,1.5|1.5,False,0.0,False,False,False
sể,nfc,2,▁s|ể,1,False,1.0,True,False,False
sể,nfd,3,▁se|̂|̉,1.5|1.5,False,0.0,False,True,False
sểnh,nfc,3,▁s|ể|nh,1|2,False,1.0,True,False,False
sểnh,nfd,4,▁se|̂|̉|nh,1.5|1.5|2,False,0.3333333333333333,False,True,False
sễ,nfc,2,▁s|ễ,1,False,1.0,True,False,False
sễ,nfd,3,▁se|̂|̃,1.5|1.5,False,0.0,False,True,False
sệ,nfc,2,▁s|ệ,1,False,1.0,True,False,False
sệ,nfd,3,▁se|̣|̂,1.5|1.5,False,0.0,False,True,False
sệt,nfc,2,▁s|ệt,1,False,1.0,True,False,False
sệt,nfd,4,▁se|̣|̂|t,1.5|1.5|2,False,0.3333333333333333,False,True,False
sỉ,nfc,1,▁sỉ,,True,1.0,False,False,False
sỉ,nfd,2,▁si|̉,1.5,False,0.0,False,True,False
sỉa,nfc,2,▁sỉ|a,2,False,0.0,False,False,False
sỉa,nfd,3,▁si|̉|a,1.5|2,False,0.0,False,True,False
sỉnh,nfc,2,▁s|ỉnh,1,False,1.0,True,False,False
sỉnh,nfd,3,▁si|̉|nh,1.5|2,False,0.5,False,True,False
sị,nfc,2,▁s|ị,1,False,1.0,True,False,False
sị,nfd,2,▁si|̣,1.5,False,0.0,False,True,False
sịa,nfc,2,▁s|ịa,1,False,1.0,True,False,False
sịa,nfd,3,▁si|̣|a,1.5|2,False,0.0,False,True,False
sịch,nfc,2,▁s|ịch,1,False,1.0,True,False,False
sịch,nfd,3,▁si|̣|ch,1.5|2,False,0.5,False,True,False
sịt,nfc,2,▁s|ịt,1,False,1.0,True,False,False
sịt,nfd,2,▁si|̣t,1.5,False,0.0,False,False,False
sọ,nfc,2,▁s|ọ,1,False,1.0,True,False,False
sọ,nfd,2,▁so|̣,1.5,False,0.0,False,True,False
sọc,nfc,2,▁s|ọc,1,False,1.0,True,False,False
sọc,nfd,2,▁so|̣c,1.5,False,0.0,False,False,False
sọm,nfc,3,▁s|ọ|m,1|2,False,1.0,True,False,False
sọm,nfd,3,▁so|̣|m,1.5|2,False,0.5,False,True,False
sọt,nfc,2,▁s|ọt,1,False,1.0,True,False,False
sọt,nfd,2,▁so|̣t,1.5,False,0.0,False,False,False
sỏ,nfc,2,▁s|ỏ,1,False,1.0,True,False,False
sỏ,nfd,2,▁so|̉,1.5,False,0.0,False,True,False
sỏi,nfc,2,▁s|ỏi,1,False,1.0,True,False,False
sỏi,nfd,3,▁so|̉|i,1.5|2,False,0.5,False,True,False
số,nfc,1,▁số,,True,1.0,False,False,False
số,nfd,3,▁so|̂|́,1.5|1.5,False,0.0,False,True,False
sốc,nfc,2,▁s|ốc,1,False,1.0,True,False,False
sốc,nfd,3,▁so|̂|́c,1.5|1.5,False,0.0,False,False,False
sống,nfc,1,▁sống,,True,1.0,False,False,False
sống,nfd,3,▁so|̂|́ng,1.5|1.5,False,0.0,False,False,False
sốp,nfc,2,▁số|p,2,False,1.0,False,False,False
sốp,nfd,4,▁so|̂|́|p,1.5|1.5|2,False,0.3333333333333333,False,True,False
sốt,nfc,1,▁sốt,,True,1.0,False,False,False
sốt,nfd,3,▁so|̂|́t,1.5|1.5,False,0.0,False,False,False
sồ,nfc,2,▁s|ồ,1,False,1.0,True,False,False
sồ,nfd,3,▁so|̂|̀,1.5|1.5,False,0.0,False,True,False
sồi,nfc,2,▁s|ồi,1,False,1.0,True,False,False
sồi,nfd,3,▁so|̂|̀i,1.5|1.5,False,0.0,False,False,False
sồn,nfc,2,▁s|ồn,1,False,1.0,True,False,False
sồn,nfd,3,▁so|̂|̀n,1.5|1.5,False,0.0,False,False,False
sồng,nfc,2,▁s|ồng,1,False,1.0,True,False,False
sồng,nfd,3,▁so|̂|̀ng,1.5|1.5,False,0.0,False,False,False
sổ,nfc,1,▁sổ,,True,1.0,False,False,False
sổ,nfd,3,▁so|̂|̉,1.5|1.5,False,0.0,False,True,False
sổi,nfc,2,▁s|ổi,1,False,1.0,True,False,False
sổi,nfd,4,▁so|̂|̉|i,1.5|1.5|2,False,0.3333333333333333,False,True,False
sổng,nfc,2,▁s|ổng,1,False,1.0,True,False,False
sổng,nfd,4,▁so|̂|̉|ng,1.5|1.5|2,False,0.3333333333333333,False,True,False
sỗ,nfc,2,▁s|ỗ,1,False,1.0,True,False,False
sỗ,nfd,3,▁so|̂|̃,1.5|1.5,False,0.0,False,True,False
sộ,nfc,2,▁s|ộ,1,False,1.0,True,False,False
sộ,nfd,3,▁so|̣|̂,1.5|1.5,False,0.0,False,True,False
sộp,nfc,2,▁s|ộp,1,False,1.0,True,False,False
sộp,nfd,4,▁so|̣|̂|p,1.5|1.5|2,False,0.3333333333333333,False,True,False
sột,nfc,2,▁s|ột,1,False,1.0,True,False,False
sột,nfd,4,▁so|̣|̂|t,1.5|1.5|2,False,0.3333333333333333,False,True,False
sớ,nfc,2,▁s|ớ,1,False,1.0,True,False,False
sớ,nfd,3,▁so|̛|́,1.5|1.5,False,0.0,False,True,False
sới,nfc,2,▁s|ới,1,False,1.0,True,False,False
sới,nfd,3,▁so|̛|́i,1.5|1.5,False,0.0,False,False,False
sớm,nfc,1,▁sớm,,True,1.0,False,False,False
sớm,nfd,4,▁so|̛|́|m,1.5|1.5|2,False,0.3333333333333333,False,True,False
sớn,nfc,3,▁s|ớ|n,1|2,False,1.0,True,False,False
sớn,nfd,3,▁so|̛|́n,1.5|1.5,False,0.0,False,False,False
sớt,nfc,2,▁s|ớt,1,False,1.0,True,False,False
sớt,nfd,3,▁so|̛|́t,1.5|1.5,False,0.0,False,False,False
sờ,nfc,2,▁s|ờ,1,False,1.0,True,False,False
sờ,nfd,3,▁so|̛|̀,1.5|1.5,False,0.0,False,True,False
sờm,nfc,3,▁s|ờ|m,1|2,False,1.0,True,False,False
sờm,nfd,4,▁so|̛|̀|m,1.5|1.5|2,False,0.3333333333333333,False,True,False
sờn,nfc,3,▁s|ờ|n,1|2,False,1.0,True,False,False
sờn,nfd,3,▁so|̛|̀n,1.5|1.5,False,0.0,False,False,False
sở,nfc,1,▁sở,,True,1.0,False,False,False
sở,nfd,3,▁so|̛|̉,1.5|1.5,False,0.0,False,True,False
sởi,nfc,2,▁s|ởi,1,False,1.0,True,False,False
sởi,nfd,4,▁so|̛|̉|i,1.5|1.5|2,False,0.3333333333333333,False,True,False
sởn,nfc,2,▁sở|n,2,False,1.0,False,False,False
sởn,nfd,4,▁so|̛|̉|n,1.5|1.5|2,False,0.3333333333333333,False,True,False
sỡ,nfc,2,▁s|ỡ,1,False,1.0,True,False,False
sỡ,nfd,3,▁so|̛|̃,1.5|1.5,False,0.0,False,True,False
sợ,nfc,1,▁sợ,,True,1.0,False,False,False
sợ,nfd,3,▁so|̛|̣,1.5|1.5,False,0.0,False,True,False
sợi,nfc,1,▁sợi,,True,1.0,False,False,False
sợi,nfd,3,▁so|̛|̣i,1.5|1.5,False,0.0,False,False,False
sụ,nfc,2,▁s|ụ,1,False,1.0,True,False,False
sụ,nfd,2,▁su|̣,1.5,False,0.0,False,True,False
sụa,nfc,3,▁s|ụ|a,1|2,False,0.5,True,False,False
sụa,nfd,3,▁su|̣|a,1.5|2,False,0.0,False,True,False
sục,nfc,2,▁s|ục,1,False,1.0,True,False,False
sục,nfd,2,▁su|̣c,1.5,False,0.0,False,False,False
sụm,nfc,3,▁s|ụ|m,1|2,False,1.0,True,False,False
sụm,nfd,3,▁su|̣|m,1.5|2,False,0.5,False,True,False
sụn,nfc,2,▁s|ụn,1,False,1.0,True,False,False
sụn,nfd,2,▁su|̣n,1.5,False,0.0,False,False,False
sụp,nfc,2,▁s|ụp,1,False,1.0,True,False,False
sụp,nfd,3,▁su|̣|p,1.5|2,False,0.5,False,True,False
sụt,nfc,3,▁s|ụ|t,1|2,False,1.0,True,False,False
sụt,nfd,2,▁su|̣t,1.5,False,0.0,False,False,False
sủa,nfc,2,▁s|ủa,1,False,1.0,True,False,False
sủa,nfd,3,▁su|̉|a,1.5|2,False,0.0,False,True,False
sủi,nfc,2,▁s|ủi,1,False,1.0,True,False,False
sủi,nfd,3,▁su|̉|i,1.5|2,False,0.5,False,True,False
sủng,nfc,2,▁s|ủng,1,False,1.0,True,False,False
sủng,nfd,3,▁su|̉|ng,1.5|2,False,0.5,False,True,False
sứ,nfc,1,▁sứ,,True,1.0,False,False,False
sứ,nfd,3,▁su|̛|́,1.5|1.5,False,0.0,False,True,False
sứa,nfc,2,▁s|ứa,1,False,1.0,True,False,False
sứa,nfd,4,▁su|̛|́|a,1.5|1.5|2,False,0.0,False,True,False
sức,nfc,1,▁sức,,True,1.0,False,False,False
sức,nfd,3,▁su|̛|́c,1.5|1.5,False,0.0,False,False,False
sứt,nfc,2,▁s|ứt,1,False,1.0,True,False,False
sứt,nfd,3,▁su|̛|́t,1.5|1.5,False,0.0,False,False,False
sừn,nfc,3,▁s|ừ|n,1|2,False,1.0,True,False,False
sừn,nfd,3,▁su|̛|̀n,1.5|1.5,False,0.0,False,False,False
sừng,nfc,2,▁s|ừng,1,False,1.0,True,False,False
sừng,nfd,3,▁su|̛|̀ng,1.5|1.5,False,0.0,False,False,False
sử,nfc,1,▁sử,,True,1.0,False,False,False
sử,nfd,3,▁su|̛|̉,1.5|1.5,False,0.0,False,True,False
sửa,nfc,1,▁sửa,,True,1.0,False,False,False
sửa,nfd,4,▁su|̛|̉|a,1.5|1.5|2,False,0.0,False,True,False
sửng,nfc,2,▁sử|ng,2,False,1.0,False,False,False
sửng,nfd,4,▁su|̛|̉|ng,1.5|1.5|2,False,0.3333333333333333,False,True,False
sửu,nfc,2,▁sử|u,2,False,1.0,False,False,False
sửu,nfd,4,▁su|̛|̉|u,1.5|1.5|2,False,0.3333333333333333,False,True,False
sữa,nfc,1,▁sữa,,True,1.0,False,False,False
sữa,nfd,4,▁su|̛|̃|a,1.5|1.5|2,False,0.0,False,True,False
sững,nfc,2,▁s|ững,1,False,1.0,True,False,False
sững,nfd,4,▁su|̛|̃|ng,1.5|1.5|2,False,0.3333333333333333,False,True,False
sự,nfc,1,▁sự,,True,1.0,False,False,False
sự,nfd,3,▁su|̛|̣,1.5|1.5,False,0.0,False,True,False
sực,nfc,2,▁s|ực,1,False,1.0,True,False,False
sực,nfd,3,▁su|̛|̣c,1.5|1.5,False,0.0,False,False,False
sựng,nfc,2,▁sự|ng,2,False,1.0,False,False,False
sựng,nfd,3,▁su|̛|̣ng,1.5|1.5,False,0.0,False,False,False
sựt,nfc,2,▁sự|t,2,False,1.0,False,False,False
sựt,nfd,3,▁su|̛|̣t,1.5|1.5,False,0.0,False,False,False
ta,nfc,1,▁ta,,True,1.0,False,False,False
ta,nfd,1,▁ta,,True,1.0,False,False,False
tai,nfc,1,▁tai,,True,1.0,False,False,False
tai,nfd,1,▁tai,,True,1.0,False,False,False
tam,nfc,1,▁tam,,True,1.0,False,False,False
tam,nfd,1,▁tam,,True,1.0,False,False,False
tan,nfc,1,▁tan,,True,1.0,False,False,False
tan,nfd,1,▁tan,,True,1.0,False,False,False
tang,nfc,1,▁tang,,True,1.0,False,False,False
tang,nfd,1,▁tang,,True,1.0,False,False,False
tanh,nfc,2,▁tan|h,3,False,0.0,False,False,False
tanh,nfd,2,▁tan|h,3,False,0.0,False,False,False
tao,nfc,1,▁tao,,True,1.0,False,False,False
tao,nfd,1,▁tao,,True,1.0,False,False,False
tay,nfc,1,▁tay,,True,1.0,False,False,False
tay,nfd,1,▁tay,,True,1.0,False,False,False
te,nfc,1,▁te,,True,1.0,False,False,False
te,nfd,1,▁te,,True,1.0,False,False,False
tem,nfc,1,▁tem,,True,1.0,False,False,False
tem,nfd,1,▁tem,,True,1.0,False,False,False
ten,nfc,1,▁ten,,True,1.0,False,False,False
ten,nfd,1,▁ten,,True,1.0,False,False,False
teng,nfc,1,▁teng,,True,1.0,False,False,False
teng,nfd,1,▁teng,,True,1.0,False,False,False
teo,nfc,1,▁teo,,True,1.0,False,False,False
teo,nfd,1,▁teo,,True,1.0,False,False,False
tha,nfc,1,▁tha,,True,1.0,False,False,False
tha,nfd,1,▁tha,,True,1.0,False,False,False
thai,nfc,1,▁thai,,True,1.0,False,False,False
thai,nfd,1,▁thai,,True,1.0,False,False,False
tham,nfc,1,▁tham,,True,1.0,False,False,False
tham,nfd,1,▁tham,,True,1.0,False,False,False
than,nfc,1,▁than,,True,1.0,False,False,False
than,nfd,1,▁than,,True,1.0,False,False,False
thang,nfc,1,▁thang,,True,1.0,False,False,False
thang,nfd,1,▁thang,,True,1.0,False,False,False
thanh,nfc,1,▁thanh,,True,1.0,False,False,False
thanh,nfd,1,▁thanh,,True,1.0,False,False,False
thao,nfc,1,▁thao,,True,1.0,False,False,False
thao,nfd,1,▁thao,,True,1.0,False,False,False
thau,nfc,2,▁tha|u,3,False,1.0,False,False,False
thau,nfd,2,▁tha|u,3,False,1.0,False,False,False
thay,nfc,1,▁thay,,True,1.0,False,False,False
thay,nfd,1,▁thay,,True,1.0,False,False,False
the,nfc,1,▁the,,True,1.0,False,False,False
the,nfd,1,▁the,,True,1.0,False,False,False
then,nfc,1,▁then,,True,1.0,False,False,False
then,nfd,1,▁then,,True,1.0,False,False,False
theo,nfc,1,▁theo,,True,1.0,False,False,False
theo,nfd,1,▁theo,,True,1.0,False,False,False
thi,nfc,1,▁thi,,True,1.0,False,False,False
thi,nfd,1,▁thi,,True,1.0,False,False,False
thia,nfc,2,▁thi|a,3,False,0.0,False,False,False
thia,nfd,2,▁thi|a,3,False,0.0,False,False,False
thin,nfc,1,▁thin,,True,1.0,False,False,False
thin,nfd,1,▁thin,,True,1.0,False,False,False
thinh,nfc,2,▁th|inh,2,False,1.0,True,False,False
thinh,nfd,2,▁th|inh,2,False,1.0,True,False,False
thiu,nfc,2,▁thi|u,3,False,1.0,False,False,False
thiu,nfd,2,▁thi|u,3,False,1.0,False,False,False
thiêm,nfc,2,▁thi|êm,3,False,0.0,False,False,False
thiêm,nfd,4,▁thi|e|̂|m,3|3.5|4,False,0.3333333333333333,False,False,False
thiên,nfc,1,▁thiên,,True,1.0,False,False,False
thiên,nfd,4,▁thi|e|̂|n,3|3.5|4,False,0.3333333333333333,False,False,False
thiêng,nfc,2,▁thi|êng,3,False,0.0,False,False,False
thiêng,nfd,4,▁thi|e|̂|ng,3|3.5|4,False,0.3333333333333333,False,False,False
thiêu,nfc,2,▁thi|êu,3,False,0.0,False,False,False
thiêu,nfd,4,▁thi|e|̂|u,3|3.5|4,False,0.3333333333333333,False,False,False
thiếc,nfc,2,▁thi|ếc,3,False,0.0,False,False,False
thiếc,nfd,4,▁thi|e|̂|́c,3|3.5|3.5,False,0.0,False,False,False
thiến,nfc,2,▁thi|ến,3,False,0.0,False,False,False
thiến,nfd,4,▁thi|e|̂|́n,3|3.5|3.5,False,0.0,False,False,False
thiếp,nfc,2,▁thi|ếp,3,False,0.0,False,False,False
thiếp,nfd,5,▁thi|e|̂|́|p,3|3.5|3.5|4,False,0.25,False,True,False
thiết,nfc,1,▁thiết,,True,1.0,False,False,False
thiết,nfd,4,▁thi|e|̂|́t,3|3.5|3.5,False,0.0,False,False,False
thiếu,nfc,1,▁thiếu,,True,1.0,False,False,False
thiếu,nfd,5,▁thi|e|̂|́|u,3|3.5|3.5|4,False,0.25,False,True,False
thiềm,nfc,2,▁thi|ềm,3,False,0.0,False,False,False
thiềm,nfd,5,▁thi|e|̂|̀|m,3|3.5|3.5|4,False,0.25,False,True,False
thiền,nfc,2,▁thi|ền,3,False,0.0,False,False,False
thiền,nfd,4,▁thi|e|̂|̀n,3|3.5|3.5,False,0.0,False,False,False
thiềng,nfc,3,▁thi|ề|ng,3|4,False,0.5,False,False,False
thiềng,nfd,4,▁thi|e|̂|̀ng,3|3.5|3.5,False,0.0,False,False,False
thiều,nfc,2,▁thi|ều,3,False,0.0,False,False,False
thiều,nfd,4,▁thi|e|̂|̀u,3|3.5|3.5,False,0.0,False,False,False
thiểm,nfc,2,▁thi|ểm,3,False,0.0,False,False,False
thiểm,nfd,5,▁thi|e|̂|̉|m,3|3.5|3.5|4,False,0.25,False,True,False
thiển,nfc,2,▁thi|ển,3,False,0.0,False,False,False
thiển,nfd,5,▁thi|e|̂|̉|n,3|3.5|3.5|4,False,0.25,False,True,False
thiểu,nfc,2,▁thi|ểu,3,False,0.0,False,False,False
thiểu,nfd,5,▁thi|e|̂|̉|u,3|3.5|3.5|4,False,0.25,False,True,False
thiện,nfc,1,▁thiện,,True,1.0,False,False,False
thiện,nfd,5,▁thi|e|̣|̂|n,3|3.5|3.5|4,False,0.25,False,True,False
thiệp,nfc,2,▁thi|ệp,3,False,0.0,False,False,False
thiệp,nfd,5,▁thi|e|̣|̂|p,3|3.5|3.5|4,False,0.25,False,True,False
thiệt,nfc,2,▁thi|ệt,3,False,0.0,False,False,False
thiệt,nfd,5,▁thi|e|̣|̂|t,3|3.5|3.5|4,False,0.25,False,True,False
thiệu,nfc,1,▁thiệu,,True,1.0,False,False,False
thiệu,nfd,5,▁thi|e|̣|̂|u,3|3.5|3.5|4,False,0.25,False,True,False
tho,nfc,1,▁tho,,True,1.0,False,False,False
tho,nfd,1,▁tho,,True,1.0,False,False,False
thoa,nfc,2,▁tho|a,3,False,1.0,False,False,False
thoa,nfd,2,▁tho|a,3,False,1.0,False,False,False
thoai,nfc,2,▁tho|ai,3,False,1.0,False,False,False
thoai,nfd,2,▁tho|ai,3,False,1.0,False,False,False
thoang,nfc,2,▁tho|ang,3,False,1.0,False,False,False
thoang,nfd,2,▁tho|ang,3,False,1.0,False,False,False
thoi,nfc,2,▁tho|i,3,False,1.0,False,False,False
thoi,nfd,2,▁tho|i,3,False,1.0,False,False,False
thom,nfc,1,▁thom,,True,1.0,False,False,False
thom,nfd,1,▁thom,,True,1.0,False,False,False
thon,nfc,1,▁thon,,True,1.0,False,False,False
thon,nfd,1,▁thon,,True,1.0,False,False,False
thong,nfc,1,▁thong,,True,1.0,False,False,False
thong,nfd,1,▁thong,,True,1.0,False,False,False
thoà,nfc,2,▁tho|à,3,False,1.0,False,False,False
thoà,nfd,3,▁tho|a|̀,3|3.5,False,0.5,False,True,False
thoàn,nfc,2,▁tho|àn,3,False,1.0,False,False,False
thoàn,nfd,3,▁tho|a|̀n,3|3.5,False,0.5,False,False,False
thoá,nfc,2,▁tho|á,3,False,1.0,False,False,False
thoá,nfd,3,▁tho|a|́,3|3.5,False,0.5,False,True,False
thoái,nfc,2,▁tho|ái,3,False,1.0,False,False,False
thoái,nfd,3,▁tho|a|́i,3|3.5,False,0.5,False,False,False
thoán,nfc,2,▁tho|án,3,False,1.0,False,False,False
thoán,nfd,3,▁tho|a|́n,3|3.5,False,0.5,False,False,False
thoáng,nfc,1,▁thoáng,,True,1.0,False,False,False
thoáng,nfd,3,▁tho|a|́ng,3|3.5,False,0.5,False,False,False
thoát,nfc,1,▁thoát,,True,1.0,False,False,False
thoát,nfd,3,▁tho|a|́t,3|3.5,False,0.5,False,False,False
thoăn,nfc,2,▁tho|ăn,3,False,1.0,False,False,False
thoăn,nfd,4,▁tho|a|̆|n,3|3.5|4,False,0.6666666666666666,False,False,False
thoại,nfc,1,▁thoại,,True,1.0,False,False,False
thoại,nfd,3,▁tho|a|̣i,3|3.5,False,0.5,False,False,False
thoạt,nfc,2,▁tho|ạt,3,False,1.0,False,False,False
thoạt,nfd,3,▁tho|a|̣t,3|3.5,False,0.5,False,False,False
thoả,nfc,2,▁tho|ả,3,False,1.0,False,False,False
thoả,nfd,3,▁tho|a|̉,3|3.5,False,0.5,False,True,False
thoải,nfc,1,▁thoải,,True,1.0,False,False,False
thoải,nfd,4,▁tho|a|̉|i,3|3.5|4,False,0.6666666666666666,False,True,False
thoảng,nfc,2,▁tho|ảng,3,False,1.0,False,False,False
thoảng,nfd,4,▁tho|a|̉|ng,3|3.5|4,False,0.6666666666666666,False,True,False
thoắng,nfc,2,▁tho|ắng,3,False,1.0,False,False,False
thoắng,nfd,4,▁tho|a|̆|́ng,3|3.5|3.5,False,0.3333333333333333,False,False,False
thoắt,nfc,2,▁tho|ắt,3,False,1.0,False,False,False
thoắt,nfd,4,▁tho|a|̆|́t,3|3.5|3.5,False,0.3333333333333333,False,False,False
thu,nfc,1,▁thu,,True,1.0,False,False,False
thu,nfd,1,▁thu,,True,1.0,False,False,False
thua,nfc,1,▁thua,,True,1.0,False,False,False
thua,nfd,1,▁thua,,True,1.0,False,False,False
thui,nfc,2,▁th|ui,2,False,1.0,True,False,False
thui,nfd,2,▁th|ui,2,False,1.0,True,False,False
thum,nfc,2,▁th|um,2,False,1.0,True,False,False
thum,nfd,2,▁th|um,2,False,1.0,True,False,False
thun,nfc,1,▁thun,,True,1.0,False,False,False
thun,nfd,1,▁thun,,True,1.0,False,False,False
thung,nfc,2,▁th|ung,2,False,1.0,True,False,False
thung,nfd,2,▁th|ung,2,False,1.0,True,False,False
thuyên,nfc,2,▁th|uyên,2,False,1.0,True,False,False
thuyên,nfd,4,▁thu|ye|̂|n,3|4.5|5,False,0.6666666666666666,False,False,False
thuyết,nfc,1,▁thuyết,,True,1.0,False,False,False
thuyết,nfd,4,▁thu|ye|̂|́t,3|4.5|4.5,False,0.3333333333333333,False,False,False
thuyền,nfc,1,▁thuyền,,True,1.0,False,False,False
thuyền,nfd,4,▁thu|ye|̂|̀n,3|4.5|4.5,False,0.3333333333333333,False,False,False
thuê,nfc,1,▁thuê,,True,1.0,False,False,False
thuê,nfd,3,▁th|ue|̂,2|3.5,False,0.5,True,False,False
thuôn,nfc,2,▁thu|ôn,3,False,0.0,False,False,False
thuôn,nfd,4,▁th|uo|̂|n,2|3.5|4,False,0.6666666666666666,True,False,False
thuý,nfc,2,▁thu|ý,3,False,1.0,False,False,False
thuý,nfd,2,▁thuy|́,3.5,False,0.0,False,True,False
thuần,nfc,2,▁thu|ần,3,False,1.0,False,False,False
thuần,nfd,3,▁thua|̂|̀n,3.5|3.5,False,0.0,False,False,False
thuẫn,nfc,2,▁thu|ẫn,3,False,1.0,False,False,False
thuẫn,nfd,4,▁thua|̂|̃|n,3.5|3.5|4,False,0.3333333333333333,False,True,False
thuận,nfc,1,▁thuận,,True,1.0,False,False,False
thuận,nfd,4,▁thua|̣|̂|n,3.5|3.5|4,False,0.3333333333333333,False,True,False
thuật,nfc,1,▁thuật,,True,1.0,False,False,False
thuật,nfd,4,▁thua|̣|̂|t,3.5|3.5|4,False,0.3333333333333333,False,True,False
thuế,nfc,2,▁thu|ế,3,False,1.0,False,False,False
thuế,nfd,4,▁th|ue|̂|́,2|3.5|3.5,False,0.3333333333333333,True,True,False
thuể,nfc,2,▁thu|ể,3,False,1.0,False,False,False
thuể,nfd,4,▁th|ue|̂|̉,2|3.5|3.5,False,0.3333333333333333,True,True,False
thuốc,nfc,1,▁thuốc,,True,1.0,False,False,False
thuốc,nfd,4,▁th|uo|̂|́c,2|3.5|3.5,False,0.3333333333333333,True,False,False
thuốn,nfc,2,▁thu|ốn,3,False,0.0,False,False,False
thuốn,nfd,4,▁th|uo|̂|́n,2|3.5|3.5,False,0.3333333333333333,True,False,False
thuồn,nfc,2,▁thu|ồn,3,False,0.0,False,False,False
thuồn,nfd,4,▁th|uo|̂|̀n,2|3.5|3.5,False,0.3333333333333333,True,False,False
thuồng,nfc,2,▁thu|ồng,3,False,0.0,False,False,False
thuồng,nfd,4,▁th|uo|̂|̀ng,2|3.5|3.5,False,0.3333333333333333,True,False,False
thuổng,nfc,2,▁thu|ổng,3,False,0.0,False,False,False
thuổng,nfd,5,▁th|uo|̂|̉|ng,2|3.5|3.5|4,False,0.5,True,True,False
thuỗn,nfc,3,▁thu|ỗ|n,3|4,False,0.5,False,False,False
thuỗn,nfd,5,▁th|uo|̂|̃|n,2|3.5|3.5|4,False,0.5,True,True,False
thuộc,nfc,1,▁thuộc,,True,1.0,False,False,False
thuộc,nfd,5,▁th|uo|̣|̂|c,2|3.5|3.5|4,False,0.5,True,True,False
thuộm,nfc,2,▁thu|ộm,3,False,0.0,False,False,False
thuộm,nfd,5,▁th|uo|̣|̂|m,2|3.5|3.5|4,False,0.5,True,True,False
thuở,nfc,2,▁thu|ở,3,False,1.0,False,False,False
thuở,nfd,4,▁th|uo|̛|̉,2|3.5|3.5,False,0.3333333333333333,True,True,False
thuỳ,nfc,2,▁thu|ỳ,3,False,1.0,False,False,False
thuỳ,nfd,2,▁thuy|̀,3.5,False,0.0,False,True,False
thuỵ,nfc,2,▁thu|ỵ,3,False,1.0,False,False,False
thuỵ,nfd,2,▁thuy|̣,3.5,False,0.0,False,True,False
thuỷ,nfc,2,▁thu|ỷ,3,False,1.0,False,False,False
thuỷ,nfd,2,▁thuy|̉,3.5,False,0.0,False,True,False
thà,nfc,2,▁th|à,2,False,1.0,True,False,False
thà,nfd,2,▁tha|̀,2.5,False,0.0,False,True,False
thài,nfc,2,▁th|ài,2,False,1.0,True,False,False
thài,nfd,2,▁tha|̀i,2.5,False,0.0,False,False,False
thàm,nfc,2,▁th|àm,2,False,1.0,True,False,False
thàm,nfd,3,▁tha|̀|m,2.5|3,False,0.5,False,True,False
thành,nfc,1,▁thành,,True,1.0,False,False,False
thành,nfd,2,▁tha|̀nh,2.5,False,0.0,False,False,False
thào,nfc,2,▁th|ào,2,False,1.0,True,False,False
thào,nfd,3,▁tha|̀|o,2.5|3,False,0.5,False,True,False
thày,nfc,2,▁th|ày,2,False,1.0,True,False,False
thày,nfd,3,▁tha|̀|y,2.5|3,False,0.5,False,True,False
thá,nfc,2,▁th|á,2,False,1.0,True,False,False
thá,nfd,2,▁tha|́,2.5,False,0.0,False,True,False
thác,nfc,1,▁thác,,True,1.0,False,False,False
thác,nfd,2,▁tha|́c,2.5,False,0.0,False,False,False
thách,nfc,2,▁th|ách,2,False,1.0,True,False,False
thách,nfd,3,▁tha|́|ch,2.5|3,False,0.5,False,True,False
thái,nfc,1,▁thái,,True,1.0,False,False,False
thái,nfd,2,▁tha|́i,2.5,False,0.0,False,False,False
thám,nfc,2,▁th|ám,2,False,1.0,True,False,False
thám,nfd,3,▁tha|́|m,2.5|3,False,0.5,False,True,False
thán,nfc,2,▁th|án,2,False,1.0,True,False,False
thán,nfd,2,▁tha|́n,2.5,False,0.0,False,False,False
tháng,nfc,1,▁tháng,,True,1.0,False,False,False
tháng,nfd,2,▁tha|́ng,2.5,False,0.0,False,False,False
thánh,nfc,1,▁thánh,,True,1.0,False,False,False
thánh,nfd,3,▁tha|́|nh,2.5|3,False,0.5,False,True,False
tháo,nfc,2,▁th|áo,2,False,1.0,True,False,False
tháo,nfd,3,▁tha|́|o,2.5|3,False,0.5,False,True,False
tháp,nfc,2,▁th|áp,2,False,1.0,True,False,False
tháp,nfd,3,▁tha|́|p,2.5|3,False,0.5,False,True,False
tháu,nfc,2,▁th|áu,2,False,1.0,True,False,False
tháu,nfd,3,▁tha|́|u,2.5|3,False,0.5,False,True,False
tháy,nfc,2,▁th|áy,2,False,1.0,True,False,False
tháy,nfd,3,▁tha|́|y,2.5|3,False,0.5,False,True,False
thâm,nfc,1,▁thâm,,True,1.0,False,False,False
thâm,nfd,3,▁tha|̂|m,2.5|3,False,0.5,False,False,False
thân,nfc,1,▁thân,,True,1.0,False,False,False
thân,nfd,3,▁tha|̂|n,2.5|3,False,0.5,False,False,False
thâu,nfc,2,▁th|âu,2,False,1.0,True,False,False
thâu,nfd,3,▁tha|̂|u,2.5|3,False,0.5,False,False,False
thây,nfc,2,▁th|ây,2,False,1.0,True,False,False
thây,nfd,3,▁tha|̂|y,2.5|3,False,0.5,False,False,False
thãi,nfc,2,▁th|ãi,2,False,1.0,True,False,False
thãi,nfd,3,▁tha|̃|i,2.5|3,False,0.5,False,True,False
thè,nfc,2,▁th|è,2,False,1.0,True,False,False
thè,nfd,2,▁the|̀,2.5,False,0.0,False,True,False
thèm,nfc,2,▁th|èm,2,False,1.0,True,False,False
thèm,nfd,3,▁the|̀|m,2.5|3,False,0.5,False,True,False
thèn,nfc,2,▁th|èn,2,False,1.0,True,False,False
thèn,nfd,2,▁the|̀n,2.5,False,0.0,False,False,False
thèo,nfc,2,▁th|èo,2,False,1.0,True,False,False
thèo,nfd,3,▁the|̀|o,2.5|3,False,0.5,False,True,False
thé,nfc,1,▁thé,,True,1.0,False,False,False
thé,nfd,2,▁the|́,2.5,False,0.0,False,True,False
thép,nfc,1,▁thép,,True,1.0,False,False,False
thép,nfd,3,▁the|́|p,2.5|3,False,0.5,False,True,False
thét,nfc,2,▁th|ét,2,False,1.0,True,False,False
thét,nfd,2,▁the|́t,2.5,False,0.0,False,False,False
thê,nfc,2,▁th|ê,2,False,1.0,True,False,False
thê,nfd,2,▁the|̂,2.5,False,0.0,False,False,False
thêm,nfc,1,▁thêm,,True,1.0,False,False,False
thêm,nfd,3,▁the|̂|m,2.5|3,False,0.5,False,False,False
thênh,nfc,3,▁th|ê|nh,2|3,False,1.0,True,False,False
thênh,nfd,3,▁the|̂|nh,2.5|3,False,0.5,False,False,False
thêu,nfc,2,▁th|êu,2,False,1.0,True,False,False
thêu,nfd,3,▁the|̂|u,2.5|3,False,0.5,False,False,False
thì,nfc,1,▁thì,,True,1.0,False,False,False
thì,nfd,2,▁thi|̀,2.5,False,0.0,False,True,False
thìa,nfc,2,▁thì|a,3,False,0.0,False,False,False
thìa,nfd,3,▁thi|̀|a,2.5|3,False,0.0,False,True,False
thìn,nfc,2,▁thì|n,3,False,1.0,False,False,False
thìn,nfd,2,▁thi|̀n,2.5,False,0.0,False,False,False
thình,nfc,2,▁th|ình,2,False,1.0,True,False,False
thình,nfd,2,▁thi|̀nh,2.5,False,0.0,False,False,False
thìu,nfc,2,▁thì|u,3,False,1.0,False,False,False
thìu,nfd,2,▁thi|̀u,2.5,False,0.0,False,False,False
thí,nfc,2,▁th|í,2,False,1.0,True,False,False
thí,nfd,2,▁thi|́,2.5,False,0.0,False,True,False
thía,nfc,2,▁th|ía,2,False,1.0,True,False,False
thía,nfd,3,▁thi|́|a,2.5|3,False,0.0,False,True,False
thích,nfc,1,▁thích,,True,1.0,False,False,False
thích,nfd,3,▁thi|́|ch,2.5|3,False,0.5,False,True,False
thím,nfc,2,▁th|ím,2,False,1.0,True,False,False
thím,nfd,3,▁thi|́|m,2.5|3,False,0.5,False,True,False
thín,nfc,2,▁th|ín,2,False,1.0,True,False,False
thín,nfd,2,▁thi|́n,2.5,False,0.0,False,False,False
thính,nfc,2,▁th|ính,2,False,1.0,True,False,False
thính,nfd,3,▁thi|́|nh,2.5|3,False,0.5,False,True,False
thíp,nfc,2,▁th|íp,2,False,1.0,True,False,False
thíp,nfd,3,▁thi|́|p,2.5|3,False,0.5,False,True,False
thít,nfc,2,▁th|ít,2,False,1.0,True,False,False
thít,nfd,2,▁thi|́t,2.5,False,0.0,False,False,False
thò,nfc,2,▁th|ò,2,False,1.0,True,False,False
thò,nfd,2,▁tho|̀,2.5,False,0.0,False,True,False
thòi,nfc,2,▁th|òi,2,False,1.0,True,False,False
thòi,nfd,2,▁tho|̀i,2.5,False,0.0,False,False,False
thòm,nfc,2,▁th|òm,2,False,1.0,True,False,False
thòm,nfd,3,▁tho|̀|m,2.5|3,False,0.5,False,True,False
thòng,nfc,2,▁th|òng,2,False,1.0,True,False,False
thòng,nfd,2,▁tho|̀ng,2.5,False,0.0,False,False,False
thó,nfc,2,▁th|ó,2,False,1.0,True,False,False
thó,nfd,2,▁tho|́,2.5,False,0.0,False,True,False
thóc,nfc,2,▁th|óc,2,False,1.0,True,False,False
thóc,nfd,2,▁tho|́c,2.5,False,0.0,False,False,False
thói,nfc,2,▁th|ói,2,False,1.0,True,False,False
thói,nfd,2,▁tho|́i,2.5,False,0.0,False,False,False
thóp,nfc,2,▁th|óp,2,False,1.0,True,False,False
thóp,nfd,3,▁tho|́|p,2.5|3,False,0.5,False,True,False
thót,nfc,2,▁th|ót,2,False,1.0,True,False,False
thót,nfd,2,▁tho|́t,2.5,False,0.0,False,False,False
thô,nfc,2,▁th|ô,2,False,1.0,True,False,False
thô,nfd,2,▁tho|̂,2.5,False,0.0,False,False,False
thôi,nfc,1,▁thôi,,True,1.0,False,False,False
thôi,nfd,3,▁tho|̂|i,2.5|3,False,0.5,False,False,False
thôn,nfc,2,▁th|ôn,2,False,1.0,True,False,False
thôn,nfd,3,▁tho|̂|n,2.5|3,False,0.5,False,False,False
thông,nfc,1,▁thông,,True,1.0,False,False,False
thông,nfd,3,▁tho|̂|ng,2.5|3,False,0.5,False,False,False
thõng,nfc,3,▁th|õ|ng,2|3,False,1.0,True,False,False
thõng,nfd,3,▁tho|̃|ng,2.5|3,False,0.5,False,True,False
thù,nfc,1,▁thù,,True,1.0,False,False,False
thù,nfd,2,▁thu|̀,2.5,False,0.0,False,True,False
thùa,nfc,2,▁th|ùa,2,False,1.0,True,False,False
thùa,nfd,3,▁thu|̀|a,2.5|3,False,0.0,False,True,False
thùi,nfc,2,▁th|ùi,2,False,1.0,True,False,False
thùi,nfd,2,▁thu|̀i,2.5,False,0.0,False,False,False
thùm,nfc,2,▁th|ùm,2,False,1.0,True,False,False
thùm,nfd,3,▁thu|̀|m,2.5|3,False,0.5,False,True,False
thùng,nfc,1,▁thùng,,True,1.0,False,False,False
thùng,nfd,2,▁thu|̀ng,2.5,False,0.0,False,False,False
thú,nfc,1,▁thú,,True,1.0,False,False,False
thú,nfd,2,▁thu|́,2.5,False,0.0,False,True,False
thúc,nfc,1,▁thúc,,True,1.0,False,False,False
thúc,nfd,2,▁thu|́c,2.5,False,0.0,False,False,False
thúi,nfc,2,▁thú|i,3,False,1.0,False,False,False
thúi,nfd,2,▁thu|́i,2.5,False,0.0,False,False,False
thúng,nfc,2,▁th|úng,2,False,1.0,True,False,False
thúng,nfd,2,▁thu|́ng,2.5,False,0.0,False,False,False
thút,nfc,2,▁th|út,2,False,1.0,True,False,False
thút,nfd,2,▁thu|́t,2.5,False,0.0,False,False,False
thăm,nfc,1,▁thăm,,True,1.0,False,False,False
thăm,nfd,3,▁tha|̆|m,2.5|3,False,0.5,False,False,False
thăn,nfc,2,▁th|ăn,2,False,1.0,True,False,False
thăn,nfd,3,▁tha|̆|n,2.5|3,False,0.5,False,False,False
thăng,nfc,1,▁thăng,,True,1.0,False,False,False
thăng,nfd,3,▁tha|̆|ng,2.5|3,False,0.5,False,False,False
thũng,nfc,2,▁th|ũng,2,False,1.0,True,False,False
thũng,nfd,3,▁thu|̃|ng,2.5|3,False,0.5,False,True,False
thơ,nfc,1,▁thơ,,True,1.0,False,False,False
thơ,nfd,2,▁tho|̛,2.5,False,0.0,False,False,False
thơi,nfc,2,▁th|ơi,2,False,1.0,True,False,False
thơi,nfd,3,▁tho|̛|i,2.5|3,False,0.5,False,False,False
thơm,nfc,1,▁thơm,,True,1.0,False,False,False
thơm,nfd,3,▁tho|̛|m,2.5|3,False,0.5,False,False,False
thơn,nfc,2,▁th|ơn,2,False,1.0,True,False,False
thơn,nfd,3,▁tho|̛|n,2.5|3,False,0.5,False,False,False
thư,nfc,1,▁thư,,True,1.0,False,False,False
thư,nfd,2,▁thu|̛,2.5,False,0.0,False,False,False
thưa,nfc,2,▁th|ưa,2,False,1.0,True,False,False
thưa,nfd,3,▁thu|̛|a,2.5|3,False,0.0,False,False,False
thưng,nfc,2,▁th|ưng,2,False,1.0,True,False,False
thưng,nfd,3,▁thu|̛|ng,2.5|3,False,0.5,False,False,False
thương,nfc,1,▁thương,,True,1.0,False,False,False
thương,nfd,5,▁thu|̛|o|̛|ng,2.5|3|3.5|4,False,0.25,False,False,False
thước,nfc,1,▁thước,,True,1.0,False,False,False
thước,nfd,5,▁thu|̛|o|̛|́c,2.5|3|3.5|3.5,False,0.0,False,False,False
thướt,nfc,2,▁th|ướt,2,False,1.0,True,False,False
thướt,nfd,5,▁thu|̛|o|̛|́t,2.5|3|3.5|3.5,False,0.0,False,False,False
thườn,nfc,2,▁th|ườn,2,False,1.0,True,False,False
thườn,nfd,5,▁thu|̛|o|̛|̀n,2.5|3|3.5|3.5,False,0.0,False,False,False
thường,nfc,1,▁thường,,True,1.0,False,False,False
thường,nfd,5,▁thu|̛|o|̛|̀ng,2.5|3|3.5|3.5,False,0.0,False,False,False
thưởng,nfc,1,▁thưởng,,True,1.0,False,False,False
thưởng,nfd,6,▁thu|̛|o|̛|̉|ng,2.5|3|3.5|3.5|4,False,0.2,False,True,False
thưỡi,nfc,2,▁thư|ỡi,3,False,0.0,False,False,False
thưỡi,nfd,6,▁thu|̛|o|̛|̃|i,2.5|3|3.5|3.5|4,False,0.2,False,True,False
thưỡn,nfc,3,▁thư|ỡ|n,3|4,False,0.5,False,False,False
thưỡn,nfd,6,▁thu|̛|o|̛|̃|n,2.5|3|3.5|3.5|4,False,0.2,False,True,False
thược,nfc,2,▁th|ược,2,False,1.0,True,False,False
thược,nfd,5,▁thu|̛|o|̛|̣c,2.5|3|3.5|3.5,False,0.0,False,False,False
thượng,nfc,1,▁thượng,,True,1.0,False,False,False
thượng,nfd,5,▁thu|̛|o|̛|̣ng,2.5|3|3.5|3.5,False,0.0,False,False,False
thượt,nfc,2,▁th|ượt,2,False,1.0,True,False,False
thượt,nfd,5,▁thu|̛|o|̛|̣t,2.5|3|3.5|3.5,False,0.0,False,False,False
thạc,nfc,2,▁th|ạc,2,False,1.0,True,False,False
thạc,nfd,2,▁tha|̣c,2.5,False,0.0,False,False,False
thạch,nfc,1,▁thạch,,True,1.0,False,False,False
thạch,nfd,3,▁tha|̣|ch,2.5|3,False,0.5,False,True,False
thạnh,nfc,2,▁th|ạnh,2,False,1.0,True,False,False
thạnh,nfd,3,▁tha|̣|nh,2.5|3,False,0.5,False,True,False
thạo,nfc,2,▁th|ạo,2,False,1.0,True,False,False
thạo,nfd,3,▁tha|̣|o,2.5|3,False,0.5,False,True,False
thạp,nfc,2,▁th|ạp,2,False,1.0,True,False,False
thạp,nfd,3,▁tha|̣|p,2.5|3,False,0.5,False,True,False
thả,nfc,1,▁thả,,True,1.0,False,False,False
thả,nfd,2,▁tha|̉,2.5,False,0.0,False,True,False
thải,nfc,1,▁thải,,True,1.0,False,False,False
thải,nfd,3,▁tha|̉|i,2.5|3,False,0.5,False,True,False
thảm,nfc,1,▁thảm,,True,1.0,False,False,False
thảm,nfd,3,▁tha|̉|m,2.5|3,False,0.5,False,True,False
thản,nfc,2,▁th|ản,2,False,1.0,True,False,False
thản,nfd,3,▁tha|̉|n,2.5|3,False,0.5,False,True,False
thảng,nfc,2,▁th|ảng,2,False,1.0,True,False,False
thảng,nfd,3,▁tha|̉|ng,2.5|3,False,0.5,False,True,False
thảnh,nfc,2,▁th|ảnh,2,False,1.0,True,False,False
thảnh,nfd,3,▁tha|̉|nh,2.5|3,False,0.5,False,True,False
thảo,nfc,1,▁thảo,,True,1.0,False,False,False
thảo,nfd,3,▁tha|̉|o,2.5|3,False,0.5,False,True,False
thảy,nfc,2,▁th|ảy,2,False,1.0,True,False,False
thảy,nfd,3,▁tha|̉|y,2.5|3,False,0.5,False,True,False
thấm,nfc,1,▁thấm,,True,1.0,False,False,False
thấm,nfd,4,▁tha|̂|́|m,2.5|2.5|3,False,0.3333333333333333,False,True,False
thấp,nfc,1,▁thấp,,True,1.0,False,False,False
thấp,nfd,4,▁tha|̂|́|p,2.5|2.5|3,False,0.3333333333333333,False,True,False
thất,nfc,1,▁thất,,True,1.0,False,False,False
thất,nfd,3,▁tha|̂|́t,2.5|2.5,False,0.0,False,False,False
thấu,nfc,2,▁th|ấu,2,False,1.0,True,False,False
thấu,nfd,4,▁tha|̂|́|u,2.5|2.5|3,False,0.3333333333333333,False,True,False
thấy,nfc,1,▁thấy,,True,1.0,False,False,False
thấy,nfd,4,▁tha|̂|́|y,2.5|2.5|3,False,0.3333333333333333,False,True,False
thầm,nfc,2,▁th|ầm,2,False,1.0,True,False,False
thầm,nfd,4,▁tha|̂|̀|m,2.5|2.5|3,False,0.3333333333333333,False,True,False
thần,nfc,1,▁thần,,True,1.0,False,False,False
thần,nfd,3,▁tha|̂|̀n,2.5|2.5,False,0.0,False,False,False
thầu,nfc,2,▁th|ầu,2,False,1.0,True,False,False
thầu,nfd,3,▁tha|̂|̀u,2.5|2.5,False,0.0,False,False,False
thầy,nfc,1,▁thầy,,True,1.0,False,False,False
thầy,nfd,4,▁tha|̂|̀|y,2.5|2.5|3,False,0.3333333333333333,False,True,False
thẩm,nfc,1,▁thẩm,,True,1.0,False,False,False
thẩm,nfd,4,▁tha|̂|̉|m,2.5|2.5|3,False,0.3333333333333333,False,True,False
thẩn,nfc,2,▁th|ẩn,2,False,1.0,True,False,False
thẩn,nfd,4,▁tha|̂|̉|n,2.5|2.5|3,False,0.3333333333333333,False,True,False
thẩu,nfc,2,▁th|ẩu,2,False,1.0,True,False,False
thẩu,nfd,4,▁tha|̂|̉|u,2.5|2.5|3,False,0.3333333333333333,False,True,False
thẫm,nfc,3,▁th|ẫ|m,2|3,False,1.0,True,False,False
thẫm,nfd,4,▁tha|̂|̃|m,2.5|2.5|3,False,0.3333333333333333,False,True,False
thẫn,nfc,2,▁th|ẫn,2,False,1.0,True,False,False
thẫn,nfd,4,▁tha|̂|̃|n,2.5|2.5|3,False,0.3333333333333333,False,True,False
thậm,nfc,1,▁thậm,,True,1.0,False,False,False
thậm,nfd,4,▁tha|̣|̂|m,2.5|2.5|3,False,0.3333333333333333,False,True,False
thận,nfc,1,▁thận,,True,1.0,False,False,False
thận,nfd,4,▁tha|̣|̂|n,2.5|2.5|3,False,0.3333333333333333,False,True,False
thập,nfc,1,▁thập,,True,1.0,False,False,False
thập,nfd,4,▁tha|̣|̂|p,2.5|2.5|3,False,0.3333333333333333,False,True,False
thật,nfc,1,▁thật,,True,1.0,False,False,False
thật,nfd,4,▁tha|̣|̂|t,2.5|2.5|3,False,0.3333333333333333,False,True,False
thắc,nfc,2,▁th|ắc,2,False,1.0,True,False,False
thắc,nfd,3,▁tha|̆|́c,2.5|2.5,False,0.0,False,False,False
thắm,nfc,2,▁th|ắm,2,False,1.0,True,False,False
thắm,nfd,4,▁tha|̆|́|m,2.5|2.5|3,False,0.3333333333333333,False,True,False
thắn,nfc,2,▁th|ắn,2,False,1.0,True,False,False
thắn,nfd,3,▁tha|̆|́n,2.5|2.5,False,0.0,False,False,False
thắng,nfc,1,▁thắng,,True,1.0,False,False,False
thắng,nfd,3,▁tha|̆|́ng,2.5|2.5,False,0.0,False,False,False
thắp,nfc,2,▁th|ắp,2,False,1.0,True,False,False
thắp,nfd,4,▁tha|̆|́|p,2.5|2.5|3,False,0.3333333333333333,False,True,False
thắt,nfc,2,▁th|ắt,2,False,1.0,True,False,False
thắt,nfd,3,▁tha|̆|́t,2.5|2.5,False,0.0,False,False,False
thằn,nfc,3,▁th|ằ|n,2|3,False,1.0,True,False,False
thằn,nfd,3,▁tha|̆|̀n,2.5|2.5,False,0.0,False,False,False
thằng,nfc,2,▁th|ằng,2,False,1.0,True,False,False
thằng,nfd,3,▁tha|̆|̀ng,2.5|2.5,False,0.0,False,False,False
thẳm,nfc,3,▁th|ẳ|m,2|3,False,1.0,True,False,False
thẳm,nfd,4,▁tha|̆|̉|m,2.5|2.5|3,False,0.3333333333333333,False,True,False
thẳng,nfc,1,▁thẳng,,True,1.0,False,False,False
thẳng,nfd,4,▁tha|̆|̉|ng,2.5|2.5|3,False,0.3333333333333333,False,True,False
thặng,nfc,2,▁th|ặng,2,False,1.0,True,False,False
thặng,nfd,4,▁tha|̣|̆|ng,2.5|2.5|3,False,0.3333333333333333,False,True,False
thẹn,nfc,2,▁th|ẹn,2,False,1.0,True,False,False
thẹn,nfd,2,▁the|̣n,2.5,False,0.0,False,False,False
thẹo,nfc,2,▁th|ẹo,2,False,1.0,True,False,False
thẹo,nfd,3,▁the|̣|o,2.5|3,False,0.5,False,True,False
thẹp,nfc,2,▁th|ẹp,2,False,1.0,True,False,False
thẹp,nfd,3,▁the|̣|p,2.5|3,False,0.5,False,True,False
thẻ,nfc,1,▁thẻ,,True,1.0,False,False,False
thẻ,nfd,2,▁the|̉,2.5,False,0.0,False,True,False
thẻo,nfc,2,▁thẻ|o,3,False,1.0,False,False,False
thẻo,nfd,3,▁the|̉|o,2.5|3,False,0.5,False,True,False
thẽ,nfc,2,▁th|ẽ,2,False,1.0,True,False,False
thẽ,nfd,2,▁the|̃,2.5,False,0.0,False,True,False
thế,nfc,1,▁thế,,True,1.0,False,False,False
thế,nfd,3,▁the|̂|́,2.5|2.5,False,0.0,False,True,False
thếch,nfc,2,▁thế|ch,3,False,1.0,False,False,False
thếch,nfd,4,▁the|̂|́|ch,2.5|2.5|3,False,0.3333333333333333,False,True,False
thếp,nfc,2,▁thế|p,3,False,1.0,False,False,False
thếp,nfd,4,▁the|̂|́|p,2.5|2.5|3,False,0.3333333333333333,False,True,False
thết,nfc,2,▁th|ết,2,False,1.0,True,False,False
thết,nfd,3,▁the|̂|́t,2.5|2.5,False,0.0,False,False,False
thề,nfc,2,▁th|ề,2,False,1.0,True,False,False
thề,nfd,3,▁the|̂|̀,2.5|2.5,False,0.0,False,True,False
thềm,nfc,2,▁th|ềm,2,False,1.0,True,False,False
thềm,nfd,4,▁the|̂|̀|m,2.5|2.5|3,False,0.3333333333333333,False,True,False
thều,nfc,2,▁th|ều,2,False,1.0,True,False,False
thều,nfd,3,▁the|̂|̀u,2.5|2.5,False,0.0,False,False,False
thể,nfc,1,▁thể,,True,1.0,False,False,False
thể,nfd,3,▁the|̂|̉,2.5|2.5,False,0.0,False,True,False
thểu,nfc,2,▁thể|u,3,False,1.0,False,False,False
thểu,nfd,4,▁the|̂|̉|u,2.5|2.5|3,False,0.3333333333333333,False,True,False
thệ,nfc,2,▁th|ệ,2,False,1.0,True,False,False
thệ,nfd,3,▁the|̣|̂,2.5|2.5,False,0.0,False,True,False
thện,nfc,2,▁th|ện,2,False,1.0,True,False,False
thện,nfd,4,▁the|̣|̂|n,2.5|2.5|3,False,0.3333333333333333,False,True,False
thỉ,nfc,2,▁th|ỉ,2,False,1.0,True,False,False
thỉ,nfd,2,▁thi|̉,2.5,False,0.0,False,True,False
thỉnh,nfc,2,▁th|ỉnh,2,False,1.0,True,False,False
thỉnh,nfd,3,▁thi|̉|nh,2.5|3,False,0.5,False,True,False
thỉu,nfc,3,▁th|ỉ|u,2|3,False,1.0,True,False,False
thỉu,nfd,3,▁thi|̉|u,2.5|3,False,0.5,False,True,False
thị,nfc,1,▁thị,,True,1.0,False,False,False
thị,nfd,2,▁thi|̣,2.5,False,0.0,False,True,False
thịch,nfc,2,▁th|ịch,2,False,1.0,True,False,False
thịch,nfd,3,▁thi|̣|ch,2.5|3,False,0.5,False,True,False
thịnh,nfc,2,▁thị|nh,3,False,1.0,False,False,False
thịnh,nfd,3,▁thi|̣|nh,2.5|3,False,0.5,False,True,False
thịt,nfc,1,▁thịt,,True,1.0,False,False,False
thịt,nfd,2,▁thi|̣t,2.5,False,0.0,False,False,False
thịu,nfc,2,▁thị|u,3,False,1.0,False,False,False
thịu,nfd,3,▁thi|̣|u,2.5|3,False,0.5,False,True,False
thọ,nfc,1,▁thọ,,True,1.0,False,False,False
thọ,nfd,2,▁tho|̣,2.5,False,0.0,False,True,False
thọc,nfc,2,▁th|ọc,2,False,1.0,True,False,False
thọc,nfd,2,▁tho|̣c,2.5,False,0.0,False,False,False
thọt,nfc,2,▁th|ọt,2,False,1.0,True,False,False
thọt,nfd,2,▁tho|̣t,2.5,False,0.0,False,False,False
thỏ,nfc,2,▁th|ỏ,2,False,1.0,True,False,False
thỏ,nfd,2,▁tho|̉,2.5,False,0.0,False,True,False
thỏi,nfc,2,▁th|ỏi,2,False,1.0,True,False,False
thỏi,nfd,3,▁tho|̉|i,2.5|3,False,0.5,False,True,False
thỏm,nfc,3,▁th|ỏ|m,2|3,False,1.0,True,False,False
thỏm,nfd,3,▁tho|̉|m,2.5|3,False,0.5,False,True,False
thố,nfc,2,▁th|ố,2,False,1.0,True,False,False
thố,nfd,3,▁tho|̂|́,2.5|2.5,False,0.0,False,True,False
thốc,nfc,2,▁th|ốc,2,False,1.0,True,False,False
thốc,nfd,3,▁tho|̂|́c,2.5|2.5,False,0.0,False,False,False
thối,nfc,2,▁th|ối,2,False,1.0,True,False,False
thối,nfd,3,▁tho|̂|́i,2.5|2.5,False,0.0,False,False,False
thốn,nfc,2,▁th|ốn,2,False,1.0,True,False,False
thốn,nfd,3,▁tho|̂|́n,2.5|2.5,False,0.0,False,False,False
thống,nfc,1,▁thống,,True,1.0,False,False,False
thống,nfd,3,▁tho|̂|́ng,2.5|2.5,False,0.0,False,False,False
thốt,nfc,2,▁th|ốt,2,False,1.0,True,False,False
thốt,nfd,3,▁tho|̂|́t,2.5|2.5,False,0.0,False,False,False
thồ,nfc,2,▁th|ồ,2,False,1.0,True,False,False
thồ,nfd,3,▁tho|̂|̀,2.5|2.5,False,0.0,False,True,False
thồi,nfc,2,▁th|ồi,2,False,1.0,True,False,False
thồi,nfd,3,▁tho|̂|̀i,2.5|2.5,False,0.0,False,False,False
thồm,nfc,2,▁th|ồm,2,False,1.0,True,False,False
thồm,nfd,4,▁tho|̂|̀|m,2.5|2.5|3,False,0.3333333333333333,False,True,False
thồn,nfc,2,▁th|ồn,2,False,1.0,True,False,False
thồn,nfd,3,▁tho|̂|̀n,2.5|2.5,False,0.0,False,False,False
thổ,nfc,2,▁th|ổ,2,False,1.0,True,False,False
thổ,nfd,3,▁tho|̂|̉,2.5|2.5,False,0.0,False,True,False
thổi,nfc,2,▁th|ổi,2,False,1.0,True,False,False
thổi,nfd,4,▁tho|̂|̉|i,2.5|2.5|3,False,0.3333333333333333,False,True,False
thổn,nfc,3,▁th|ổ|n,2|3,False,1.0,True,False,False
thổn,nfd,4,▁tho|̂|̉|n,2.5|2.5|3,False,0.3333333333333333,False,True,False
thộc,nfc,2,▁th|ộc,2,False,1.0,True,False,False
thộc,nfd,4,▁tho|̣|̂|c,2.5|2.5|3,False,0.3333333333333333,False,True,False
thộn,nfc,2,▁th|ộn,2,False,1.0,True,False,False
thộn,nfd,4,▁tho|̣|̂|n,2.5|2.5|3,False,0.3333333333333333,False,True,False
thộp,nfc,2,▁th|ộp,2,False,1.0,True,False,False
thộp,nfd,4,▁tho|̣|̂|p,2.5|2.5|3,False,0.3333333333333333,False,True,False
thớ,nfc,2,▁th|ớ,2,False,1.0,True,False,False
thớ,nfd,3,▁tho|̛|́,2.5|2.5,False,0.0,False,True,False
thớt,nfc,2,▁th|ớt,2,False,1.0,True,False,False
thớt,nfd,3,▁tho|̛|́t,2.5|2.5,False,0.0,False,False,False
thờ,nfc,1,▁thờ,,True,1.0,False,False,False
thờ,nfd,3,▁tho|̛|̀,2.5|2.5,False,0.0,False,True,False
thời,nfc,1,▁thời,,True,1.0,False,False,False
thời,nfd,3,▁tho|̛|̀i,2.5|2.5,False,0.0,False,False,False
thờn,nfc,2,▁thờ|n,3,False,1.0,False,False,False
thờn,nfd,3,▁tho|̛|̀n,2.5|2.5,False,0.0,False,False,False
thở,nfc,1,▁thở,,True,1.0,False,False,False
thở,nfd,3,▁tho|̛|̉,2.5|2.5,False,0.0,False,True,False
thợ,nfc,2,▁th|ợ,2,False,1.0,True,False,False
thợ,nfd,3,▁tho|̛|̣,2.5|2.5,False,0.0,False,True,False
thợt,nfc,2,▁th|ợt,2,False,1.0,True,False,False
thợt,nfd,3,▁tho|̛|̣t,2.5|2.5,False,0.0,False,False,False
thụ,nfc,1,▁thụ,,True,1.0,False,False,False
thụ,nfd,2,▁thu|̣,2.5,False,0.0,False,True,False
thục,nfc,2,▁th|ục,2,False,1.0,True,False,False
thục,nfd,2,▁thu|̣c,2.5,False,0.0,False,False,False
thụi,nfc,2,▁thụ|i,3,False,1.0,False,False,False
thụi,nfd,2,▁thu|̣i,2.5,False,0.0,False,False,False
thụng,nfc,2,▁th|ụng,2,False,1.0,True,False,False
thụng,nfd,2,▁thu|̣ng,2.5,False,0.0,False,False,False
thụp,nfc,2,▁th|ụp,2,False,1.0,True,False,False
thụp,nfd,3,▁thu|̣|p,2.5|3,False,0.5,False,True,False
thụt,nfc,2,▁thụ|t,3,False,1.0,False,False,False
thụt,nfd,2,▁thu|̣t,2.5,False,0.0,False,False,False
thủ,nfc,1,▁thủ,,True,1.0,False,False,False
thủ,nfd,2,▁thu|̉,2.5,False,0.0,False,True,False
thủa,nfc,2,▁thủ|a,3,False,0.0,False,False,False
thủa,nfd,3,▁thu|̉|a,2.5|3,False,0.0,False,True,False
thủi,nfc,2,▁thủ|i,3,False,1.0,False,False,False
thủi,nfd,3,▁thu|̉|i,2.5|3,False,0.5,False,True,False
thủm,nfc,2,▁thủ|m,3,False,1.0,False,False,False
thủm,nfd,3,▁thu|̉|m,2.5|3,False,0.5,False,True,False
thủng,nfc,2,▁thủ|ng,3,False,1.0,False,False,False
thủng,nfd,3,▁thu|̉|ng,2.5|3,False,0.5,False,True,False
thứ,nfc,1,▁thứ,,True,1.0,False,False,False
thứ,nfd,3,▁thu|̛|́,2.5|2.5,False,0.0,False,True,False
thức,nfc,1,▁thức,,True,1.0,False,False,False
thức,nfd,3,▁thu|̛|́c,2.5|2.5,False,0.0,False,False,False
thừ,nfc,2,▁th|ừ,2,False,1.0,True,False,False
thừ,nfd,3,▁thu|̛|̀,2.5|2.5,False,0.0,False,True,False
thừa,nfc,1,▁thừa,,True,1.0,False,False,False
thừa,nfd,4,▁thu|̛|̀|a,2.5|2.5|3,False,0.0,False,True,False
thừng,nfc,2,▁th|ừng,2,False,1.0,True,False,False
thừng,nfd,3,▁thu|̛|̀ng,2.5|2.5,False,0.0,False,False,False
thử,nfc,1,▁thử,,True,1.0,False,False,False
thử,nfd,3,▁thu|̛|̉,2.5|2.5,False,0.0,False,True,False
thửa,nfc,2,▁th|ửa,2,False,1.0,True,False,False
thửa,nfd,4,▁thu|̛|̉|a,2.5|2.5|3,False,0.0,False,True,False
thững,nfc,2,▁th|ững,2,False,1.0,True,False,False
thững,nfd,4,▁thu|̛|̃|ng,2.5|2.5|3,False,0.3333333333333333,False,True,False
thự,nfc,1,▁thự,,True,1.0,False,False,False
thự,nfd,3,▁thu|̛|̣,2.5|2.5,False,0.0,False,True,False
thực,nfc,1,▁thực,,True,1.0,False,False,False
thực,nfd,3,▁thu|̛|̣c,2.5|2.5,False,0.0,False,False,False
ti,nfc,1,▁ti,,True,1.0,False,False,False
ti,nfd,1,▁ti,,True,1.0,False,False,False
tia,nfc,1,▁tia,,True,1.0,False,False,False
tia,nfd,1,▁tia,,True,1.0,False,False,False
tim,nfc,1,▁tim,,True,1.0,False,False,False
tim,nfd,1,▁tim,,True,1.0,False,False,False
tin,nfc,1,▁tin,,True,1.0,False,False,False
tin,nfd,1,▁tin,,True,1.0,False,False,False
tinh,nfc,1,▁tinh,,True,1.0,False,False,False
tinh,nfd,1,▁tinh,,True,1.0,False,False,False
tiu,nfc,2,▁ti|u,2,False,1.0,False,False,False
tiu,nfd,2,▁ti|u,2,False,1.0,False,False,False
tiêm,nfc,2,▁ti|êm,2,False,0.0,False,False,False
tiêm,nfd,3,▁tie|̂|m,2.5|3,False,0.5,False,False,False
tiên,nfc,1,▁tiên,,True,1.0,False,False,False
tiên,nfd,3,▁tie|̂|n,2.5|3,False,0.5,False,False,False
tiêng,nfc,2,▁ti|êng,2,False,0.0,False,False,False
tiêng,nfd,3,▁tie|̂|ng,2.5|3,False,0.5,False,False,False
tiêu,nfc,1,▁tiêu,,True,1.0,False,False,False
tiêu,nfd,3,▁tie|̂|u,2.5|3,False,0.5,False,False,False
tiếc,nfc,2,▁tiế|c,3,False,1.0,False,False,False
tiếc,nfd,3,▁tie|̂|́c,2.5|2.5,False,0.0,False,False,False
tiếm,nfc,2,▁tiế|m,3,False,1.0,False,False,False
tiếm,nfd,4,▁tie|̂|́|m,2.5|2.5|3,False,0.3333333333333333,False,True,False
tiến,nfc,1,▁tiến,,True,1.0,False,False,False
tiến,nfd,3,▁tie|̂|́n,2.5|2.5,False,0.0,False,False,False
tiếng,nfc,1,▁tiếng,,True,1.0,False,False,False
tiếng,nfd,3,▁tie|̂|́ng,2.5|2.5,False,0.0,False,False,False
tiếp,nfc,1,▁tiếp,,True,1.0,False,False,False
tiếp,nfd,4,▁tie|̂|́|p,2.5|2.5|3,False,0.3333333333333333,False,True,False
tiết,nfc,1,▁tiết,,True,1.0,False,False,False
tiết,nfd,3,▁tie|̂|́t,2.5|2.5,False,0.0,False,False,False
tiếu,nfc,2,▁ti|ếu,2,False,0.0,False,False,False
tiếu,nfd,4,▁tie|̂|́|u,2.5|2.5|3,False,0.3333333333333333,False,True,False
tiềm,nfc,2,▁ti|ềm,2,False,0.0,False,False,False
tiềm,nfd,4,▁tie|̂|̀|m,2.5|2.5|3,False,0.3333333333333333,False,True,False
tiền,nfc,1,▁tiền,,True,1.0,False,False,False
tiền,nfd,3,▁tie|̂|̀n,2.5|2.5,False,0.0,False,False,False
tiều,nfc,2,▁ti|ều,2,False,0.0,False,False,False
tiều,nfd,3,▁tie|̂|̀u,2.5|2.5,False,0.0,False,False,False
tiểu,nfc,1,▁tiểu,,True,1.0,False,False,False
tiểu,nfd,4,▁tie|̂|̉|u,2.5|2.5|3,False,0.3333333333333333,False,True,False
tiễn,nfc,2,▁ti|ễn,2,False,0.0,False,False,False
tiễn,nfd,4,▁tie|̂|̃|n,2.5|2.5|3,False,0.3333333333333333,False,True,False
tiễu,nfc,3,▁ti|ễ|u,2|3,False,0.5,False,False,False
tiễu,nfd,4,▁tie|̂|̃|u,2.5|2.5|3,False,0.3333333333333333,False,True,False
tiệc,nfc,1,▁tiệc,,True,1.0,False,False,False
tiệc,nfd,4,▁tie|̣|̂|c,2.5|2.5|3,False,0.3333333333333333,False,True,False
tiệm,nfc,2,▁ti|ệm,2,False,0.0,False,False,False
tiệm,nfd,4,▁tie|̣|̂|m,2.5|2.5|3,False,0.3333333333333333,False,True,False
tiện,nfc,1,▁tiện,,True,1.0,False,False,False
tiện,nfd,4,▁tie|̣|̂|n,2.5|2.5|3,False,0.3333333333333333,False,True,False
tiệp,nfc,2,▁ti|ệp,2,False,0.0,False,False,False
tiệp,nfd,4,▁tie|̣|̂|p,2.5|2.5|3,False,0.3333333333333333,False,True,False
tiệt,nfc,2,▁ti|ệt,2,False,0.0,False,False,False
tiệt,nfd,4,▁tie|̣|̂|t,2.5|2.5|3,False,0.3333333333333333,False,True,False
to,nfc,1,▁to,,True,1.0,False,False,False
to,nfd,1,▁to,,True,1.0,False,False,False
toa,nfc,1,▁toa,,True,1.0,False,False,False
toa,nfd,1,▁toa,,True,1.0,False,False,False
toan,nfc,2,▁to|an,2,False,1.0,False,False,False
toan,nfd,2,▁to|an,2,False,1.0,False,False,False
toang,nfc,2,▁to|ang,2,False,1.0,False,False,False
toang,nfd,2,▁to|ang,2,False,1.0,False,False,False
toanh,nfc,2,▁to|anh,2,False,1.0,False,False,False
toanh,nfd,2,▁to|anh,2,False,1.0,False,False,False
toe,nfc,1,▁toe,,True,1.0,False,False,False
toe,nfd,1,▁toe,,True,1.0,False,False,False
toen,nfc,1,▁toen,,True,1.0,False,False,False
toen,nfd,1,▁toen,,True,1.0,False,False,False
toi,nfc,1,▁toi,,True,1.0,False,False,False
toi,nfd,1,▁toi,,True,1.0,False,False,False
tom,nfc,1,▁tom,,True,1.0,False,False,False
tom,nfd,1,▁tom,,True,1.0,False,False,False
ton,nfc,1,▁ton,,True,1.0,False,False,False
ton,nfd,1,▁ton,,True,1.0,False,False,False
tong,nfc,1,▁tong,,True,1.0,False,False,False
tong,nfd,1,▁tong,,True,1.0,False,False,False
toong,nfc,2,▁to|ong,2,False,0.0,False,False,False
toong,nfd,2,▁to|ong,2,False,0.0,False,False,False
toà,nfc,2,▁to|à,2,False,1.0,False,False,False
toà,nfd,2,▁toa|̀,2.5,False,0.0,False,True,False
toài,nfc,2,▁to|ài,2,False,1.0,False,False,False
toài,nfd,2,▁toa|̀i,2.5,False,0.0,False,False,False
toàn,nfc,1,▁toàn,,True,1.0,False,False,False
toàn,nfd,2,▁toa|̀n,2.5,False,0.0,False,False,False
toàng,nfc,2,▁to|àng,2,False,1.0,False,False,False
toàng,nfd,2,▁toa|̀ng,2.5,False,0.0,False,False,False
toác,nfc,2,▁to|ác,2,False,1.0,False,False,False
toác,nfd,2,▁toa|́c,2.5,False,0.0,False,False,False
toái,nfc,2,▁to|ái,2,False,1.0,False,False,False
toái,nfd,2,▁toa|́i,2.5,False,0.0,False,False,False
toán,nfc,1,▁toán,,True,1.0,False,False,False
toán,nfd,2,▁toa|́n,2.5,False,0.0,False,False,False
toáng,nfc,2,▁to|áng,2,False,1.0,False,False,False
toáng,nfd,2,▁toa|́ng,2.5,False,0.0,False,False,False
toát,nfc,2,▁to|át,2,False,1.0,False,False,False
toát,nfd,2,▁toa|́t,2.5,False,0.0,False,False,False
toáy,nfc,2,▁to|áy,2,False,1.0,False,False,False
toáy,nfd,3,▁toa|́|y,2.5|3,False,0.5,False,True,False
toè,nfc,2,▁to|è,2,False,1.0,False,False,False
toè,nfd,2,▁toe|̀,2.5,False,0.0,False,True,False
toèn,nfc,2,▁to|èn,2,False,1.0,False,False,False
toèn,nfd,2,▁toe|̀n,2.5,False,0.0,False,False,False
toé,nfc,2,▁to|é,2,False,1.0,False,False,False
toé,nfd,2,▁toe|́,2.5,False,0.0,False,True,False
toét,nfc,2,▁to|ét,2,False,1.0,False,False,False
toét,nfd,2,▁toe|́t,2.5,False,0.0,False,False,False
toòng,nfc,2,▁to|òng,2,False,0.0,False,False,False
toòng,nfd,2,▁too|̀ng,2.5,False,0.0,False,False,False
toạ,nfc,2,▁to|ạ,2,False,1.0,False,False,False
toạ,nfd,2,▁toa|̣,2.5,False,0.0,False,True,False
toạc,nfc,2,▁to|ạc,2,False,1.0,False,False,False
toạc,nfd,2,▁toa|̣c,2.5,False,0.0,False,False,False
toại,nfc,2,▁to|ại,2,False,1.0,False,False,False
toại,nfd,2,▁toa|̣i,2.5,False,0.0,False,False,False
toả,nfc,2,▁to|ả,2,False,1.0,False,False,False
toả,nfd,2,▁toa|̉,2.5,False,0.0,False,True,False
toản,nfc,2,▁to|ản,2,False,1.0,False,False,False
toản,nfd,3,▁toa|̉|n,2.5|3,False,0.5,False,True,False
toẹt,nfc,3,▁to|ẹ|t,2|3,False,1.0,False,False,False
toẹt,nfd,2,▁toe|̣t,2.5,False,0.0,False,False,False
toẻ,nfc,2,▁to|ẻ,2,False,1.0,False,False,False
toẻ,nfd,2,▁toe|̉,2.5,False,0.0,False,True,False
toẽ,nfc,2,▁to|ẽ,2,False,1.0,False,False,False
toẽ,nfd,2,▁toe|̃,2.5,False,0.0,False,True,False
tra,nfc,1,▁tra,,True,1.0,False,False,False
tra,nfd,1,▁tra,,True,1.0,False,False,False
trai,nfc,1,▁trai,,True,1.0,False,False,False
trai,nfd,1,▁trai,,True,1.0,False,False,False
tram,nfc,1,▁tram,,True,1.0,False,False,False
tram,nfd,1,▁tram,,True,1.0,False,False,False
tran,nfc,1,▁tran,,True,1.0,False,False,False
tran,nfd,1,▁tran,,True,1.0,False,False,False
trang,nfc,1,▁trang,,True,1.0,False,False,False
trang,nfd,1,▁trang,,True,1.0,False,False,False
tranh,nfc,1,▁tranh,,True,1.0,False,False,False
tranh,nfd,1,▁tranh,,True,1.0,False,False,False
trao,nfc,1,▁trao,,True,1.0,False,False,False
trao,nfd,1,▁trao,,True,1.0,False,False,False
trau,nfc,2,▁tra|u,3,False,1.0,False,False,False
trau,nfd,2,▁tra|u,3,False,1.0,False,False,False
tre,nfc,1,▁tre,,True,1.0,False,False,False
tre,nfd,1,▁tre,,True,1.0,False,False,False
treo,nfc,1,▁treo,,True,1.0,False,False,False
treo,nfd,1,▁treo,,True,1.0,False,False,False
tri,nfc,1,▁tri,,True,1.0,False,False,False
tri,nfd,1,▁tri,,True,1.0,False,False,False
trinh,nfc,1,▁trinh,,True,1.0,False,False,False
trinh,nfd,1,▁trinh,,True,1.0,False,False,False
triêng,nfc,2,▁tri|êng,3,False,0.0,False,False,False
triêng,nfd,3,▁trie|̂|ng,3.5|4,False,0.5,False,False,False
triêu,nfc,2,▁tri|êu,3,False,0.0,False,False,False
triêu,nfd,3,▁trie|̂|u,3.5|4,False,0.5,False,False,False
triến,nfc,2,▁tri|ến,3,False,0.0,False,False,False
triến,nfd,3,▁trie|̂|́n,3.5|3.5,False,0.0,False,False,False
triết,nfc,2,▁tri|ết,3,False,0.0,False,False,False
triết,nfd,3,▁trie|̂|́t,3.5|3.5,False,0.0,False,False,False
triền,nfc,2,▁tri|ền,3,False,0.0,False,False,False
triền,nfd,3,▁trie|̂|̀n,3.5|3.5,False,0.0,False,False,False
triềng,nfc,3,▁tri|ề|ng,3|4,False,0.5,False,False,False
triềng,nfd,3,▁trie|̂|̀ng,3.5|3.5,False,0.0,False,False,False
triều,nfc,2,▁tri|ều,3,False,0.0,False,False,False
triều,nfd,3,▁trie|̂|̀u,3.5|3.5,False,0.0,False,False,False
triển,nfc,1,▁triển,,True,1.0,False,False,False
triển,nfd,4,▁trie|̂|̉|n,3.5|3.5|4,False,0.3333333333333333,False,True,False
triện,nfc,2,▁tri|ện,3,False,0.0,False,False,False
triện,nfd,4,▁trie|̣|̂|n,3.5|3.5|4,False,0.3333333333333333,False,True,False
triệng,nfc,2,▁tri|ệng,3,False,0.0,False,False,False
triệng,nfd,4,▁trie|̣|̂|ng,3.5|3.5|4,False,0.3333333333333333,False,True,False
triệt,nfc,2,▁tri|ệt,3,False,0.0,False,False,False
triệt,nfd,4,▁trie|̣|̂|t,3.5|3.5|4,False,0.3333333333333333,False,True,False
triệu,nfc,1,▁triệu,,True,1.0,False,False,False
triệu,nfd,4,▁trie|̣|̂|u,3.5|3.5|4,False,0.3333333333333333,False,True,False
tro,nfc,1,▁tro,,True,1.0,False,False,False
tro,nfd,1,▁tro,,True,1.0,False,False,False
troi,nfc,2,▁tro|i,3,False,1.0,False,False,False
troi,nfd,2,▁tro|i,3,False,1.0,False,False,False
tron,nfc,1,▁tron,,True,1.0,False,False,False
tron,nfd,1,▁tron,,True,1.0,False,False,False
trong,nfc,1,▁trong,,True,1.0,False,False,False
trong,nfd,1,▁trong,,True,1.0,False,False,False
tru,nfc,1,▁tru,,True,1.0,False,False,False
tru,nfd,1,▁tru,,True,1.0,False,False,False
trui,nfc,2,▁tr|ui,2,False,1.0,True,False,False
trui,nfd,2,▁tr|ui,2,False,1.0,True,False,False
trun,nfc,1,▁trun,,True,1.0,False,False,False
trun,nfd,1,▁trun,,True,1.0,False,False,False
trung,nfc,1,▁trung,,True,1.0,False,False,False
trung,nfd,1,▁trung,,True,1.0,False,False,False
truy,nfc,1,▁truy,,True,1.0,False,False,False
truy,nfd,1,▁truy,,True,1.0,False,False,False
truyền,nfc,1,▁truyền,,True,1.0,False,False,False
truyền,nfd,4,▁tru|ye|̂|̀n,3|4.5|4.5,False,0.3333333333333333,False,False,False
truyện,nfc,1,▁truyện,,True,1.0,False,False,False
truyện,nfd,5,▁tru|ye|̣|̂|n,3|4.5|4.5|5,False,0.5,False,True,False
truân,nfc,2,▁tru|ân,3,False,1.0,False,False,False
truân,nfd,4,▁tr|ua|̂|n,2|3.5|4,False,0.6666666666666666,True,False,False
truông,nfc,2,▁tru|ông,3,False,0.0,False,False,False
truông,nfd,4,▁tr|uo|̂|ng,2|3.5|4,False,0.6666666666666666,True,False,False
truất,nfc,2,▁tru|ất,3,False,1.0,False,False,False
truất,nfd,4,▁tr|ua|̂|́t,2|3.5|3.5,False,0.3333333333333333,True,False,False
truật,nfc,2,▁tru|ật,3,False,1.0,False,False,False
truật,nfd,5,▁tr|ua|̣|̂|t,2|3.5|3.5|4,False,0.5,True,True,False
truồng,nfc,2,▁tru|ồng,3,False,0.0,False,False,False
truồng,nfd,4,▁tr|uo|̂|̀ng,2|3.5|3.5,False,0.3333333333333333,True,False,False
truột,nfc,2,▁tru|ột,3,False,0.0,False,False,False
truột,nfd,5,▁tr|uo|̣|̂|t,2|3.5|3.5|4,False,0.5,True,True,False
truỵ,nfc,2,▁tru|ỵ,3,False,1.0,False,False,False
truỵ,nfd,2,▁truy|̣,3.5,False,0.0,False,True,False
trà,nfc,1,▁trà,,True,1.0,False,False,False
trà,nfd,2,▁tra|̀,2.5,False,0.0,False,True,False
trài,nfc,2,▁tr|ài,2,False,1.0,True,False,False
trài,nfd,2,▁tra|̀i,2.5,False,0.0,False,False,False
tràm,nfc,2,▁tr|àm,2,False,1.0,True,False,False
tràm,nfd,3,▁tra|̀|m,2.5|3,False,0.5,False,True,False
tràn,nfc,2,▁tr|àn,2,False,1.0,True,False,False
tràn,nfd,2,▁tra|̀n,2.5,False,0.0,False,False,False
tràng,nfc,2,▁tr|àng,2,False,1.0,True,False,False
tràng,nfd,2,▁tra|̀ng,2.5,False,0.0,False,False,False
trành,nfc,2,▁tr|ành,2,False,1.0,True,False,False
trành,nfd,2,▁tra|̀nh,2.5,False,0.0,False,False,False
trào,nfc,2,▁tr|ào,2,False,1.0,True,False,False
trào,nfd,3,▁tra|̀|o,2.5|3,False,0.5,False,True,False
tràu,nfc,2,▁tr|àu,2,False,1.0,True,False,False
tràu,nfd,2,▁tra|̀u,2.5,False,0.0,False,False,False
trày,nfc,2,▁tr|ày,2,False,1.0,True,False,False
trày,nfd,3,▁tra|̀|y,2.5|3,False,0.5,False,True,False
trá,nfc,1,▁trá,,True,1.0,False,False,False
trá,nfd,2,▁tra|́,2.5,False,0.0,False,True,False
trác,nfc,2,▁tr|ác,2,False,1.0,True,False,False
trác,nfd,2,▁tra|́c,2.5,False,0.0,False,False,False
trách,nfc,1,▁trách,,True,1.0,False,False,False
trách,nfd,3,▁tra|́|ch,2.5|3,False,0.5,False,True,False
trái,nfc,1,▁trái,,True,1.0,False,False,False
trái,nfd,2,▁tra|́i,2.5,False,0.0,False,False,False
trám,nfc,1,▁trám,,True,1.0,False,False,False
trám,nfd,3,▁tra|́|m,2.5|3,False,0.5,False,True,False
trán,nfc,2,▁tr|án,2,False,1.0,True,False,False
trán,nfd,2,▁tra|́n,2.5,False,0.0,False,False,False
tráng,nfc,1,▁tráng,,True,1.0,False,False,False
tráng,nfd,2,▁tra|́ng,2.5,False,0.0,False,False,False
tránh,nfc,1,▁tránh,,True,1.0,False,False,False
tránh,nfd,3,▁tra|́|nh,2.5|3,False,0.5,False,True,False
tráo,nfc,2,▁tr|áo,2,False,1.0,True,False,False
tráo,nfd,3,▁tra|́|o,2.5|3,False,0.5,False,True,False
tráp,nfc,2,▁tr|áp,2,False,1.0,True,False,False
tráp,nfd,3,▁tra|́|p,2.5|3,False,0.5,False,True,False
trát,nfc,2,▁tr|át,2,False,1.0,True,False,False
trát,nfd,2,▁tra|́t,2.5,False,0.0,False,False,False
trâm,nfc,2,▁tr|âm,2,False,1.0,True,False,False
trâm,nfd,3,▁tra|̂|m,2.5|3,False,0.5,False,False,False
trân,nfc,2,▁tr|ân,2,False,1.0,True,False,False
trân,nfd,3,▁tra|̂|n,2.5|3,False,0.5,False,False,False
trâng,nfc,2,▁tr|âng,2,False,1.0,True,False,False
trâng,nfd,3,▁tra|̂|ng,2.5|3,False,0.5,False,False,False
trâu,nfc,2,▁tr|âu,2,False,1.0,True,False,False
trâu,nfd,3,▁tra|̂|u,2.5|3,False,0.5,False,False,False
trây,nfc,2,▁tr|ây,2,False,1.0,True,False,False
trây,nfd,3,▁tra|̂|y,2.5|3,False,0.5,False,False,False
trã,nfc,2,▁tr|ã,2,False,1.0,True,False,False
trã,nfd,2,▁tra|̃,2.5,False,0.0,False,True,False
trãi,nfc,2,▁tr|ãi,2,False,1.0,True,False,False
trãi,nfd,3,▁tra|̃|i,2.5|3,False,0.5,False,True,False
trè,nfc,2,▁tr|è,2,False,1.0,True,False,False
trè,nfd,2,▁tre|̀,2.5,False,0.0,False,True,False
trèm,nfc,2,▁tr|èm,2,False,1.0,True,False,False
trèm,nfd,3,▁tre|̀|m,2.5|3,False,0.5,False,True,False
trèn,nfc,2,▁tr|èn,2,False,1.0,True,False,False
trèn,nfd,2,▁tre|̀n,2.5,False,0.0,False,False,False
trèo,nfc,2,▁tr|èo,2,False,1.0,True,False,False
trèo,nfd,3,▁tre|̀|o,2.5|3,False,0.5,False,True,False
trém,nfc,2,▁tr|ém,2,False,1.0,True,False,False
trém,nfd,3,▁tre|́|m,2.5|3,False,0.5,False,True,False
tréo,nfc,2,▁tr|éo,2,False,1.0,True,False,False
tréo,nfd,3,▁tre|́|o,2.5|3,False,0.5,False,True,False
trét,nfc,2,▁tr|ét,2,False,1.0,True,False,False
trét,nfd,2,▁tre|́t,2.5,False,0.0,False,False,False
trê,nfc,2,▁tr|ê,2,False,1.0,True,False,False
trê,nfd,2,▁tre|̂,2.5,False,0.0,False,False,False
trên,nfc,1,▁trên,,True,1.0,False,False,False
trên,nfd,3,▁tre|̂|n,2.5|3,False,0.5,False,False,False
trêu,nfc,2,▁tr|êu,2,False,1.0,True,False,False
trêu,nfd,3,▁tre|̂|u,2.5|3,False,0.5,False,False,False
trì,nfc,1,▁trì,,True,1.0,False,False,False
trì,nfd,2,▁tri|̀,2.5,False,0.0,False,True,False
trình,nfc,1,▁trình,,True,1.0,False,False,False
trình,nfd,2,▁tri|̀nh,2.5,False,0.0,False,False,False
trìu,nfc,2,▁trì|u,3,False,1.0,False,False,False
trìu,nfd,2,▁tri|̀u,2.5,False,0.0,False,False,False
trí,nfc,1,▁trí,,True,1.0,False,False,False
trí,nfd,2,▁tri|́,2.5,False,0.0,False,True,False
trích,nfc,2,▁tr|ích,2,False,1.0,True,False,False
trích,nfd,3,▁tri|́|ch,2.5|3,False,0.5,False,True,False
trít,nfc,2,▁tr|ít,2,False,1.0,True,False,False
trít,nfd,2,▁tri|́t,2.5,False,0.0,False,False,False
trò,nfc,1,▁trò,,True,1.0,False,False,False
trò,nfd,2,▁tro|̀,2.5,False,0.0,False,True,False
tròi,nfc,2,▁trò|i,3,False,1.0,False,False,False
tròi,nfd,2,▁tro|̀i,2.5,False,0.0,False,False,False
tròm,nfc,2,▁trò|m,3,False,1.0,False,False,False
tròm,nfd,3,▁tro|̀|m,2.5|3,False,0.5,False,True,False
tròn,nfc,1,▁tròn,,True,1.0,False,False,False
tròn,nfd,2,▁tro|̀n,2.5,False,0.0,False,False,False
tròng,nfc,2,▁tr|òng,2,False,1.0,True,False,False
tròng,nfd,2,▁tro|̀ng,2.5,False,0.0,False,False,False
tróc,nfc,2,▁tr|óc,2,False,1.0,True,False,False
tróc,nfd,2,▁tro|́c,2.5,False,0.0,False,False,False
trói,nfc,2,▁tr|ói,2,False,1.0,True,False,False
trói,nfd,2,▁tro|́i,2.5,False,0.0,False,False,False
tróm,nfc,2,▁tr|óm,2,False,1.0,True,False,False
tróm,nfd,3,▁tro|́|m,2.5|3,False,0.5,False,True,False
tróng,nfc,2,▁tr|óng,2,False,1.0,True,False,False
tróng,nfd,2,▁tro|́ng,2.5,False,0.0,False,False,False
trót,nfc,2,▁tr|ót,2,False,1.0,True,False,False
trót,nfd,2,▁tro|́t,2.5,False,0.0,False,False,False
trô,nfc,2,▁tr|ô,2,False,1.0,True,False,False
trô,nfd,2,▁tro|̂,2.5,False,0.0,False,False,False
trôi,nfc,2,▁tr|ôi,2,False,1.0,True,False,False
trôi,nfd,3,▁tro|̂|i,2.5|3,False,0.5,False,False,False
trôm,nfc,2,▁tr|ôm,2,False,1.0,True,False,False
trôm,nfd,3,▁tro|̂|m,2.5|3,False,0.5,False,False,False
trôn,nfc,2,▁tr|ôn,2,False,1.0,True,False,False
trôn,nfd,3,▁tro|̂|n,2.5|3,False,0.5,False,False,False
trông,nfc,1,▁trông,,True,1.0,False,False,False
trông,nfd,3,▁tro|̂|ng,2.5|3,False,0.5,False,False,False
trõm,nfc,3,▁tr|õ|m,2|3,False,1.0,True,False,False
trõm,nfd,3,▁tro|̃|m,2.5|3,False,0.5,False,True,False
trõn,nfc,3,▁tr|õ|n,2|3,False,1.0,True,False,False
trõn,nfd,3,▁tro|̃|n,2.5|3,False,0.5,False,True,False
trù,nfc,2,▁tr|ù,2,False,1.0,True,False,False
trù,nfd,2,▁tru|̀,2.5,False,0.0,False,True,False
trùi,nfc,2,▁tr|ùi,2,False,1.0,True,False,False
trùi,nfd,2,▁tru|̀i,2.5,False,0.0,False,False,False
trùm,nfc,2,▁tr|ùm,2,False,1.0,True,False,False
trùm,nfd,3,▁tru|̀|m,2.5|3,False,0.5,False,True,False
trùn,nfc,2,▁tr|ùn,2,False,1.0,True,False,False
trùn,nfd,2,▁tru|̀n,2.5,False,0.0,False,False,False
trùng,nfc,1,▁trùng,,True,1.0,False,False,False
trùng,nfd,2,▁tru|̀ng,2.5,False,0.0,False,False,False
trú,nfc,2,▁tr|ú,2,False,1.0,True,False,False
trú,nfd,2,▁tru|́,2.5,False,0.0,False,True,False
trúc,nfc,1,▁trúc,,True,1.0,False,False,False
trúc,nfd,2,▁tru|́c,2.5,False,0.0,False,False,False
trúm,nfc,3,▁tr|ú|m,2|3,False,1.0,True,False,False
trúm,nfd,3,▁tru|́|m,2.5|3,False,0.5,False,True,False
trúng,nfc,2,▁tr|úng,2,False,1.0,True,False,False
trúng,nfd,2,▁tru|́ng,2.5,False,0.0,False,False,False
trút,nfc,2,▁tr|út,2,False,1.0,True,False,False
trút,nfd,2,▁tru|́t,2.5,False,0.0,False,False,False
trăm,nfc,1,▁trăm,,True,1.0,False,False,False
trăm,nfd,3,▁tra|̆|m,2.5|3,False,0.5,False,False,False
trăn,nfc,2,▁tr|ăn,2,False,1.0,True,False,False
trăn,nfd,3,▁tra|̆|n,2.5|3,False,0.5,False,False,False
trăng,nfc,1,▁trăng,,True,1.0,False,False,False
trăng,nfd,3,▁tra|̆|ng,2.5|3,False,0.5,False,False,False
trĩ,nfc,2,▁tr|ĩ,2,False,1.0,True,False,False
trĩ,nfd,2,▁tri|̃,2.5,False,0.0,False,True,False
trĩnh,nfc,2,▁tr|ĩnh,2,False,1.0,True,False,False
trĩnh,nfd,3,▁tri|̃|nh,2.5|3,False,0.5,False,True,False
trĩu,nfc,3,▁tr|ĩ|u,2|3,False,1.0,True,False,False
trĩu,nfd,3,▁tri|̃|u,2.5|3,False,0.5,False,True,False
trũi,nfc,3,▁tr|ũ|i,2|3,False,1.0,True,False,False
trũi,nfd,3,▁tru|̃|i,2.5|3,False,0.5,False,True,False
trũng,nfc,2,▁tr|ũng,2,False,1.0,True,False,False
trũng,nfd,3,▁tru|̃|ng,2.5|3,False,0.5,False,True,False
trơ,nfc,2,▁tr|ơ,2,False,1.0,True,False,False
trơ,nfd,2,▁tro|̛,2.5,False,0.0,False,False,False
trơi,nfc,2,▁tr|ơi,2,False,1.0,True,False,False
trơi,nfd,3,▁tro|̛|i,2.5|3,False,0.5,False,False,False
trơn,nfc,1,▁trơn,,True,1.0,False,False,False
trơn,nfd,3,▁tro|̛|n,2.5|3,False,0.5,False,False,False
trưa,nfc,2,▁tr|ưa,2,False,1.0,True,False,False
trưa,nfd,3,▁tru|̛|a,2.5|3,False,0.0,False,False,False
trưng,nfc,1,▁trưng,,True,1.0,False,False,False
trưng,nfd,3,▁tru|̛|ng,2.5|3,False,0.5,False,False,False
trương,nfc,1,▁trương,,True,1.0,False,False,False
trương,nfd,5,▁tru|̛|o|̛|ng,2.5|3|3.5|4,False,0.25,False,False,False
trước,nfc,1,▁trước,,True,1.0,False,False,False
trước,nfd,5,▁tru|̛|o|̛|́c,2.5|3|3.5|3.5,False,0.0,False,False,False
trướng,nfc,2,▁tr|ướng,2,False,1.0,True,False,False
trướng,nfd,5,▁tru|̛|o|̛|́ng,2.5|3|3.5|3.5,False,0.0,False,False,False
trườn,nfc,2,▁tr|ườn,2,False,1.0,True,False,False
trườn,nfd,5,▁tru|̛|o|̛|̀n,2.5|3|3.5|3.5,False,0.0,False,False,False
trường,nfc,1,▁trường,,True,1.0,False,False,False
trường,nfd,5,▁tru|̛|o|̛|̀ng,2.5|3|3.5|3.5,False,0.0,False,False,False
trưởng,nfc,1,▁trưởng,,True,1.0,False,False,False
trưởng,nfd,6,▁tru|̛|o|̛|̉|ng,2.5|3|3.5|3.5|4,False,0.2,False,True,False
trưỡng,nfc,2,▁tr|ưỡng,2,False,1.0,True,False,False
trưỡng,nfd,6,▁tru|̛|o|̛|̃|ng,2.5|3|3.5|3.5|4,False,0.2,False,True,False
trượng,nfc,2,▁tr|ượng,2,False,1.0,True,False,False
trượng,nfd,5,▁tru|̛|o|̛|̣ng,2.5|3|3.5|3.5,False,0.0,False,False,False
trượt,nfc,1,▁trượt,,True,1.0,False,False,False
trượt,nfd,5,▁tru|̛|o|̛|̣t,2.5|3|3.5|3.5,False,0.0,False,False,False
trạc,nfc,2,▁tr|ạc,2,False,1.0,True,False,False
trạc,nfd,2,▁tra|̣c,2.5,False,0.0,False,False,False
trạch,nfc,2,▁tr|ạch,2,False,1.0,True,False,False
trạch,nfd,3,▁tra|̣|ch,2.5|3,False,0.5,False,True,False
trại,nfc,2,▁tr|ại,2,False,1.0,True,False,False
trại,nfd,2,▁tra|̣i,2.5,False,0.0,False,False,False
trạm,nfc,2,▁tr|ạm,2,False,1.0,True,False,False
trạm,nfd,3,▁tra|̣|m,2.5|3,False,0.5,False,True,False
trạng,nfc,1,▁trạng,,True,1.0,False,False,False
trạng,nfd,2,▁tra|̣ng,2.5,False,0.0,False,False,False
trạo,nfc,2,▁tr|ạo,2,False,1.0,True,False,False
trạo,nfd,3,▁tra|̣|o,2.5|3,False,0.5,False,True,False
trạy,nfc,2,▁tr|ạy,2,False,1.0,True,False,False
trạy,nfd,3,▁tra|̣|y,2.5|3,False,0.5,False,True,False
trả,nfc,1,▁trả,,True,1.0,False,False,False
trả,nfd,2,▁tra|̉,2.5,False,0.0,False,True,False
trải,nfc,1,▁trải,,True,1.0,False,False,False
trải,nfd,3,▁tra|̉|i,2.5|3,False,0.5,False,True,False
trảm,nfc,2,▁tr|ảm,2,False,1.0,True,False,False
trảm,nfd,3,▁tra|̉|m,2.5|3,False,0.5,False,True,False
trảng,nfc,2,▁tr|ảng,2,False,1.0,True,False,False
trảng,nfd,3,▁tra|̉|ng,2.5|3,False,0.5,False,True,False
trảo,nfc,2,▁tr|ảo,2,False,1.0,True,False,False
trảo,nfd,3,▁tra|̉|o,2.5|3,False,0.5,False,True,False
trảu,nfc,2,▁trả|u,3,False,1.0,False,False,False
trảu,nfd,3,▁tra|̉|u,2.5|3,False,0.5,False,True,False
trảy,nfc,2,▁tr|ảy,2,False,1.0,True,False,False
trảy,nfd,3,▁tra|̉|y,2.5|3,False,0.5,False,True,False
trấn,nfc,1,▁trấn,,True,1.0,False,False,False
trấn,nfd,3,▁tra|̂|́n,2.5|2.5,False,0.0,False,False,False
trấp,nfc,2,▁tr|ấp,2,False,1.0,True,False,False
trấp,nfd,4,▁tra|̂|́|p,2.5|2.5|3,False,0.3333333333333333,False,True,False
trấu,nfc,2,▁tr|ấu,2,False,1.0,True,False,False
trấu,nfd,4,▁tra|̂|́|u,2.5|2.5|3,False,0.3333333333333333,False,True,False
trầm,nfc,1,▁trầm,,True,1.0,False,False,False
trầm,nfd,4,▁tra|̂|̀|m,2.5|2.5|3,False,0.3333333333333333,False,True,False
trần,nfc,1,▁trần,,True,1.0,False,False,False
trần,nfd,3,▁tra|̂|̀n,2.5|2.5,False,0.0,False,False,False
trầu,nfc,2,▁tr|ầu,2,False,1.0,True,False,False
trầu,nfd,3,▁tra|̂|̀u,2.5|2.5,False,0.0,False,False,False
trầy,nfc,2,▁tr|ầy,2,False,1.0,True,False,False
trầy,nfd,4,▁tra|̂|̀|y,2.5|2.5|3,False,0.3333333333333333,False,True,False
trẩn,nfc,2,▁tr|ẩn,2,False,1.0,True,False,False
trẩn,nfd,4,▁tra|̂|̉|n,2.5|2.5|3,False,0.3333333333333333,False,True,False
trẩu,nfc,2,▁tr|ẩu,2,False,1.0,True,False,False
trẩu,nfd,4,▁tra|̂|̉|u,2.5|2.5|3,False,0.3333333333333333,False,True,False
trẩy,nfc,2,▁tr|ẩy,2,False,1.0,True,False,False
trẩy,nfd,4,▁tra|̂|̉|y,2.5|2.5|3,False,0.3333333333333333,False,True,False
trẫm,nfc,3,▁tr|ẫ|m,2|3,False,1.0,True,False,False
trẫm,nfd,4,▁tra|̂|̃|m,2.5|2.5|3,False,0.3333333333333333,False,True,False
trậm,nfc,2,▁tr|ậm,2,False,1.0,True,False,False
trậm,nfd,4,▁tra|̣|̂|m,2.5|2.5|3,False,0.3333333333333333,False,True,False
trận,nfc,1,▁trận,,True,1.0,False,False,False
trận,nfd,4,▁tra|̣|̂|n,2.5|2.5|3,False,0.3333333333333333,False,True,False
trập,nfc,2,▁tr|ập,2,False,1.0,True,False,False
trập,nfd,4,▁tra|̣|̂|p,2.5|2.5|3,False,0.3333333333333333,False,True,False
trật,nfc,2,▁tr|ật,2,False,1.0,True,False,False
trật,nfd,4,▁tra|̣|̂|t,2.5|2.5|3,False,0.3333333333333333,False,True,False
trắc,nfc,2,▁tr|ắc,2,False,1.0,True,False,False
trắc,nfd,3,▁tra|̆|́c,2.5|2.5,False,0.0,False,False,False
trắm,nfc,2,▁tr|ắm,2,False,1.0,True,False,False
trắm,nfd,4,▁tra|̆|́|m,2.5|2.5|3,False,0.3333333333333333,False,True,False
trắng,nfc,1,▁trắng,,True,1.0,False,False,False
trắng,nfd,3,▁tra|̆|́ng,2.5|2.5,False,0.0,False,False,False
trắt,nfc,2,▁tr|ắt,2,False,1.0,True,False,False
trắt,nfd,3,▁tra|̆|́t,2.5|2.5,False,0.0,False,False,False
trằm,nfc,2,▁tr|ằm,2,False,1.0,True,False,False
trằm,nfd,4,▁tra|̆|̀|m,2.5|2.5|3,False,0.3333333333333333,False,True,False
trằn,nfc,3,▁tr|ằ|n,2|3,False,1.0,True,False,False
trằn,nfd,3,▁tra|̆|̀n,2.5|2.5,False,0.0,False,False,False
trặc,nfc,2,▁tr|ặc,2,False,1.0,True,False,False
trặc,nfd,4,▁tra|̣|̆|c,2.5|2.5|3,False,0.3333333333333333,False,True,False
trặn,nfc,2,▁tr|ặn,2,False,1.0,True,False,False
trặn,nfd,4,▁tra|̣|̆|n,2.5|2.5|3,False,0.3333333333333333,False,True,False
trẹ,nfc,2,▁tr|ẹ,2,False,1.0,True,False,False
trẹ,nfd,2,▁tre|̣,2.5,False,0.0,False,True,False
trẹo,nfc,2,▁tr|ẹo,2,False,1.0,True,False,False
trẹo,nfd,3,▁tre|̣|o,2.5|3,False,0.5,False,True,False
trẹt,nfc,3,▁tr|ẹ|t,2|3,False,1.0,True,False,False
trẹt,nfd,2,▁tre|̣t,2.5,False,0.0,False,False,False
trẻ,nfc,1,▁trẻ,,True,1.0,False,False,False
trẻ,nfd,2,▁tre|̉,2.5,False,0.0,False,True,False
trẻo,nfc,2,▁trẻ|o,3,False,1.0,False,False,False
trẻo,nfd,3,▁tre|̉|o,2.5|3,False,0.5,False,True,False
trẽ,nfc,2,▁tr|ẽ,2,False,1.0,True,False,False
trẽ,nfd,2,▁tre|̃,2.5,False,0.0,False,True,False
trẽn,nfc,3,▁tr|ẽ|n,2|3,False,1.0,True,False,False
trẽn,nfd,3,▁tre|̃|n,2.5|3,False,0.5,False,True,False
trếch,nfc,3,▁tr|ế|ch,2|3,False,1.0,True,False,False
trếch,nfd,4,▁tre|̂|́|ch,2.5|2.5|3,False,0.3333333333333333,False,True,False
trết,nfc,2,▁tr|ết,2,False,1.0,True,False,False
trết,nfd,3,▁tre|̂|́t,2.5|2.5,False,0.0,False,False,False
trề,nfc,2,▁tr|ề,2,False,1.0,True,False,False
trề,nfd,3,▁tre|̂|̀,2.5|2.5,False,0.0,False,True,False
trễ,nfc,2,▁tr|ễ,2,False,1.0,True,False,False
trễ,nfd,3,▁tre|̂|̃,2.5|2.5,False,0.0,False,True,False
trệ,nfc,2,▁tr|ệ,2,False,1.0,True,False,False
trệ,nfd,3,▁tre|̣|̂,2.5|2.5,False,0.0,False,True,False
trệch,nfc,3,▁tr|ệ|ch,2|3,False,1.0,True,False,False
trệch,nfd,4,▁tre|̣|̂|ch,2.5|2.5|3,False,0.3333333333333333,False,True,False
trệt,nfc,2,▁tr|ệt,2,False,1.0,True,False,False
trệt,nfd,4,▁tre|̣|̂|t,2.5|2.5|3,False,0.3333333333333333,False,True,False
trệu,nfc,2,▁tr|ệu,2,False,1.0,True,False,False
trệu,nfd,4,▁tre|̣|̂|u,2.5|2.5|3,False,0.3333333333333333,False,True,False
trỉa,nfc,3,▁tr|ỉ|a,2|3,False,0.5,True,False,False
trỉa,nfd,3,▁tri|̉|a,2.5|3,False,0.0,False,True,False
trị,nfc,1,▁trị,,True,1.0,False,False,False
trị,nfd,2,▁tri|̣,2.5,False,0.0,False,True,False
trịa,nfc,2,▁trị|a,3,False,0.0,False,False,False
trịa,nfd,3,▁tri|̣|a,2.5|3,False,0.0,False,True,False
trịch,nfc,2,▁tr|ịch,2,False,1.0,True,False,False
trịch,nfd,3,▁tri|̣|ch,2.5|3,False,0.5,False,True,False
trịnh,nfc,2,▁trị|nh,3,False,1.0,False,False,False
trịnh,nfd,3,▁tri|̣|nh,2.5|3,False,0.5,False,True,False
trịt,nfc,2,▁trị|t,3,False,1.0,False,False,False
trịt,nfd,2,▁tri|̣t,2.5,False,0.0,False,False,False
trọ,nfc,2,▁tr|ọ,2,False,1.0,True,False,False
trọ,nfd,2,▁tro|̣,2.5,False,0.0,False,True,False
trọc,nfc,2,▁tr|ọc,2,False,1.0,True,False,False
trọc,nfd,2,▁tro|̣c,2.5,False,0.0,False,False,False
trọi,nfc,2,▁tr|ọi,2,False,1.0,True,False,False
trọi,nfd,2,▁tro|̣i,2.5,False,0.0,False,False,False
trọn,nfc,1,▁trọn,,True,1.0,False,False,False
trọn,nfd,2,▁tro|̣n,2.5,False,0.0,False,False,False
trọng,nfc,1,▁trọng,,True,1.0,False,False,False
trọng,nfd,2,▁tro|̣ng,2.5,False,0.0,False,False,False
trọt,nfc,2,▁tr|ọt,2,False,1.0,True,False,False
trọt,nfd,2,▁tro|̣t,2.5,False,0.0,False,False,False
trỏ,nfc,2,▁tr|ỏ,2,False,1.0,True,False,False
trỏ,nfd,2,▁tro|̉,2.5,False,0.0,False,True,False
trỏi,nfc,2,▁tr|ỏi,2,False,1.0,True,False,False
trỏi,nfd,3,▁tro|̉|i,2.5|3,False,0.5,False,True,False
trỏng,nfc,2,▁tr|ỏng,2,False,1.0,True,False,False
trỏng,nfd,3,▁tro|̉|ng,2.5|3,False,0.5,False,True,False
trố,nfc,2,▁tr|ố,2,False,1.0,True,False,False
trố,nfd,3,▁tro|̂|́,2.5|2.5,False,0.0,False,True,False
trốc,nfc,2,▁tr|ốc,2,False,1.0,True,False,False
trốc,nfd,3,▁tro|̂|́c,2.5|2.5,False,0.0,False,False,False
trối,nfc,2,▁tr|ối,2,False,1.0,True,False,False
trối,nfd,3,▁tro|̂|́i,2.5|2.5,False,0.0,False,False,False
trốn,nfc,2,▁tr|ốn,2,False,1.0,True,False,False
trốn,nfd,3,▁tro|̂|́n,2.5|2.5,False,0.0,False,False,False
trống,nfc,1,▁trống,,True,1.0,False,False,False
trống,nfd,3,▁tro|̂|́ng,2.5|2.5,False,0.0,False,False,False
trồ,nfc,2,▁tr|ồ,2,False,1.0,True,False,False
trồ,nfd,3,▁tro|̂|̀,2.5|2.5,False,0.0,False,True,False
trồi,nfc,2,▁tr|ồi,2,False,1.0,True,False,False
trồi,nfd,3,▁tro|̂|̀i,2.5|2.5,False,0.0,False,False,False
trồng,nfc,1,▁trồng,,True,1.0,False,False,False
trồng,nfd,3,▁tro|̂|̀ng,2.5|2.5,False,0.0,False,False,False
trổ,nfc,2,▁tr|ổ,2,False,1.0,True,False,False
trổ,nfd,3,▁tro|̂|̉,2.5|2.5,False,0.0,False,True,False
trổi,nfc,2,▁tr|ổi,2,False,1.0,True,False,False
trổi,nfd,4,▁tro|̂|̉|i,2.5|2.5|3,False,0.3333333333333333,False,True,False
trổng,nfc,2,▁tr|ổng,2,False,1.0,True,False,False
trổng,nfd,4,▁tro|̂|̉|ng,2.5|2.5|3,False,0.3333333333333333,False,True,False
trỗ,nfc,2,▁tr|ỗ,2,False,1.0,True,False,False
trỗ,nfd,3,▁tro|̂|̃,2.5|2.5,False,0.0,False,True,False
trộ,nfc,2,▁tr|ộ,2,False,1.0,True,False,False
trộ,nfd,3,▁tro|̣|̂,2.5|2.5,False,0.0,False,True,False
trộc,nfc,2,▁tr|ộc,2,False,1.0,True,False,False
trộc,nfd,4,▁tro|̣|̂|c,2.5|2.5|3,False,0.3333333333333333,False,True,False
trội,nfc,2,▁tr|ội,2,False,1.0,True,False,False
trội,nfd,4,▁tro|̣|̂|i,2.5|2.5|3,False,0.3333333333333333,False,True,False
trộm,nfc,2,▁tr|ộm,2,False,1.0,True,False,False
trộm,nfd,4,▁tro|̣|̂|m,2.5|2.5|3,False,0.3333333333333333,False,True,False
trộn,nfc,1,▁trộn,,True,1.0,False,False,False
trộn,nfd,4,▁tro|̣|̂|n,2.5|2.5|3,False,0.3333333333333333,False,True,False
trớ,nfc,2,▁tr|ớ,2,False,1.0,True,False,False
trớ,nfd,3,▁tro|̛|́,2.5|2.5,False,0.0,False,True,False
trớn,nfc,3,▁tr|ớ|n,2|3,False,1.0,True,False,False
trớn,nfd,3,▁tro|̛|́n,2.5|2.5,False,0.0,False,False,False
trớp,nfc,2,▁tr|ớp,2,False,1.0,True,False,False
trớp,nfd,4,▁tro|̛|́|p,2.5|2.5|3,False,0.3333333333333333,False,True,False
trớt,nfc,2,▁tr|ớt,2,False,1.0,True,False,False
trớt,nfd,3,▁tro|̛|́t,2.5|2.5,False,0.0,False,False,False
trờ,nfc,2,▁tr|ờ,2,False,1.0,True,False,False
trờ,nfd,3,▁tro|̛|̀,2.5|2.5,False,0.0,False,True,False
trời,nfc,1,▁trời,,True,1.0,False,False,False
trời,nfd,3,▁tro|̛|̀i,2.5|2.5,False,0.0,False,False,False
trờn,nfc,3,▁tr|ờ|n,2|3,False,1.0,True,False,False
trờn,nfd,3,▁tro|̛|̀n,2.5|2.5,False,0.0,False,False,False
trở,nfc,1,▁trở,,True,1.0,False,False,False
trở,nfd,3,▁tro|̛|̉,2.5|2.5,False,0.0,False,True,False
trợ,nfc,1,▁trợ,,True,1.0,False,False,False
trợ,nfd,3,▁tro|̛|̣,2.5|2.5,False,0.0,False,True,False
trợn,nfc,2,▁trợ|n,3,False,1.0,False,False,False
trợn,nfd,3,▁tro|̛|̣n,2.5|2.5,False,0.0,False,False,False
trợt,nfc,2,▁trợ|t,3,False,1.0,False,False,False
trợt,nfd,3,▁tro|̛|̣t,2.5|2.5,False,0.0,False,False,False
trụ,nfc,1,▁trụ,,True,1.0,False,False,False
trụ,nfd,2,▁tru|̣,2.5,False,0.0,False,True,False
trụa,nfc,2,▁trụ|a,3,False,0.0,False,False,False
trụa,nfd,3,▁tru|̣|a,2.5|3,False,0.0,False,True,False
trục,nfc,2,▁tr|ục,2,False,1.0,True,False,False
trục,nfd,2,▁tru|̣c,2.5,False,0.0,False,False,False
trụi,nfc,2,▁trụ|i,3,False,1.0,False,False,False
trụi,nfd,2,▁tru|̣i,2.5,False,0.0,False,False,False
trụm,nfc,2,▁trụ|m,3,False,1.0,False,False,False
trụm,nfd,3,▁tru|̣|m,2.5|3,False,0.5,False,True,False
trụn,nfc,2,▁tr|ụn,2,False,1.0,True,False,False
trụn,nfd,2,▁tru|̣n,2.5,False,0.0,False,False,False
trụng,nfc,2,▁tr|ụng,2,False,1.0,True,False,False
trụng,nfd,2,▁tru|̣ng,2.5,False,0.0,False,False,False
trụp,nfc,2,▁tr|ụp,2,False,1.0,True,False,False
trụp,nfd,3,▁tru|̣|p,2.5|3,False,0.5,False,True,False
trụt,nfc,2,▁trụ|t,3,False,1.0,False,False,False
trụt,nfd,2,▁tru|̣t,2.5,False,0.0,False,False,False
trủ,nfc,2,▁tr|ủ,2,False,1.0,True,False,False
trủ,nfd,2,▁tru|̉,2.5,False,0.0,False,True,False
trứ,nfc,2,▁tr|ứ,2,False,1.0,True,False,False
trứ,nfd,3,▁tru|̛|́,2.5|2.5,False,0.0,False,True,False
trứng,nfc,1,▁trứng,,True,1.0,False,False,False
trứng,nfd,3,▁tru|̛|́ng,2.5|2.5,False,0.0,False,False,False
trừ,nfc,1,▁trừ,,True,1.0,False,False,False
trừ,nfd,3,▁tru|̛|̀,2.5|2.5,False,0.0,False,True,False
trừa,nfc,2,▁tr|ừa,2,False,1.0,True,False,False
trừa,nfd,4,▁tru|̛|̀|a,2.5|2.5|3,False,0.0,False,True,False
trừng,nfc,2,▁tr|ừng,2,False,1.0,True,False,False
trừng,nfd,3,▁tru|̛|̀ng,2.5|2.5,False,0.0,False,False,False
trửng,nfc,3,▁tr|ử|ng,2|3,False,1.0,True,False,False
trửng,nfd,4,▁tru|̛|̉|ng,2.5|2.5|3,False,0.3333333333333333,False,True,False
trữ,nfc,1,▁trữ,,True,1.0,False,False,False
trữ,nfd,3,▁tru|̛|̃,2.5|2.5,False,0.0,False,True,False
trự,nfc,2,▁tr|ự,2,False,1.0,True,False,False
trự,nfd,3,▁tru|̛|̣,2.5|2.5,False,0.0,False,True,False
trực,nfc,1,▁trực,,True,1.0,False,False,False
trực,nfd,3,▁tru|̛|̣c,2.5|2.5,False,0.0,False,False,False
tu,nfc,1,▁tu,,True,1.0,False,False,False
tu,nfd,1,▁tu,,True,1.0,False,False,False
tua,nfc,1,▁tua,,True,1.0,False,False,False
tua,nfd,1,▁tua,,True,1.0,False,False,False
tui,nfc,1,▁tui,,True,1.0,False,False,False
tui,nfd,1,▁tui,,True,1.0,False,False,False
tum,nfc,1,▁tum,,True,1.0,False,False,False
tum,nfd,1,▁tum,,True,1.0,False,False,False
tun,nfc,1,▁tun,,True,1.0,False,False,False
tun,nfd,1,▁tun,,True,1.0,False,False,False
tung,nfc,1,▁tung,,True,1.0,False,False,False
tung,nfd,1,▁tung,,True,1.0,False,False,False
tuy,nfc,1,▁tuy,,True,1.0,False,False,False
tuy,nfd,1,▁tuy,,True,1.0,False,False,False
tuyn,nfc,2,▁tu|yn,2,False,1.0,False,False,False
tuyn,nfd,2,▁tu|yn,2,False,1.0,False,False,False
tuyên,nfc,1,▁tuyên,,True,1.0,False,False,False
tuyên,nfd,4,▁tu|ye|̂|n,2|3.5|4,False,0.6666666666666666,False,False,False
tuyến,nfc,1,▁tuyến,,True,1.0,False,False,False
tuyến,nfd,4,▁tu|ye|̂|́n,2|3.5|3.5,False,0.3333333333333333,False,False,False
tuyết,nfc,1,▁tuyết,,True,1.0,False,False,False
tuyết,nfd,4,▁tu|ye|̂|́t,2|3.5|3.5,False,0.3333333333333333,False,False,False
tuyền,nfc,2,▁tuy|ền,3,False,0.0,False,False,False
tuyền,nfd,4,▁tu|ye|̂|̀n,2|3.5|3.5,False,0.3333333333333333,False,False,False
tuyển,nfc,1,▁tuyển,,True,1.0,False,False,False
tuyển,nfd,5,▁tu|ye|̂|̉|n,2|3.5|3.5|4,False,0.5,False,True,False
tuyệt,nfc,1,▁tuyệt,,True,1.0,False,False,False
tuyệt,nfd,5,▁tu|ye|̣|̂|t,2|3.5|3.5|4,False,0.5,False,True,False
tuân,nfc,2,▁tu|ân,2,False,1.0,False,False,False
tuân,nfd,3,▁tua|̂|n,2.5|3,False,0.5,False,False,False
tuôn,nfc,2,▁tu|ôn,2,False,0.0,False,False,False
tuôn,nfd,3,▁tuo|̂|n,2.5|3,False,0.5,False,False,False
tuông,nfc,2,▁tu|ông,2,False,0.0,False,False,False
tuông,nfd,3,▁tuo|̂|ng,2.5|3,False,0.5,False,False,False
tuý,nfc,2,▁tu|ý,2,False,1.0,False,False,False
tuý,nfd,2,▁tuy|́,2.5,False,0.0,False,True,False
tuấn,nfc,2,▁tu|ấn,2,False,1.0,False,False,False
tuấn,nfd,3,▁tua|̂|́n,2.5|2.5,False,0.0,False,False,False
tuất,nfc,2,▁tu|ất,2,False,1.0,False,False,False
tuất,nfd,3,▁tua|̂|́t,2.5|2.5,False,0.0,False,False,False
tuần,nfc,1,▁tuần,,True,1.0,False,False,False
tuần,nfd,3,▁tua|̂|̀n,2.5|2.5,False,0.0,False,False,False
tuế,nfc,2,▁tu|ế,2,False,1.0,False,False,False
tuế,nfd,3,▁tue|̂|́,2.5|2.5,False,0.0,False,True,False
tuếch,nfc,3,▁tu|ế|ch,2|3,False,1.0,False,False,False
tuếch,nfd,4,▁tue|̂|́|ch,2.5|2.5|3,False,0.3333333333333333,False,True,False
tuệ,nfc,2,▁tu|ệ,2,False,1.0,False,False,False
tuệ,nfd,3,▁tue|̣|̂,2.5|2.5,False,0.0,False,True,False
tuệch,nfc,3,▁tu|ệ|ch,2|3,False,1.0,False,False,False
tuệch,nfd,4,▁tue|̣|̂|ch,2.5|2.5|3,False,0.3333333333333333,False,True,False
tuốt,nfc,2,▁tu|ốt,2,False,0.0,False,False,False
tuốt,nfd,3,▁tuo|̂|́t,2.5|2.5,False,0.0,False,False,False
tuồn,nfc,2,▁tu|ồn,2,False,0.0,False,False,False
tuồn,nfd,3,▁tuo|̂|̀n,2.5|2.5,False,0.0,False,False,False
tuồng,nfc,2,▁tu|ồng,2,False,0.0,False,False,False
tuồng,nfd,3,▁tuo|̂|̀ng,2.5|2.5,False,0.0,False,False,False
tuổi,nfc,1,▁tuổi,,True,1.0,False,False,False
tuổi,nfd,4,▁tuo|̂|̉|i,2.5|2.5|3,False,0.3333333333333333,False,True,False
tuộc,nfc,2,▁tu|ộc,2,False,0.0,False,False,False
tuộc,nfd,4,▁tuo|̣|̂|c,2.5|2.5|3,False,0.3333333333333333,False,True,False
tuột,nfc,2,▁tu|ột,2,False,0.0,False,False,False
tuột,nfd,4,▁tuo|̣|̂|t,2.5|2.5|3,False,0.3333333333333333,False,True,False
tuỳ,nfc,2,▁tu|ỳ,2,False,1.0,False,False,False
tuỳ,nfd,2,▁tuy|̀,2.5,False,0.0,False,True,False
tuỵ,nfc,2,▁tu|ỵ,2,False,1.0,False,False,False
tuỵ,nfd,2,▁tuy|̣,2.5,False,0.0,False,True,False
tuỷ,nfc,2,▁tu|ỷ,2,False,1.0,False,False,False
tuỷ,nfd,2,▁tuy|̉,2.5,False,0.0,False,True,False
ty,nfc,1,▁ty,,True,1.0,False,False,False
ty,nfd,1,▁ty,,True,1.0,False,False,False
tà,nfc,1,▁tà,,True,1.0,False,False,False
tà,nfd,2,▁ta|̀,1.5,False,0.0,False,True,False
tài,nfc,1,▁tài,,True,1.0,False,False,False
tài,nfd,2,▁ta|̀i,1.5,False,0.0,False,False,False
tàn,nfc,1,▁tàn,,True,1.0,False,False,False
tàn,nfd,2,▁ta|̀n,1.5,False,0.0,False,False,False
tàng,nfc,2,▁t|àng,1,False,1.0,True,False,False
tàng,nfd,2,▁ta|̀ng,1.5,False,0.0,False,False,False
tành,nfc,2,▁t|ành,1,False,1.0,True,False,False
tành,nfd,2,▁ta|̀nh,1.5,False,0.0,False,False,False
tào,nfc,2,▁t|ào,1,False,1.0,True,False,False
tào,nfd,3,▁ta|̀|o,1.5|2,False,0.5,False,True,False
tàu,nfc,1,▁tàu,,True,1.0,False,False,False
tàu,nfd,2,▁ta|̀u,1.5,False,0.0,False,False,False
tày,nfc,2,▁t|ày,1,False,1.0,True,False,False
tày,nfd,3,▁ta|̀|y,1.5|2,False,0.5,False,True,False
tá,nfc,1,▁tá,,True,1.0,False,False,False
tá,nfd,2,▁ta|́,1.5,False,0.0,False,True,False
tác,nfc,1,▁tác,,True,1.0,False,False,False
tác,nfd,2,▁ta|́c,1.5,False,0.0,False,False,False
tách,nfc,2,▁t|ách,1,False,1.0,True,False,False
tách,nfd,3,▁ta|́|ch,1.5|2,False,0.5,False,True,False
tái,nfc,1,▁tái,,True,1.0,False,False,False
tái,nfd,2,▁ta|́i,1.5,False,0.0,False,False,False
tám,nfc,2,▁t|ám,1,False,1.0,True,False,False
tám,nfd,3,▁ta|́|m,1.5|2,False,0.5,False,True,False
tán,nfc,1,▁tán,,True,1.0,False,False,False
tán,nfd,2,▁ta|́n,1.5,False,0.0,False,False,False
táng,nfc,2,▁t|áng,1,False,1.0,True,False,False
táng,nfd,2,▁ta|́ng,1.5,False,0.0,False,False,False
tánh,nfc,2,▁t|ánh,1,False,1.0,True,False,False
tánh,nfd,3,▁ta|́|nh,1.5|2,False,0.5,False,True,False
táo,nfc,1,▁táo,,True,1.0,False,False,False
táo,nfd,3,▁ta|́|o,1.5|2,False,0.5,False,True,False
táp,nfc,2,▁t|áp,1,False,1.0,True,False,False
táp,nfd,3,▁ta|́|p,1.5|2,False,0.5,False,True,False
tát,nfc,2,▁t|át,1,False,1.0,True,False,False
tát,nfd,2,▁ta|́t,1.5,False,0.0,False,False,False
táu,nfc,2,▁tá|u,2,False,1.0,False,False,False
táu,nfd,3,▁ta|́|u,1.5|2,False,0.5,False,True,False
táy,nfc,2,▁tá|y,2,False,1.0,False,False,False
táy,nfd,3,▁ta|́|y,1.5|2,False,0.5,False,True,False
tâm,nfc,1,▁tâm,,True,1.0,False,False,False
tâm,nfd,3,▁ta|̂|m,1.5|2,False,0.5,False,False,False
tân,nfc,1,▁tân,,True,1.0,False,False,False
tân,nfd,3,▁ta|̂|n,1.5|2,False,0.5,False,False,False
tâng,nfc,2,▁t|âng,1,False,1.0,True,False,False
tâng,nfd,3,▁ta|̂|ng,1.5|2,False,0.5,False,False,False
tâu,nfc,2,▁t|âu,1,False,1.0,True,False,False
tâu,nfd,3,▁ta|̂|u,1.5|2,False,0.5,False,False,False
tây,nfc,1,▁tây,,True,1.0,False,False,False
tây,nfd,3,▁ta|̂|y,1.5|2,False,0.5,False,False,False
tã,nfc,2,▁t|ã,1,False,1.0,True,False,False
tã,nfd,2,▁ta|̃,1.5,False,0.0,False,True,False
tãi,nfc,2,▁t|ãi,1,False,1.0,True,False,False
tãi,nfd,3,▁ta|̃|i,1.5|2,False,0.5,False,True,False
tè,nfc,1,▁tè,,True,1.0,False,False,False
tè,nfd,2,▁te|̀,1.5,False,0.0,False,True,False
tèm,nfc,2,▁t|èm,1,False,1.0,True,False,False
tèm,nfd,3,▁te|̀|m,1.5|2,False,0.5,False,True,False
tèn,nfc,2,▁t|èn,1,False,1.0,True,False,False
tèn,nfd,2,▁te|̀n,1.5,False,0.0,False,False,False
tèo,nfc,2,▁t|èo,1,False,1.0,True,False,False
tèo,nfd,3,▁te|̀|o,1.5|2,False,0.5,False,True,False
té,nfc,1,▁té,,True,1.0,False,False,False
té,nfd,2,▁te|́,1.5,False,0.0,False,True,False
téc,nfc,1,▁téc,,True,1.0,False,False,False
téc,nfd,2,▁te|́c,1.5,False,0.0,False,False,False
tém,nfc,1,▁tém,,True,1.0,False,False,False
tém,nfd,3,▁te|́|m,1.5|2,False,0.5,False,True,False
tép,nfc,2,▁té|p,2,False,1.0,False,False,False
tép,nfd,3,▁te|́|p,1.5|2,False,0.5,False,True,False
tét,nfc,2,▁té|t,2,False,1.0,False,False,False
tét,nfd,2,▁te|́t,1.5,False,0.0,False,False,False
tê,nfc,1,▁tê,,True,1.0,False,False,False
tê,nfd,2,▁te|̂,1.5,False,0.0,False,False,False
têm,nfc,1,▁têm,,True,1.0,False,False,False
têm,nfd,3,▁te|̂|m,1.5|2,False,0.5,False,False,False
tên,nfc,1,▁tên,,True,1.0,False,False,False
tên,nfd,3,▁te|̂|n,1.5|2,False,0.5,False,False,False
tênh,nfc,2,▁tê|nh,2,False,1.0,False,False,False
tênh,nfd,3,▁te|̂|nh,1.5|2,False,0.5,False,False,False
têt,nfc,2,▁t|êt,1,False,1.0,True,False,False
têt,nfd,3,▁te|̂|t,1.5|2,False,0.5,False,False,False
têu,nfc,2,▁t|êu,1,False,1.0,True,False,False
têu,nfd,3,▁te|̂|u,1.5|2,False,0.5,False,False,False
tì,nfc,2,▁t|ì,1,False,1.0,True,False,False
tì,nfd,2,▁ti|̀,1.5,False,0.0,False,True,False
tìm,nfc,1,▁tìm,,True,1.0,False,False,False
tìm,nfd,3,▁ti|̀|m,1.5|2,False,0.5,False,True,False
tình,nfc,1,▁tình,,True,1.0,False,False,False
tình,nfd,2,▁ti|̀nh,1.5,False,0.0,False,False,False
tí,nfc,1,▁tí,,True,1.0,False,False,False
tí,nfd,2,▁ti|́,1.5,False,0.0,False,True,False
tía,nfc,1,▁tía,,True,1.0,False,False,False
tía,nfd,3,▁ti|́|a,1.5|2,False,0.0,False,True,False
tích,nfc,1,▁tích,,True,1.0,False,False,False
tích,nfd,3,▁ti|́|ch,1.5|2,False,0.5,False,True,False
tím,nfc,1,▁tím,,True,1.0,False,False,False
tím,nfd,3,▁ti|́|m,1.5|2,False,0.5,False,True,False
tín,nfc,1,▁tín,,True,1.0,False,False,False
tín,nfd,2,▁ti|́n,1.5,False,0.0,False,False,False
tính,nfc,1,▁tính,,True,1.0,False,False,False
tính,nfd,3,▁ti|́|nh,1.5|2,False,0.5,False,True,False
típ,nfc,2,▁tí|p,2,False,1.0,False,False,False
típ,nfd,3,▁ti|́|p,1.5|2,False,0.5,False,True,False
tít,nfc,2,▁t|ít,1,False,1.0,True,False,False
tít,nfd,2,▁ti|́t,1.5,False,0.0,False,False,False
tíu,nfc,2,▁tí|u,2,False,1.0,False,False,False
tíu,nfd,3,▁ti|́|u,1.5|2,False,0.5,False,True,False
tò,nfc,2,▁t|ò,1,False,1.0,True,False,False
tò,nfd,2,▁to|̀,1.5,False,0.0,False,True,False
tòi,nfc,2,▁t|òi,1,False,1.0,True,False,False
tòi,nfd,2,▁to|̀i,1.5,False,0.0,False,False,False
tòm,nfc,2,▁t|òm,1,False,1.0,True,False,False
tòm,nfd,3,▁to|̀|m,1.5|2,False,0.5,False,True,False
tòn,nfc,2,▁t|òn,1,False,1.0,True,False,False
tòn,nfd,2,▁to|̀n,1.5,False,0.0,False,False,False
tòng,nfc,2,▁t|òng,1,False,1.0,True,False,False
tòng,nfd,2,▁to|̀ng,1.5,False,0.0,False,False,False
tó,nfc,1,▁tó,,True,1.0,False,False,False
tó,nfd,2,▁to|́,1.5,False,0.0,False,True,False
tóc,nfc,1,▁tóc,,True,1.0,False,False,False
tóc,nfd,2,▁to|́c,1.5,False,0.0,False,False,False
tói,nfc,2,▁t|ói,1,False,1.0,True,False,False
tói,nfd,2,▁to|́i,1.5,False,0.0,False,False,False
tóm,nfc,2,▁t|óm,1,False,1.0,True,False,False
tóm,nfd,3,▁to|́|m,1.5|2,False,0.5,False,True,False
tóp,nfc,2,▁tó|p,2,False,1.0,False,False,False
tóp,nfd,3,▁to|́|p,1.5|2,False,0.5,False,True,False
tót,nfc,2,▁t|ót,1,False,1.0,True,False,False
tót,nfd,2,▁to|́t,1.5,False,0.0,False,False,False
tô,nfc,1,▁tô,,True,1.0,False,False,False
tô,nfd,2,▁to|̂,1.5,False,0.0,False,False,False
tôi,nfc,1,▁tôi,,True,1.0,False,False,False
tôi,nfd,3,▁to|̂|i,1.5|2,False,0.5,False,False,False
tôm,nfc,1,▁tôm,,True,1.0,False,False,False
tôm,nfd,3,▁to|̂|m,1.5|2,False,0.5,False,False,False
tôn,nfc,1,▁tôn,,True,1.0,False,False,False
tôn,nfd,3,▁to|̂|n,1.5|2,False,0.5,False,False,False
tông,nfc,1,▁tông,,True,1.0,False,False,False
tông,nfd,3,▁to|̂|ng,1.5|2,False,0.5,False,False,False
tõm,nfc,2,▁tõ|m,2,False,1.0,False,False,False
tõm,nfd,3,▁to|̃|m,1.5|2,False,0.5,False,True,False
tù,nfc,2,▁t|ù,1,False,1.0,True,False,False
tù,nfd,2,▁tu|̀,1.5,False,0.0,False,True,False
tùm,nfc,2,▁t|ùm,1,False,1.0,True,False,False
tùm,nfd,3,▁tu|̀|m,1.5|2,False,0.5,False,True,False
tùng,nfc,2,▁t|ùng,1,False,1.0,True,False,False
tùng,nfd,2,▁tu|̀ng,1.5,False,0.0,False,False,False
tú,nfc,1,▁tú,,True,1.0,False,False,False
tú,nfd,2,▁tu|́,1.5,False,0.0,False,True,False
túc,nfc,2,▁t|úc,1,False,1.0,True,False,False
túc,nfd,2,▁tu|́c,1.5,False,0.0,False,False,False
túi,nfc,1,▁túi,,True,1.0,False,False,False
túi,nfd,2,▁tu|́i,1.5,False,0.0,False,False,False
túm,nfc,2,▁tú|m,2,False,1.0,False,False,False
túm,nfd,3,▁tu|́|m,1.5|2,False,0.5,False,True,False
túng,nfc,2,▁t|úng,1,False,1.0,True,False,False
túng,nfd,2,▁tu|́ng,1.5,False,0.0,False,False,False
túp,nfc,2,▁tú|p,2,False,1.0,False,False,False
túp,nfd,3,▁tu|́|p,1.5|2,False,0.5,False,True,False
tút,nfc,2,▁t|út,1,False,1.0,True,False,False
tút,nfd,2,▁tu|́t,1.5,False,0.0,False,False,False
tăm,nfc,2,▁t|ăm,1,False,1.0,True,False,False
tăm,nfd,3,▁ta|̆|m,1.5|2,False,0.5,False,False,False
tăn,nfc,2,▁t|ăn,1,False,1.0,True,False,False
tăn,nfd,3,▁ta|̆|n,1.5|2,False,0.5,False,False,False
tăng,nfc,1,▁tăng,,True,1.0,False,False,False
tăng,nfd,3,▁ta|̆|ng,1.5|2,False,0.5,False,False,False
tĩ,nfc,2,▁t|ĩ,1,False,1.0,True,False,False
tĩ,nfd,2,▁ti|̃,1.5,False,0.0,False,True,False
tĩnh,nfc,1,▁tĩnh,,True,1.0,False,False,False
tĩnh,nfd,3,▁ti|̃|nh,1.5|2,False,0.5,False,True,False
tĩu,nfc,3,▁t|ĩ|u,1|2,False,1.0,True,False,False
tĩu,nfd,3,▁ti|̃|u,1.5|2,False,0.5,False,True,False
tũm,nfc,3,▁t|ũ|m,1|2,False,1.0,True,False,False
tũm,nfd,3,▁tu|̃|m,1.5|2,False,0.5,False,True,False
tơ,nfc,2,▁t|ơ,1,False,1.0,True,False,False
tơ,nfd,2,▁to|̛,1.5,False,0.0,False,False,False
tơi,nfc,2,▁t|ơi,1,False,1.0,True,False,False
tơi,nfd,3,▁to|̛|i,1.5|2,False,0.5,False,False,False
tư,nfc,1,▁tư,,True,1.0,False,False,False
tư,nfd,2,▁tu|̛,1.5,False,0.0,False,False,False
tưa,nfc,2,▁t|ưa,1,False,1.0,True,False,False
tưa,nfd,3,▁tu|̛|a,1.5|2,False,0.0,False,False,False
tưng,nfc,2,▁t|ưng,1,False,1.0,True,False,False
tưng,nfd,3,▁tu|̛|ng,1.5|2,False,0.5,False,False,False
tươi,nfc,1,▁tươi,,True,1.0,False,False,False
tươi,nfd,5,▁tu|̛|o|̛|i,1.5|2|2.5|3,False,0.25,False,False,False
tươm,nfc,3,▁t|ươ|m,1|3,False,1.0,True,False,False
tươm,nfd,5,▁tu|̛|o|̛|m,1.5|2|2.5|3,False,0.25,False,False,False
tương,nfc,1,▁tương,,True,1.0,False,False,False
tương,nfd,5,▁tu|̛|o|̛|ng,1.5|2|2.5|3,False,0.25,False,False,False
tước,nfc,2,▁t|ước,1,False,1.0,True,False,False
tước,nfd,5,▁tu|̛|o|̛|́c,1.5|2|2.5|2.5,False,0.0,False,False,False
tưới,nfc,2,▁tư|ới,2,False,0.0,False,False,False
tưới,nfd,5,▁tu|̛|o|̛|́i,1.5|2|2.5|2.5,False,0.0,False,False,False
tướn,nfc,3,▁t|ướ|n,1|3,False,1.0,True,False,False
tướn,nfd,5,▁tu|̛|o|̛|́n,1.5|2|2.5|2.5,False,0.0,False,False,False
tướng,nfc,1,▁tướng,,True,1.0,False,False,False
tướng,nfd,5,▁tu|̛|o|̛|́ng,1.5|2|2.5|2.5,False,0.0,False,False,False
tướp,nfc,2,▁t|ướp,1,False,1.0,True,False,False
tướp,nfd,6,▁tu|̛|o|̛|́|p,1.5|2|2.5|2.5|3,False,0.2,False,True,False
tướt,nfc,2,▁t|ướt,1,False,1.0,True,False,False
tướt,nfd,5,▁tu|̛|o|̛|́t,1.5|2|2.5|2.5,False,0.0,False,False,False
tườm,nfc,3,▁t|ườ|m,1|3,False,1.0,True,False,False
tườm,nfd,6,▁tu|̛|o|̛|̀|m,1.5|2|2.5|2.5|3,False,0.2,False,True,False
tường,nfc,1,▁tường,,True,1.0,False,False,False
tường,nfd,5,▁tu|̛|o|̛|̀ng,1.5|2|2.5|2.5,False,0.0,False,False,False
tườu,nfc,3,▁t|ườ|u,1|3,False,1.0,True,False,False
tườu,nfd,5,▁tu|̛|o|̛|̀u,1.5|2|2.5|2.5,False,0.0,False,False,False
tưởi,nfc,3,▁t|ưở|i,1|3,False,1.0,True,False,False
tưởi,nfd,6,▁tu|̛|o|̛|̉|i,1.5|2|2.5|2.5|3,False,0.2,False,True,False
tưởng,nfc,1,▁tưởng,,True,1.0,False,False,False
tưởng,nfd,6,▁tu|̛|o|̛|̉|ng,1.5|2|2.5|2.5|3,False,0.2,False,True,False
tược,nfc,2,▁t|ược,1,False,1.0,True,False,False
tược,nfd,5,▁tu|̛|o|̛|̣c,1.5|2|2.5|2.5,False,0.0,False,False,False
tượng,nfc,1,▁tượng,,True,1.0,False,False,False
tượng,nfd,5,▁tu|̛|o|̛|̣ng,1.5|2|2.5|2.5,False,0.0,False,False,False
tượp,nfc,3,▁t|ượ|p,1|3,False,1.0,True,False,False
tượp,nfd,6,▁tu|̛|o|̛|̣|p,1.5|2|2.5|2.5|3,False,0.2,False,True,False
tượt,nfc,2,▁t|ượt,1,False,1.0,True,False,False
tượt,nfd,5,▁tu|̛|o|̛|̣t,1.5|2|2.5|2.5,False,0.0,False,False,False
tạ,nfc,2,▁t|ạ,1,False,1.0,True,False,False
tạ,nfd,2,▁ta|̣,1.5,False,0.0,False,True,False
tạc,nfc,2,▁t|ạc,1,False,1.0,True,False,False
tạc,nfd,2,▁ta|̣c,1.5,False,0.0,False,False,False
tạch,nfc,2,▁t|ạch,1,False,1.0,True,False,False
tạch,nfd,3,▁ta|̣|ch,1.5|2,False,0.5,False,True,False
tại,nfc,1,▁tại,,True,1.0,False,False,False
tại,nfd,2,▁ta|̣i,1.5,False,0.0,False,False,False
tạm,nfc,1,▁tạm,,True,1.0,False,False,False
tạm,nfd,3,▁ta|̣|m,1.5|2,False,0.5,False,True,False
tạng,nfc,2,▁t|ạng,1,False,1.0,True,False,False
tạng,nfd,2,▁ta|̣ng,1.5,False,0.0,False,False,False
tạnh,nfc,2,▁t|ạnh,1,False,1.0,True,False,False
tạnh,nfd,3,▁ta|̣|nh,1.5|2,False,0.5,False,True,False
tạo,nfc,1,▁tạo,,True,1.0,False,False,False
tạo,nfd,3,▁ta|̣|o,1.5|2,False,0.5,False,True,False
tạp,nfc,1,▁tạp,,True,1.0,False,False,False
tạp,nfd,3,▁ta|̣|p,1.5|2,False,0.5,False,True,False
tạt,nfc,2,▁t|ạt,1,False,1.0,True,False,False
tạt,nfd,2,▁ta|̣t,1.5,False,0.0,False,False,False
tả,nfc,1,▁tả,,True,1.0,False,False,False
tả,nfd,2,▁ta|̉,1.5,False,0.0,False,True,False
tải,nfc,1,▁tải,,True,1.0,False,False,False
tải,nfd,3,▁ta|̉|i,1.5|2,False,0.5,False,True,False
tản,nfc,2,▁t|ản,1,False,1.0,True,False,False
tản,nfd,3,▁ta|̉|n,1.5|2,False,0.5,False,True,False
tảng,nfc,2,▁t|ảng,1,False,1.0,True,False,False
tảng,nfd,3,▁ta|̉|ng,1.5|2,False,0.5,False,True,False
tảo,nfc,2,▁t|ảo,1,False,1.0,True,False,False
tảo,nfd,3,▁ta|̉|o,1.5|2,False,0.5,False,True,False
tấc,nfc,2,▁t|ấc,1,False,1.0,True,False,False
tấc,nfd,3,▁ta|̂|́c,1.5|1.5,False,0.0,False,False,False
tấm,nfc,1,▁tấm,,True,1.0,False,False,False
tấm,nfd,4,▁ta|̂|́|m,1.5|1.5|2,False,0.3333333333333333,False,True,False
tấn,nfc,1,▁tấn,,True,1.0,False,False,False
tấn,nfd,3,▁ta|̂|́n,1.5|1.5,False,0.0,False,False,False
tấp,nfc,2,▁t|ấp,1,False,1.0,True,False,False
tấp,nfd,4,▁ta|̂|́|p,1.5|1.5|2,False,0.3333333333333333,False,True,False
tất,nfc,1,▁tất,,True,1.0,False,False,False
tất,nfd,3,▁ta|̂|́t,1.5|1.5,False,0.0,False,False,False
tấu,nfc,2,▁t|ấu,1,False,1.0,True,False,False
tấu,nfd,4,▁ta|̂|́|u,1.5|1.5|2,False,0.3333333333333333,False,True,False
tấy,nfc,2,▁t|ấy,1,False,1.0,True,False,False
tấy,nfd,4,▁ta|̂|́|y,1.5|1.5|2,False,0.3333333333333333,False,True,False
tầm,nfc,1,▁tầm,,True,1.0,False,False,False
tầm,nfd,4,▁ta|̂|̀|m,1.5|1.5|2,False,0.3333333333333333,False,True,False
tần,nfc,2,▁t|ần,1,False,1.0,True,False,False
tần,nfd,3,▁ta|̂|̀n,1.5|1.5,False,0.0,False,False,False
tầng,nfc,1,▁tầng,,True,1.0,False,False,False
tầng,nfd,3,▁ta|̂|̀ng,1.5|1.5,False,0.0,False,False,False
tầy,nfc,2,▁t|ầy,1,False,1.0,True,False,False
tầy,nfd,4,▁ta|̂|̀|y,1.5|1.5|2,False,0.3333333333333333,False,True,False
tẩm,nfc,2,▁t|ẩm,1,False,1.0,True,False,False
tẩm,nfd,4,▁ta|̂|̉|m,1.5|1.5|2,False,0.3333333333333333,False,True,False
tẩn,nfc,2,▁t|ẩn,1,False,1.0,True,False,False
tẩn,nfd,4,▁ta|̂|̉|n,1.5|1.5|2,False,0.3333333333333333,False,True,False
tẩu,nfc,2,▁t|ẩu,1,False,1.0,True,False,False
tẩu,nfd,4,▁ta|̂|̉|u,1.5|1.5|2,False,0.3333333333333333,False,True,False
tẩy,nfc,1,▁tẩy,,True,1.0,False,False,False
tẩy,nfd,4,▁ta|̂|̉|y,1.5|1.5|2,False,0.3333333333333333,False,True,False
tận,nfc,1,▁tận,,True,1.0,False,False,False
tận,nfd,4,▁ta|̣|̂|n,1.5|1.5|2,False,0.3333333333333333,False,True,False
tập,nfc,1,▁tập,,True,1.0,False,False,False
tập,nfd,4,▁ta|̣|̂|p,1.5|1.5|2,False,0.3333333333333333,False,True,False
tật,nfc,2,▁t|ật,1,False,1.0,True,False,False
tật,nfd,4,▁ta|̣|̂|t,1.5|1.5|2,False,0.3333333333333333,False,True,False
tậu,nfc,2,▁t|ậu,1,False,1.0,True,False,False
tậu,nfd,4,▁ta|̣|̂|u,1.5|1.5|2,False,0.3333333333333333,False,True,False
tắc,nfc,1,▁tắc,,True,1.0,False,False,False
tắc,nfd,3,▁ta|̆|́c,1.5|1.5,False,0.0,False,False,False
tắm,nfc,1,▁tắm,,True,1.0,False,False,False
tắm,nfd,4,▁ta|̆|́|m,1.5|1.5|2,False,0.3333333333333333,False,True,False
tắn,nfc,2,▁t|ắn,1,False,1.0,True,False,False
tắn,nfd,3,▁ta|̆|́n,1.5|1.5,False,0.0,False,False,False
tắp,nfc,2,▁t|ắp,1,False,1.0,True,False,False
tắp,nfd,4,▁ta|̆|́|p,1.5|1.5|2,False,0.3333333333333333,False,True,False
tắt,nfc,1,▁tắt,,True,1.0,False,False,False
tắt,nfd,3,▁ta|̆|́t,1.5|1.5,False,0.0,False,False,False
tằm,nfc,2,▁t|ằm,1,False,1.0,True,False,False
tằm,nfd,4,▁ta|̆|̀|m,1.5|1.5|2,False,0.3333333333333333,False,True,False
tằn,nfc,3,▁t|ằ|n,1|2,False,1.0,True,False,False
tằn,nfd,3,▁ta|̆|̀n,1.5|1.5,False,0.0,False,False,False
tằng,nfc,2,▁t|ằng,1,False,1.0,True,False,False
tằng,nfd,3,▁ta|̆|̀ng,1.5|1.5,False,0.0,False,False,False
tẳn,nfc,2,▁t|ẳn,1,False,1.0,True,False,False
tẳn,nfd,4,▁ta|̆|̉|n,1.5|1.5|2,False,0.3333333333333333,False,True,False
tặc,nfc,2,▁t|ặc,1,False,1.0,True,False,False
tặc,nfd,4,▁ta|̣|̆|c,1.5|1.5|2,False,0.3333333333333333,False,True,False
tặn,nfc,2,▁t|ặn,1,False,1.0,True,False,False
tặn,nfd,4,▁ta|̣|̆|n,1.5|1.5|2,False,0.3333333333333333,False,True,False
tặng,nfc,1,▁tặng,,True,1.0,False,False,False
tặng,nfd,4,▁ta|̣|̆|ng,1.5|1.5|2,False,0.3333333333333333,False,True,False
tẹo,nfc,2,▁t|ẹo,1,False,1.0,True,False,False
tẹo,nfd,3,▁te|̣|o,1.5|2,False,0.5,False,True,False
tẹp,nfc,2,▁t|ẹp,1,False,1.0,True,False,False
tẹp,nfd,3,▁te|̣|p,1.5|2,False,0.5,False,True,False
tẹt,nfc,3,▁t|ẹ|t,1|2,False,1.0,True,False,False
tẹt,nfd,2,▁te|̣t,1.5,False,0.0,False,False,False
tẻ,nfc,2,▁t|ẻ,1,False,1.0,True,False,False
tẻ,nfd,2,▁te|̉,1.5,False,0.0,False,True,False
tẻm,nfc,3,▁t|ẻ|m,1|2,False,1.0,True,False,False
tẻm,nfd,3,▁te|̉|m,1.5|2,False,0.5,False,True,False
tẻo,nfc,2,▁t|ẻo,1,False,1.0,True,False,False
tẻo,nfd,3,▁te|̉|o,1.5|2,False,0.5,False,True,False
tẽ,nfc,2,▁t|ẽ,1,False,1.0,True,False,False
tẽ,nfd,2,▁te|̃,1.5,False,0.0,False,True,False
tẽn,nfc,3,▁t|ẽ|n,1|2,False,1.0,True,False,False
tẽn,nfd,3,▁te|̃|n,1.5|2,False,0.5,False,True,False
tế,nfc,1,▁tế,,True,1.0,False,False,False
tế,nfd,3,▁te|̂|́,1.5|1.5,False,0.0,False,True,False
tếch,nfc,2,▁tế|ch,2,False,1.0,False,False,False
tếch,nfd,4,▁te|̂|́|ch,1.5|1.5|2,False,0.3333333333333333,False,True,False
tết,nfc,1,▁tết,,True,1.0,False,False,False
tết,nfd,3,▁te|̂|́t,1.5|1.5,False,0.0,False,False,False
tếu,nfc,2,▁t|ếu,1,False,1.0,True,False,False
tếu,nfd,4,▁te|̂|́|u,1.5|1.5|2,False,0.3333333333333333,False,True,False
tề,nfc,2,▁t|ề,1,False,1.0,True,False,False
tề,nfd,3,▁te|̂|̀,1.5|1.5,False,0.0,False,True,False
tềnh,nfc,3,▁t|ề|nh,1|2,False,1.0,True,False,False
tềnh,nfd,3,▁te|̂|̀nh,1.5|1.5,False,0.0,False,False,False
tể,nfc,2,▁t|ể,1,False,1.0,True,False,False
tể,nfd,3,▁te|̂|̉,1.5|1.5,False,0.0,False,True,False
tểnh,nfc,3,▁t|ể|nh,1|2,False,1.0,True,False,False
tểnh,nfd,4,▁te|̂|̉|nh,1.5|1.5|2,False,0.3333333333333333,False,True,False
tễ,nfc,2,▁t|ễ,1,False,1.0,True,False,False
tễ,nfd,3,▁te|̂|̃,1.5|1.5,False,0.0,False,True,False
tễnh,nfc,3,▁t|ễ|nh,1|2,False,1.0,True,False,False
tễnh,nfd,4,▁te|̂|̃|nh,1.5|1.5|2,False,0.3333333333333333,False,True,False
tệ,nfc,2,▁t|ệ,1,False,1.0,True,False,False
tệ,nfd,3,▁te|̣|̂,1.5|1.5,False,0.0,False,True,False
tệp,nfc,2,▁t|ệp,1,False,1.0,True,False,False
tệp,nfd,4,▁te|̣|̂|p,1.5|1.5|2,False,0.3333333333333333,False,True,False
tỉ,nfc,1,▁tỉ,,True,1.0,False,False,False
tỉ,nfd,2,▁ti|̉,1.5,False,0.0,False,True,False
tỉa,nfc,2,▁tỉ|a,2,False,0.0,False,False,False
tỉa,nfd,3,▁ti|̉|a,1.5|2,False,0.0,False,True,False
tỉm,nfc,2,▁tỉ|m,2,False,1.0,False,False,False
tỉm,nfd,3,▁ti|̉|m,1.5|2,False,0.5,False,True,False
tỉnh,nfc,1,▁tỉnh,,True,1.0,False,False,False
tỉnh,nfd,3,▁ti|̉|nh,1.5|2,False,0.5,False,True,False
tị,nfc,2,▁t|ị,1,False,1.0,True,False,False
tị,nfd,2,▁ti|̣,1.5,False,0.0,False,True,False
tịch,nfc,1,▁tịch,,True,1.0,False,False,False
tịch,nfd,3,▁ti|̣|ch,1.5|2,False,0.5,False,True,False
tịnh,nfc,2,▁t|ịnh,1,False,1.0,True,False,False
tịnh,nfd,3,▁ti|̣|nh,1.5|2,False,0.5,False,True,False
tịt,nfc,2,▁t|ịt,1,False,1.0,True,False,False
tịt,nfd,2,▁ti|̣t,1.5,False,0.0,False,False,False
tịu,nfc,3,▁t|ị|u,1|2,False,1.0,True,False,False
tịu,nfd,3,▁ti|̣|u,1.5|2,False,0.5,False,True,False
tọc,nfc,2,▁t|ọc,1,False,1.0,True,False,False
tọc,nfd,2,▁to|̣c,1.5,False,0.0,False,False,False
tọng,nfc,2,▁t|ọng,1,False,1.0,True,False,False
tọng,nfd,2,▁to|̣ng,1.5,False,0.0,False,False,False
tọp,nfc,3,▁t|ọ|p,1|2,False,1.0,True,False,False
tọp,nfd,3,▁to|̣|p,1.5|2,False,0.5,False,True,False
tọt,nfc,2,▁t|ọt,1,False,1.0,True,False,False
tọt,nfd,2,▁to|̣t,1.5,False,0.0,False,False,False
tỏ,nfc,1,▁tỏ,,True,1.0,False,False,False
tỏ,nfd,2,▁to|̉,1.5,False,0.0,False,True,False
tỏi,nfc,1,▁tỏi,,True,1.0,False,False,False
tỏi,nfd,3,▁to|̉|i,1.5|2,False,0.5,False,True,False
tỏm,nfc,2,▁tỏ|m,2,False,1.0,False,False,False
tỏm,nfd,3,▁to|̉|m,1.5|2,False,0.5,False,True,False
tỏng,nfc,2,▁t|ỏng,1,False,1.0,True,False,False
tỏng,nfd,3,▁to|̉|ng,1.5|2,False,0.5,False,True,False
tố,nfc,1,▁tố,,True,1.0,False,False,False
tố,nfd,3,▁to|̂|́,1.5|1.5,False,0.0,False,True,False
tốc,nfc,1,▁tốc,,True,1.0,False,False,False
tốc,nfd,3,▁to|̂|́c,1.5|1.5,False,0.0,False,False,False
tối,nfc,1,▁tối,,True,1.0,False,False,False
tối,nfd,3,▁to|̂|́i,1.5|1.5,False,0.0,False,False,False
tốn,nfc,2,▁t|ốn,1,False,1.0,True,False,False
tốn,nfd,3,▁to|̂|́n,1.5|1.5,False,0.0,False,False,False
tống,nfc,2,▁t|ống,1,False,1.0,True,False,False
tống,nfd,3,▁to|̂|́ng,1.5|1.5,False,0.0,False,False,False
tốp,nfc,2,▁t|ốp,1,False,1.0,True,False,False
tốp,nfd,4,▁to|̂|́|p,1.5|1.5|2,False,0.3333333333333333,False,True,False
tốt,nfc,1,▁tốt,,True,1.0,False,False,False
tốt,nfd,3,▁to|̂|́t,1.5|1.5,False,0.0,False,False,False
tồ,nfc,2,▁t|ồ,1,False,1.0,True,False,False
tồ,nfd,3,▁to|̂|̀,1.5|1.5,False,0.0,False,True,False
tồi,nfc,2,▁t|ồi,1,False,1.0,True,False,False
tồi,nfd,3,▁to|̂|̀i,1.5|1.5,False,0.0,False,False,False
tồn,nfc,1,▁tồn,,True,1.0,False,False,False
tồn,nfd,3,▁to|̂|̀n,1.5|1.5,False,0.0,False,False,False
tồng,nfc,2,▁t|ồng,1,False,1.0,True,False,False
tồng,nfd,3,▁to|̂|̀ng,1.5|1.5,False,0.0,False,False,False
tổ,nfc,1,▁tổ,,True,1.0,False,False,False
tổ,nfd,3,▁to|̂|̉,1.5|1.5,False,0.0,False,True,False
tổn,nfc,2,▁tổ|n,2,False,1.0,False,False,False
tổn,nfd,4,▁to|̂|̉|n,1.5|1.5|2,False,0.3333333333333333,False,True,False
tổng,nfc,1,▁tổng,,True,1.0,False,False,False
tổng,nfd,4,▁to|̂|̉|ng,1.5|1.5|2,False,0.3333333333333333,False,True,False
tộ,nfc,2,▁t|ộ,1,False,1.0,True,False,False
tộ,nfd,3,▁to|̣|̂,1.5|1.5,False,0.0,False,True,False
tộc,nfc,1,▁tộc,,True,1.0,False,False,False
tộc,nfd,4,▁to|̣|̂|c,1.5|1.5|2,False,0.3333333333333333,False,True,False
tội,nfc,1,▁tội,,True,1.0,False,False,False
tội,nfd,4,▁to|̣|̂|i,1.5|1.5|2,False,0.3333333333333333,False,True,False
tột,nfc,2,▁t|ột,1,False,1.0,True,False,False
tột,nfd,4,▁to|̣|̂|t,1.5|1.5|2,False,0.3333333333333333,False,True,False
tớ,nfc,2,▁t|ớ,1,False,1.0,True,False,False
tớ,nfd,3,▁to|̛|́,1.5|1.5,False,0.0,False,True,False
tới,nfc,1,▁tới,,True,1.0,False,False,False
tới,nfd,3,▁to|̛|́i,1.5|1.5,False,0.0,False,False,False
tớn,nfc,3,▁t|ớ|n,1|2,False,1.0,True,False,False
tớn,nfd,3,▁to|̛|́n,1.5|1.5,False,0.0,False,False,False
tớp,nfc,2,▁t|ớp,1,False,1.0,True,False,False
tớp,nfd,4,▁to|̛|́|p,1.5|1.5|2,False,0.3333333333333333,False,True,False
tớt,nfc,2,▁t|ớt,1,False,1.0,True,False,False
tớt,nfd,3,▁to|̛|́t,1.5|1.5,False,0.0,False,False,False
tờ,nfc,1,▁tờ,,True,1.0,False,False,False
tờ,nfd,3,▁to|̛|̀,1.5|1.5,False,0.0,False,True,False
tời,nfc,2,▁t|ời,1,False,1.0,True,False,False
tời,nfd,3,▁to|̛|̀i,1.5|1.5,False,0.0,False,False,False
tởm,nfc,3,▁t|ở|m,1|2,False,1.0,True,False,False
tởm,nfd,4,▁to|̛|̉|m,1.5|1.5|2,False,0.3333333333333333,False,True,False
tợ,nfc,2,▁t|ợ,1,False,1.0,True,False,False
tợ,nfd,3,▁to|̛|̣,1.5|1.5,False,0.0,False,True,False
tợn,nfc,2,▁t|ợn,1,False,1.0,True,False,False
tợn,nfd,3,▁to|̛|̣n,1.5|1.5,False,0.0,False,False,False
tợp,nfc,2,▁t|ợp,1,False,1.0,True,False,False
tợp,nfd,4,▁to|̛|̣|p,1.5|1.5|2,False,0.3333333333333333,False,True,False
tụ,nfc,1,▁tụ,,True,1.0,False,False,False
tụ,nfd,2,▁tu|̣,1.5,False,0.0,False,True,False
tục,nfc,1,▁tục,,True,1.0,False,False,False
tục,nfd,2,▁tu|̣c,1.5,False,0.0,False,False,False
tụi,nfc,2,▁tụ|i,2,False,1.0,False,False,False
tụi,nfd,2,▁tu|̣i,1.5,False,0.0,False,False,False
tụm,nfc,2,▁tụ|m,2,False,1.0,False,False,False
tụm,nfd,3,▁tu|̣|m,1.5|2,False,0.5,False,True,False
tụng,nfc,2,▁t|ụng,1,False,1.0,True,False,False
tụng,nfd,2,▁tu|̣ng,1.5,False,0.0,False,False,False
tụt,nfc,2,▁tụ|t,2,False,1.0,False,False,False
tụt,nfd,2,▁tu|̣t,1.5,False,0.0,False,False,False
tủ,nfc,1,▁tủ,,True,1.0,False,False,False
tủ,nfd,2,▁tu|̉,1.5,False,0.0,False,True,False
tủa,nfc,2,▁tủ|a,2,False,0.0,False,False,False
tủa,nfd,3,▁tu|̉|a,1.5|2,False,0.0,False,True,False
tủi,nfc,2,▁tủ|i,2,False,1.0,False,False,False
tủi,nfd,3,▁tu|̉|i,1.5|2,False,0.5,False,True,False
tủm,nfc,2,▁tủ|m,2,False,1.0,False,False,False
tủm,nfd,3,▁tu|̉|m,1.5|2,False,0.5,False,True,False
tủn,nfc,2,▁tủ|n,2,False,1.0,False,False,False
tủn,nfd,3,▁tu|̉|n,1.5|2,False,0.5,False,True,False
tứ,nfc,2,▁t|ứ,1,False,1.0,True,False,False
tứ,nfd,3,▁tu|̛|́,1.5|1.5,False,0.0,False,True,False
tứa,nfc,2,▁t|ứa,1,False,1.0,True,False,False
tứa,nfd,4,▁tu|̛|́|a,1.5|1.5|2,False,0.0,False,True,False
tức,nfc,1,▁tức,,True,1.0,False,False,False
tức,nfd,3,▁tu|̛|́c,1.5|1.5,False,0.0,False,False,False
từ,nfc,1,▁từ,,True,1.0,False,False,False
từ,nfd,3,▁tu|̛|̀,1.5|1.5,False,0.0,False,True,False
từng,nfc,1,▁từng,,True,1.0,False,False,False
từng,nfd,3,▁tu|̛|̀ng,1.5|1.5,False,0.0,False,False,False
tử,nfc,1,▁tử,,True,1.0,False,False,False
tử,nfd,3,▁tu|̛|̉,1.5|1.5,False,0.0,False,True,False
tửa,nfc,2,▁t|ửa,1,False,1.0,True,False,False
tửa,nfd,4,▁tu|̛|̉|a,1.5|1.5|2,False,0.0,False,True,False
tửng,nfc,2,▁tử|ng,2,False,1.0,False,False,False
tửng,nfd,4,▁tu|̛|̉|ng,1.5|1.5|2,False,0.3333333333333333,False,True,False
tửu,nfc,2,▁tử|u,2,False,1.0,False,False,False
tửu,nfd,4,▁tu|̛|̉|u,1.5|1.5|2,False,0.3333333333333333,False,True,False
tự,nfc,1,▁tự,,True,1.0,False,False,False
tự,nfd,3,▁tu|̛|̣,1.5|1.5,False,0.0,False,True,False
tựa,nfc,1,▁tựa,,True,1.0,False,False,False
tựa,nfd,4,▁tu|̛|̣|a,1.5|1.5|2,False,0.0,False,True,False
tựu,nfc,2,▁tự|u,2,False,1.0,False,False,False
tựu,nfd,4,▁tu|̛|̣|u,1.5|1.5|2,False,0.3333333333333333,False,True,False
tỵ,nfc,2,▁t|ỵ,1,False,1.0,True,False,False
tỵ,nfd,2,▁ty|̣,1.5,False,0.0,False,True,False
tỷ,nfc,1,▁tỷ,,True,1.0,False,False,False
tỷ,nfd,2,▁ty|̉,1.5,False,0.0,False,True,False
u,nfc,1,▁u,,True,1.0,False,False,False
u,nfd,1,▁u,,True,1.0,False,False,False
um,nfc,1,▁um,,True,1.0,False,False,False
um,nfd,1,▁um,,True,1.0,False,False,False
un,nfc,1,▁un,,True,1.0,False,False,False
un,nfd,1,▁un,,True,1.0,False,False,False
ung,nfc,1,▁ung,,True,1.0,False,False,False
ung,nfd,1,▁ung,,True,1.0,False,False,False
uy,nfc,1,▁uy,,True,1.0,False,False,False
uy,nfd,1,▁uy,,True,1.0,False,False,False
uyên,nfc,2,▁uy|ên,2,False,0.0,False,False,False
uyên,nfd,3,▁uye|̂|n,2.5|3,False,0.5,False,False,False
uyển,nfc,2,▁uy|ển,2,False,0.0,False,False,False
uyển,nfd,4,▁uye|̂|̉|n,2.5|2.5|3,False,0.3333333333333333,False,True,False
uôm,nfc,2,▁u|ôm,1,False,0.0,False,False,False
uôm,nfd,3,▁uo|̂|m,1.5|2,False,0.5,False,False,False
uý,nfc,2,▁u|ý,1,False,1.0,False,False,False
uý,nfd,2,▁uy|́,1.5,False,0.0,False,True,False
uất,nfc,2,▁u|ất,1,False,1.0,False,False,False
uất,nfd,3,▁ua|̂|́t,1.5|1.5,False,0.0,False,False,False
uẩn,nfc,2,▁u|ẩn,1,False,1.0,False,False,False
uẩn,nfd,4,▁ua|̂|̉|n,1.5|1.5|2,False,0.3333333333333333,False,True,False
uẩy,nfc,2,▁u|ẩy,1,False,1.0,False,False,False
uẩy,nfd,4,▁ua|̂|̉|y,1.5|1.5|2,False,0.3333333333333333,False,True,False
uế,nfc,2,▁u|ế,1,False,1.0,False,False,False
uế,nfd,3,▁ue|̂|́,1.5|1.5,False,0.0,False,True,False
uể,nfc,2,▁u|ể,1,False,1.0,False,False,False
uể,nfd,3,▁ue|̂|̉,1.5|1.5,False,0.0,False,True,False
uốn,nfc,2,▁u|ốn,1,False,0.0,False,False,False
uốn,nfd,3,▁uo|̂|́n,1.5|1.5,False,0.0,False,False,False
uống,nfc,1,▁uống,,True,1.0,False,False,False
uống,nfd,3,▁uo|̂|́ng,1.5|1.5,False,0.0,False,False,False
uổng,nfc,2,▁u|ổng,1,False,0.0,False,False,False
uổng,nfd,4,▁uo|̂|̉|ng,1.5|1.5|2,False,0.3333333333333333,False,True,False
uột,nfc,2,▁u|ột,1,False,0.0,False,False,False
uột,nfd,4,▁uo|̣|̂|t,1.5|1.5|2,False,0.3333333333333333,False,True,False
uở,nfc,2,▁u|ở,1,False,1.0,False,False,False
uở,nfd,3,▁uo|̛|̉,1.5|1.5,False,0.0,False,True,False
uỳnh,nfc,2,▁u|ỳnh,1,False,1.0,False,False,False
uỳnh,nfd,2,▁uy|̀nh,1.5,False,0.0,False,False,False
uỵch,nfc,3,▁u|ỵ|ch,1|2,False,1.0,False,False,False
uỵch,nfd,3,▁uy|̣|ch,1.5|2,False,0.5,False,True,False
uỷ,nfc,2,▁u|ỷ,1,False,1.0,False,False,False
uỷ,nfd,2,▁uy|̉,1.5,False,0.0,False,True,False
va,nfc,1,▁va,,True,1.0,False,False,False
va,nfd,1,▁va,,True,1.0,False,False,False
vai,nfc,1,▁vai,,True,1.0,False,False,False
vai,nfd,1,▁vai,,True,1.0,False,False,False
van,nfc,1,▁van,,True,1.0,False,False,False
van,nfd,1,▁van,,True,1.0,False,False,False
vang,nfc,1,▁vang,,True,1.0,False,False,False
vang,nfd,1,▁vang,,True,1.0,False,False,False
vanh,nfc,2,▁van|h,3,False,0.0,False,False,False
vanh,nfd,2,▁van|h,3,False,0.0,False,False,False
vao,nfc,1,▁vao,,True,1.0,False,False,False
vao,nfd,1,▁vao,,True,1.0,False,False,False
vay,nfc,1,▁vay,,True,1.0,False,False,False
vay,nfd,1,▁vay,,True,1.0,False,False,False
ve,nfc,1,▁ve,,True,1.0,False,False,False
ve,nfd,1,▁ve,,True,1.0,False,False,False
ven,nfc,1,▁ven,,True,1.0,False,False,False
ven,nfd,1,▁ven,,True,1.0,False,False,False
veo,nfc,1,▁veo,,True,1.0,False,False,False
veo,nfd,1,▁veo,,True,1.0,False,False,False
vi,nfc,1,▁vi,,True,1.0,False,False,False
vi,nfd,1,▁vi,,True,1.0,False,False,False
vinh,nfc,1,▁vinh,,True,1.0,False,False,False
vinh,nfd,1,▁vinh,,True,1.0,False,False,False
viêm,nfc,1,▁viêm,,True,1.0,False,False,False
viêm,nfd,3,▁vie|̂|m,2.5|3,False,0.5,False,False,False
viên,nfc,1,▁viên,,True,1.0,False,False,False
viên,nfd,3,▁vie|̂|n,2.5|3,False,0.5,False,False,False
viếng,nfc,2,▁vi|ếng,2,False,0.0,False,False,False
viếng,nfd,3,▁vie|̂|́ng,2.5|2.5,False,0.0,False,False,False
viết,nfc,1,▁viết,,True,1.0,False,False,False
viết,nfd,3,▁vie|̂|́t,2.5|2.5,False,0.0,False,False,False
viền,nfc,2,▁vi|ền,2,False,0.0,False,False,False
viền,nfd,3,▁vie|̂|̀n,2.5|2.5,False,0.0,False,False,False
viển,nfc,2,▁vi|ển,2,False,0.0,False,False,False
viển,nfd,4,▁vie|̂|̉|n,2.5|2.5|3,False,0.3333333333333333,False,True,False
viễn,nfc,2,▁vi|ễn,2,False,0.0,False,False,False
viễn,nfd,4,▁vie|̂|̃|n,2.5|2.5|3,False,0.3333333333333333,False,True,False
việc,nfc,1,▁việc,,True,1.0,False,False,False
việc,nfd,4,▁vie|̣|̂|c,2.5|2.5|3,False,0.3333333333333333,False,True,False
viện,nfc,1,▁viện,,True,1.0,False,False,False
viện,nfd,4,▁vie|̣|̂|n,2.5|2.5|3,False,0.3333333333333333,False,True,False
việt,nfc,1,▁việt,,True,1.0,False,False,False
việt,nfd,4,▁vie|̣|̂|t,2.5|2.5|3,False,0.3333333333333333,False,True,False
vo,nfc,1,▁vo,,True,1.0,False,False,False
vo,nfd,1,▁vo,,True,1.0,False,False,False
voan,nfc,2,▁vo|an,2,False,1.0,False,False,False
voan,nfd,2,▁vo|an,2,False,1.0,False,False,False
voi,nfc,1,▁voi,,True,1.0,False,False,False
voi,nfd,1,▁voi,,True,1.0,False,False,False
von,nfc,1,▁von,,True,1.0,False,False,False
von,nfd,1,▁von,,True,1.0,False,False,False
vong,nfc,1,▁vong,,True,1.0,False,False,False
vong,nfd,1,▁vong,,True,1.0,False,False,False
vu,nfc,1,▁vu,,True,1.0,False,False,False
vu,nfd,1,▁vu,,True,1.0,False,False,False
vua,nfc,1,▁vua,,True,1.0,False,False,False
vua,nfd,1,▁vua,,True,1.0,False,False,False
vui,nfc,1,▁vui,,True,1.0,False,False,False
vui,nfd,1,▁vui,,True,1.0,False,False,False
vun,nfc,1,▁vun,,True,1.0,False,False,False
vun,nfd,1,▁vun,,True,1.0,False,False,False
vung,nfc,2,▁v|ung,1,False,1.0,True,False,False
vung,nfd,2,▁v|ung,1,False,1.0,True,False,False
vuông,nfc,1,▁vuông,,True,1.0,False,False,False
vuông,nfd,3,▁vuo|̂|ng,2.5|3,False,0.5,False,False,False
vuốt,nfc,2,▁vu|ốt,2,False,0.0,False,False,False
vuốt,nfd,3,▁vuo|̂|́t,2.5|2.5,False,0.0,False,False,False
vuột,nfc,2,▁vu|ột,2,False,0.0,False,False,False
vuột,nfd,4,▁vuo|̣|̂|t,2.5|2.5|3,False,0.3333333333333333,False,True,False
và,nfc,1,▁và,,True,1.0,False,False,False
và,nfd,1,▁và,,True,1.0,False,False,False
vài,nfc,1,▁vài,,True,1.0,False,False,False
vài,nfd,2,▁va|̀i,1.5,False,0.0,False,False,False
vàm,nfc,2,▁và|m,2,False,1.0,False,False,False
vàm,nfd,2,▁và|m,2,False,1.0,False,False,False
vàn,nfc,2,▁và|n,2,False,1.0,False,False,False
vàn,nfd,2,▁va|̀n,1.5,False,0.0,False,False,False
vàng,nfc,1,▁vàng,,True,1.0,False,False,False
vàng,nfd,2,▁va|̀ng,1.5,False,0.0,False,False,False
vành,nfc,2,▁và|nh,2,False,1.0,False,False,False
vành,nfd,2,▁va|̀nh,1.5,False,0.0,False,False,False
vào,nfc,1,▁vào,,True,1.0,False,False,False
vào,nfd,2,▁và|o,2,False,1.0,False,False,False
vày,nfc,2,▁và|y,2,False,1.0,False,False,False
vày,nfd,2,▁và|y,2,False,1.0,False,False,False
vá,nfc,1,▁vá,,True,1.0,False,False,False
vá,nfd,2,▁va|́,1.5,False,0.0,False,True,False
vác,nfc,2,▁v|ác,1,False,1.0,True,False,False
vác,nfd,2,▁va|́c,1.5,False,0.0,False,False,False
vách,nfc,2,▁v|ách,1,False,1.0,True,False,False
vách,nfd,3,▁va|́|ch,1.5|2,False,0.5,False,True,False
vái,nfc,2,▁vá|i,2,False,1.0,False,False,False
vái,nfd,2,▁va|́i,1.5,False,0.0,False,False,False
ván,nfc,2,▁v|án,1,False,1.0,True,False,False
ván,nfd,2,▁va|́n,1.5,False,0.0,False,False,False
váng,nfc,2,▁v|áng,1,False,1.0,True,False,False
váng,nfd,2,▁va|́ng,1.5,False,0.0,False,False,False
vánh,nfc,2,▁vá|nh,2,False,1.0,False,False,False
vánh,nfd,3,▁va|́|nh,1.5|2,False,0.5,False,True,False
váo,nfc,2,▁vá|o,2,False,1.0,False,False,False
váo,nfd,3,▁va|́|o,1.5|2,False,0.5,False,True,False
váp,nfc,2,▁v|áp,1,False,1.0,True,False,False
váp,nfd,3,▁va|́|p,1.5|2,False,0.5,False,True,False
vát,nfc,2,▁v|át,1,False,1.0,True,False,False
vát,nfd,2,▁va|́t,1.5,False,0.0,False,False,False
váy,nfc,1,▁váy,,True,1.0,False,False,False
váy,nfd,3,▁va|́|y,1.5|2,False,0.5,False,True,False
vâm,nfc,2,▁v|âm,1,False,1.0,True,False,False
vâm,nfd,3,▁va|̂|m,1.5|2,False,0.5,False,False,False
vân,nfc,1,▁vân,,True,1.0,False,False,False
vân,nfd,3,▁va|̂|n,1.5|2,False,0.5,False,False,False
vâng,nfc,2,▁v|âng,1,False,1.0,True,False,False
vâng,nfd,3,▁va|̂|ng,1.5|2,False,0.5,False,False,False
vây,nfc,2,▁v|ây,1,False,1.0,True,False,False
vây,nfd,3,▁va|̂|y,1.5|2,False,0.5,False,False,False
vã,nfc,2,▁v|ã,1,False,1.0,True,False,False
vã,nfd,2,▁va|̃,1.5,False,0.0,False,True,False
vãi,nfc,2,▁v|ãi,1,False,1.0,True,False,False
vãi,nfd,3,▁va|̃|i,1.5|2,False,0.5,False,True,False
vãn,nfc,2,▁v|ãn,1,False,1.0,True,False,False
vãn,nfd,3,▁va|̃|n,1.5|2,False,0.5,False,True,False
vãng,nfc,2,▁v|ãng,1,False,1.0,True,False,False
vãng,nfd,3,▁va|̃|ng,1.5|2,False,0.5,False,True,False
vãnh,nfc,3,▁v|ã|nh,1|2,False,1.0,True,False,False
vãnh,nfd,3,▁va|̃|nh,1.5|2,False,0.5,False,True,False
vè,nfc,2,▁v|è,1,False,1.0,True,False,False
vè,nfd,2,▁ve|̀,1.5,False,0.0,False,True,False
vèo,nfc,2,▁v|èo,1,False,1.0,True,False,False
vèo,nfd,3,▁ve|̀|o,1.5|2,False,0.5,False,True,False
vé,nfc,1,▁vé,,True,1.0,False,False,False
vé,nfd,2,▁ve|́,1.5,False,0.0,False,True,False
véc,nfc,2,▁vé|c,2,False,1.0,False,False,False
véc,nfd,2,▁ve|́c,1.5,False,0.0,False,False,False
vén,nfc,2,▁v|én,1,False,1.0,True,False,False
vén,nfd,2,▁ve|́n,1.5,False,0.0,False,False,False
véo,nfc,2,▁vé|o,2,False,1.0,False,False,False
véo,nfd,3,▁ve|́|o,1.5|2,False,0.5,False,True,False
vét,nfc,2,▁v|ét,1,False,1.0,True,False,False
vét,nfd,2,▁ve|́t,1.5,False,0.0,False,False,False
vê,nfc,1,▁vê,,True,1.0,False,False,False
vê,nfd,2,▁ve|̂,1.5,False,0.0,False,False,False
vên,nfc,2,▁v|ên,1,False,1.0,True,False,False
vên,nfd,3,▁ve|̂|n,1.5|2,False,0.5,False,False,False
vênh,nfc,2,▁vê|nh,2,False,1.0,False,False,False
vênh,nfd,3,▁ve|̂|nh,1.5|2,False,0.5,False,False,False
vêu,nfc,2,▁v|êu,1,False,1.0,True,False,False
vêu,nfd,3,▁ve|̂|u,1.5|2,False,0.5,False,False,False
vì,nfc,1,▁vì,,True,1.0,False,False,False
vì,nfd,2,▁vi|̀,1.5,False,0.0,False,True,False
ví,nfc,1,▁ví,,True,1.0,False,False,False
ví,nfd,2,▁vi|́,1.5,False,0.0,False,True,False
vía,nfc,1,▁vía,,True,1.0,False,False,False
vía,nfd,3,▁vi|́|a,1.5|2,False,0.0,False,True,False
vích,nfc,2,▁v|ích,1,False,1.0,True,False,False
vích,nfd,3,▁vi|́|ch,1.5|2,False,0.5,False,True,False
vít,nfc,2,▁v|ít,1,False,1.0,True,False,False
vít,nfd,2,▁vi|́t,1.5,False,0.0,False,False,False
víu,nfc,2,▁ví|u,2,False,1.0,False,False,False
víu,nfd,3,▁vi|́|u,1.5|2,False,0.5,False,True,False
vò,nfc,2,▁v|ò,1,False,1.0,True,False,False
vò,nfd,2,▁vo|̀,1.5,False,0.0,False,True,False
vòi,nfc,2,▁v|òi,1,False,1.0,True,False,False
vòi,nfd,2,▁vo|̀i,1.5,False,0.0,False,False,False
vòm,nfc,2,▁v|òm,1,False,1.0,True,False,False
vòm,nfd,3,▁vo|̀|m,1.5|2,False,0.5,False,True,False
vòn,nfc,2,▁v|òn,1,False,1.0,True,False,False
vòn,nfd,2,▁vo|̀n,1.5,False,0.0,False,False,False
vòng,nfc,1,▁vòng,,True,1.0,False,False,False
vòng,nfd,2,▁vo|̀ng,1.5,False,0.0,False,False,False
vó,nfc,1,▁vó,,True,1.0,False,False,False
vó,nfd,2,▁vo|́,1.5,False,0.0,False,True,False
vóc,nfc,2,▁v|óc,1,False,1.0,True,False,False
vóc,nfd,2,▁vo|́c,1.5,False,0.0,False,False,False
vói,nfc,2,▁v|ói,1,False,1.0,True,False,False
vói,nfd,2,▁vo|́i,1.5,False,0.0,False,False,False
vón,nfc,2,▁v|ón,1,False,1.0,True,False,False
vón,nfd,2,▁vo|́n,1.5,False,0.0,False,False,False
vóng,nfc,2,▁v|óng,1,False,1.0,True,False,False
vóng,nfd,2,▁vo|́ng,1.5,False,0.0,False,False,False
vót,nfc,2,▁v|ót,1,False,1.0,True,False,False
vót,nfd,2,▁vo|́t,1.5,False,0.0,False,False,False
vô,nfc,1,▁vô,,True,1.0,False,False,False
vô,nfd,2,▁vo|̂,1.5,False,0.0,False,False,False
vôi,nfc,2,▁v|ôi,1,False,1.0,True,False,False
vôi,nfd,3,▁vo|̂|i,1.5|2,False,0.5,False,False,False
vôn,nfc,2,▁v|ôn,1,False,1.0,True,False,False
vôn,nfd,3,▁vo|̂|n,1.5|2,False,0.5,False,False,False
vông,nfc,2,▁v|ông,1,False,1.0,True,False,False
vông,nfd,3,▁vo|̂|ng,1.5|2,False,0.5,False,False,False
võ,nfc,1,▁võ,,True,1.0,False,False,False
võ,nfd,2,▁vo|̃,1.5,False,0.0,False,True,False
võng,nfc,2,▁võ|ng,2,False,1.0,False,False,False
võng,nfd,3,▁vo|̃|ng,1.5|2,False,0.5,False,True,False
vù,nfc,2,▁v|ù,1,False,1.0,True,False,False
vù,nfd,2,▁vu|̀,1.5,False,0.0,False,True,False
vùa,nfc,2,▁v|ùa,1,False,1.0,True,False,False
vùa,nfd,3,▁vu|̀|a,1.5|2,False,0.0,False,True,False
vùi,nfc,2,▁v|ùi,1,False,1.0,True,False,False
vùi,nfd,2,▁vu|̀i,1.5,False,0.0,False,False,False
vùn,nfc,2,▁v|ùn,1,False,1.0,True,False,False
vùn,nfd,2,▁vu|̀n,1.5,False,0.0,False,False,False
vùng,nfc,1,▁vùng,,True,1.0,False,False,False
vùng,nfd,2,▁vu|̀ng,1.5,False,0.0,False,False,False
vú,nfc,2,▁v|ú,1,False,1.0,True,False,False
vú,nfd,2,▁vu|́,1.5,False,0.0,False,True,False
vúc,nfc,2,▁v|úc,1,False,1.0,True,False,False
vúc,nfd,2,▁vu|́c,1.5,False,0.0,False,False,False
vút,nfc,2,▁v|út,1,False,1.0,True,False,False
vút,nfd,2,▁vu|́t,1.5,False,0.0,False,False,False
văn,nfc,1,▁văn,,True,1.0,False,False,False
văn,nfd,3,▁va|̆|n,1.5|2,False,0.5,False,False,False
văng,nfc,2,▁v|ăng,1,False,1.0,True,False,False
văng,nfd,3,▁va|̆|ng,1.5|2,False,0.5,False,False,False
vĩ,nfc,2,▁v|ĩ,1,False,1.0,True,False,False
vĩ,nfd,2,▁vi|̃,1.5,False,0.0,False,True,False
vĩnh,nfc,1,▁vĩnh,,True,1.0,False,False,False
vĩnh,nfd,3,▁vi|̃|nh,1.5|2,False,0.5,False,True,False
vũ,nfc,1,▁vũ,,True,1.0,False,False,False
vũ,nfd,2,▁vu|̃,1.5,False,0.0,False,True,False
vũm,nfc,2,▁vũ|m,2,False,1.0,False,False,False
vũm,nfd,3,▁vu|̃|m,1.5|2,False,0.5,False,True,False
vũng,nfc,2,▁v|ũng,1,False,1.0,True,False,False
vũng,nfd,3,▁vu|̃|ng,1.5|2,False,0.5,False,True,False
vơ,nfc,2,▁v|ơ,1,False,1.0,True,False,False
vơ,nfd,2,▁vo|̛,1.5,False,0.0,False,False,False
vơi,nfc,2,▁v|ơi,1,False,1.0,True,False,False
vơi,nfd,3,▁vo|̛|i,1.5|2,False,0.5,False,False,False
vưng,nfc,2,▁v|ưng,1,False,1.0,True,False,False
vưng,nfd,3,▁vu|̛|ng,1.5|2,False,0.5,False,False,False
vưu,nfc,2,▁v|ưu,1,False,1.0,True,False,False
vưu,nfd,3,▁vu|̛|u,1.5|2,False,0.5,False,False,False
vươn,nfc,3,▁v|ươ|n,1|3,False,1.0,True,False,False
vươn,nfd,5,▁vu|̛|o|̛|n,1.5|2|2.5|3,False,0.25,False,False,False
vương,nfc,1,▁vương,,True,1.0,False,False,False
vương,nfd,5,▁vu|̛|o|̛|ng,1.5|2|2.5|3,False,0.25,False,False,False
vướng,nfc,2,▁v|ướng,1,False,1.0,True,False,False
vướng,nfd,5,▁vu|̛|o|̛|́ng,1.5|2|2.5|2.5,False,0.0,False,False,False
vườn,nfc,1,▁vườn,,True,1.0,False,False,False
vườn,nfd,5,▁vu|̛|o|̛|̀n,1.5|2|2.5|2.5,False,0.0,False,False,False
vưởng,nfc,2,▁v|ưởng,1,False,1.0,True,False,False
vưởng,nfd,6,▁vu|̛|o|̛|̉|ng,1.5|2|2.5|2.5|3,False,0.2,False,True,False
vược,nfc,2,▁v|ược,1,False,1.0,True,False,False
vược,nfd,5,▁vu|̛|o|̛|̣c,1.5|2|2.5|2.5,False,0.0,False,False,False
vượn,nfc,3,▁v|ượ|n,1|3,False,1.0,True,False,False
vượn,nfd,5,▁vu|̛|o|̛|̣n,1.5|2|2.5|2.5,False,0.0,False,False,False
vượng,nfc,2,▁v|ượng,1,False,1.0,True,False,False
vượng,nfd,5,▁vu|̛|o|̛|̣ng,1.5|2|2.5|2.5,False,0.0,False,False,False
vượt,nfc,1,▁vượt,,True,1.0,False,False,False
vượt,nfd,5,▁vu|̛|o|̛|̣t,1.5|2|2.5|2.5,False,0.0,False,False,False
vạ,nfc,2,▁v|ạ,1,False,1.0,True,False,False
vạ,nfd,2,▁va|̣,1.5,False,0.0,False,True,False
vạc,nfc,2,▁v|ạc,1,False,1.0,True,False,False
vạc,nfd,2,▁va|̣c,1.5,False,0.0,False,False,False
vạch,nfc,2,▁v|ạch,1,False,1.0,True,False,False
vạch,nfd,3,▁va|̣|ch,1.5|2,False,0.5,False,True,False
vại,nfc,2,▁v|ại,1,False,1.0,True,False,False
vại,nfd,2,▁va|̣i,1.5,False,0.0,False,False,False
vạm,nfc,2,▁v|ạm,1,False,1.0,True,False,False
vạm,nfd,3,▁va|̣|m,1.5|2,False,0.5,False,True,False
vạn,nfc,1,▁vạn,,True,1.0,False,False,False
vạn,nfd,2,▁va|̣n,1.5,False,0.0,False,False,False
vạng,nfc,2,▁v|ạng,1,False,1.0,True,False,False
vạng,nfd,2,▁va|̣ng,1.5,False,0.0,False,False,False
vạnh,nfc,2,▁v|ạnh,1,False,1.0,True,False,False
vạnh,nfd,3,▁va|̣|nh,1.5|2,False,0.5,False,True,False
vạp,nfc,2,▁v|ạp,1,False,1.0,True,False,False
vạp,nfd,3,▁va|̣|p,1.5|2,False,0.5,False,True,False
vạt,nfc,2,▁v|ạt,1,False,1.0,True,False,False
vạt,nfd,2,▁va|̣t,1.5,False,0.0,False,False,False
vạy,nfc,2,▁v|ạy,1,False,1.0,True,False,False
vạy,nfd,3,▁va|̣|y,1.5|2,False,0.5,False,True,False
vả,nfc,2,▁v|ả,1,False,1.0,True,False,False
vả,nfd,2,▁va|̉,1.5,False,0.0,False,True,False
vải,nfc,1,▁vải,,True,1.0,False,False,False
vải,nfd,3,▁va|̉|i,1.5|2,False,0.5,False,True,False
vảng,nfc,2,▁v|ảng,1,False,1.0,True,False,False
vảng,nfd,3,▁va|̉|ng,1.5|2,False,0.5,False,True,False
vảy,nfc,2,▁v|ảy,1,False,1.0,True,False,False
vảy,nfd,3,▁va|̉|y,1.5|2,False,0.5,False,True,False
vấn,nfc,1,▁vấn,,True,1.0,False,False,False
vấn,nfd,3,▁va|̂|́n,1.5|1.5,False,0.0,False,False,False
vấp,nfc,2,▁v|ấp,1,False,1.0,True,False,False
vấp,nfd,4,▁va|̂|́|p,1.5|1.5|2,False,0.3333333333333333,False,True,False
vất,nfc,2,▁v|ất,1,False,1.0,True,False,False
vất,nfd,3,▁va|̂|́t,1.5|1.5,False,0.0,False,False,False
vấu,nfc,2,▁v|ấu,1,False,1.0,True,False,False
vấu,nfd,4,▁va|̂|́|u,1.5|1.5|2,False,0.3333333333333333,False,True,False
vấy,nfc,2,▁v|ấy,1,False,1.0,True,False,False
vấy,nfd,4,▁va|̂|́|y,1.5|1.5|2,False,0.3333333333333333,False,True,False
vần,nfc,2,▁v|ần,1,False,1.0,True,False,False
vần,nfd,3,▁va|̂|̀n,1.5|1.5,False,0.0,False,False,False
vầng,nfc,2,▁v|ầng,1,False,1.0,True,False,False
vầng,nfd,3,▁va|̂|̀ng,1.5|1.5,False,0.0,False,False,False
vầu,nfc,2,▁v|ầu,1,False,1.0,True,False,False
vầu,nfd,3,▁va|̂|̀u,1.5|1.5,False,0.0,False,False,False
vầy,nfc,2,▁v|ầy,1,False,1.0,True,False,False
vầy,nfd,4,▁va|̂|̀|y,1.5|1.5|2,False,0.3333333333333333,False,True,False
vẩn,nfc,2,▁v|ẩn,1,False,1.0,True,False,False
vẩn,nfd,4,▁va|̂|̉|n,1.5|1.5|2,False,0.3333333333333333,False,True,False
vẩu,nfc,2,▁v|ẩu,1,False,1.0,True,False,False
vẩu,nfd,4,▁va|̂|̉|u,1.5|1.5|2,False,0.3333333333333333,False,True,False
vẩy,nfc,2,▁v|ẩy,1,False,1.0,True,False,False
vẩy,nfd,4,▁va|̂|̉|y,1.5|1.5|2,False,0.3333333333333333,False,True,False
vẫn,nfc,1,▁vẫn,,True,1.0,False,False,False
vẫn,nfd,4,▁va|̂|̃|n,1.5|1.5|2,False,0.3333333333333333,False,True,False
vẫy,nfc,2,▁v|ẫy,1,False,1.0,True,False,False
vẫy,nfd,4,▁va|̂|̃|y,1.5|1.5|2,False,0.3333333333333333,False,True,False
vậm,nfc,2,▁v|ậm,1,False,1.0,True,False,False
vậm,nfd,4,▁va|̣|̂|m,1.5|1.5|2,False,0.3333333333333333,False,True,False
vận,nfc,1,▁vận,,True,1.0,False,False,False
vận,nfd,4,▁va|̣|̂|n,1.5|1.5|2,False,0.3333333333333333,False,True,False
vập,nfc,2,▁v|ập,1,False,1.0,True,False,False
vập,nfd,4,▁va|̣|̂|p,1.5|1.5|2,False,0.3333333333333333,False,True,False
vật,nfc,1,▁vật,,True,1.0,False,False,False
vật,nfd,4,▁va|̣|̂|t,1.5|1.5|2,False,0.3333333333333333,False,True,False
vậy,nfc,1,▁vậy,,True,1.0,False,False,False
vậy,nfd,4,▁va|̣|̂|y,1.5|1.5|2,False,0.3333333333333333,False,True,False
vắc,nfc,2,▁v|ắc,1,False,1.0,True,False,False
vắc,nfd,3,▁va|̆|́c,1.5|1.5,False,0.0,False,False,False
vắn,nfc,2,▁v|ắn,1,False,1.0,True,False,False
vắn,nfd,3,▁va|̆|́n,1.5|1.5,False,0.0,False,False,False
vắng,nfc,2,▁v|ắng,1,False,1.0,True,False,False
vắng,nfd,3,▁va|̆|́ng,1.5|1.5,False,0.0,False,False,False
vắt,nfc,2,▁v|ắt,1,False,1.0,True,False,False
vắt,nfd,3,▁va|̆|́t,1.5|1.5,False,0.0,False,False,False
vằm,nfc,2,▁v|ằm,1,False,1.0,True,False,False
vằm,nfd,4,▁va|̆|̀|m,1.5|1.5|2,False,0.3333333333333333,False,True,False
vằn,nfc,3,▁v|ằ|n,1|2,False,1.0,True,False,False
vằn,nfd,3,▁va|̆|̀n,1.5|1.5,False,0.0,False,False,False
vằng,nfc,2,▁v|ằng,1,False,1.0,True,False,False
vằng,nfd,3,▁va|̆|̀ng,1.5|1.5,False,0.0,False,False,False
vẳng,nfc,2,▁v|ẳng,1,False,1.0,True,False,False
vẳng,nfd,4,▁va|̆|̉|ng,1.5|1.5|2,False,0.3333333333333333,False,True,False
vặc,nfc,2,▁v|ặc,1,False,1.0,True,False,False
vặc,nfd,4,▁va|̣|̆|c,1.5|1.5|2,False,0.3333333333333333,False,True,False
vặn,nfc,2,▁v|ặn,1,False,1.0,True,False,False
vặn,nfd,4,▁va|̣|̆|n,1.5|1.5|2,False,0.3333333333333333,False,True,False
vặt,nfc,2,▁v|ặt,1,False,1.0,True,False,False
vặt,nfd,4,▁va|̣|̆|t,1.5|1.5|2,False,0.3333333333333333,False,True,False
vẹm,nfc,3,▁v|ẹ|m,1|2,False,1.0,True,False,False
vẹm,nfd,3,▁ve|̣|m,1.5|2,False,0.5,False,True,False
vẹn,nfc,2,▁v|ẹn,1,False,1.0,True,False,False
vẹn,nfd,2,▁ve|̣n,1.5,False,0.0,False,False,False
vẹo,nfc,2,▁v|ẹo,1,False,1.0,True,False,False
vẹo,nfd,3,▁ve|̣|o,1.5|2,False,0.5,False,True,False
vẹt,nfc,3,▁v|ẹ|t,1|2,False,1.0,True,False,False
vẹt,nfd,2,▁ve|̣t,1.5,False,0.0,False,False,False
vẻ,nfc,1,▁vẻ,,True,1.0,False,False,False
vẻ,nfd,2,▁ve|̉,1.5,False,0.0,False,True,False
vẻn,nfc,2,▁vẻ|n,2,False,1.0,False,False,False
vẻn,nfd,3,▁ve|̉|n,1.5|2,False,0.5,False,True,False
vẻo,nfc,2,▁vẻ|o,2,False,1.0,False,False,False
vẻo,nfd,3,▁ve|̉|o,1.5|2,False,0.5,False,True,False
vẽ,nfc,1,▁vẽ,,True,1.0,False,False,False
vẽ,nfd,2,▁ve|̃,1.5,False,0.0,False,True,False
vế,nfc,2,▁v|ế,1,False,1.0,True,False,False
vế,nfd,3,▁ve|̂|́,1.5|1.5,False,0.0,False,True,False
vếch,nfc,3,▁v|ế|ch,1|2,False,1.0,True,False,False
vếch,nfd,4,▁ve|̂|́|ch,1.5|1.5|2,False,0.3333333333333333,False,True,False
vết,nfc,1,▁vết,,True,1.0,False,False,False
vết,nfd,3,▁ve|̂|́t,1.5|1.5,False,0.0,False,False,False
vếu,nfc,2,▁v|ếu,1,False,1.0,True,False,False
vếu,nfd,4,▁ve|̂|́|u,1.5|1.5|2,False,0.3333333333333333,False,True,False
về,nfc,1,▁về,,True,1.0,False,False,False
về,nfd,3,▁ve|̂|̀,1.5|1.5,False,0.0,False,True,False
vền,nfc,2,▁v|ền,1,False,1.0,True,False,False
vền,nfd,3,▁ve|̂|̀n,1.5|1.5,False,0.0,False,False,False
vều,nfc,2,▁v|ều,1,False,1.0,True,False,False
vều,nfd,3,▁ve|̂|̀u,1.5|1.5,False,0.0,False,False,False
vểnh,nfc,3,▁v|ể|nh,1|2,False,1.0,True,False,False
vểnh,nfd,4,▁ve|̂|̉|nh,1.5|1.5|2,False,0.3333333333333333,False,True,False
vệ,nfc,1,▁vệ,,True,1.0,False,False,False
vệ,nfd,3,▁ve|̣|̂,1.5|1.5,False,0.0,False,True,False
vện,nfc,2,▁v|ện,1,False,1.0,True,False,False
vện,nfd,4,▁ve|̣|̂|n,1.5|1.5|2,False,0.3333333333333333,False,True,False
vệt,nfc,2,▁v|ệt,1,False,1.0,True,False,False
vệt,nfd,4,▁ve|̣|̂|t,1.5|1.5|2,False,0.3333333333333333,False,True,False
vỉ,nfc,2,▁v|ỉ,1,False,1.0,True,False,False
vỉ,nfd,2,▁vi|̉,1.5,False,0.0,False,True,False
vỉa,nfc,3,▁v|ỉ|a,1|2,False,0.5,True,False,False
vỉa,nfd,3,▁vi|̉|a,1.5|2,False,0.0,False,True,False
vị,nfc,1,▁vị,,True,1.0,False,False,False
vị,nfd,2,▁vi|̣,1.5,False,0.0,False,True,False
vịm,nfc,2,▁vị|m,2,False,1.0,False,False,False
vịm,nfd,3,▁vi|̣|m,1.5|2,False,0.5,False,True,False
vịn,nfc,2,▁vị|n,2,False,1.0,False,False,False
vịn,nfd,2,▁vi|̣n,1.5,False,0.0,False,False,False
vịnh,nfc,2,▁vị|nh,2,False,1.0,False,False,False
vịnh,nfd,3,▁vi|̣|nh,1.5|2,False,0.5,False,True,False
vịt,nfc,2,▁vị|t,2,False,1.0,False,False,False
vịt,nfd,2,▁vi|̣t,1.5,False,0.0,False,False,False
vọ,nfc,2,▁v|ọ,1,False,1.0,True,False,False
vọ,nfd,2,▁vo|̣,1.5,False,0.0,False,True,False
vọc,nfc,2,▁v|ọc,1,False,1.0,True,False,False
vọc,nfd,2,▁vo|̣c,1.5,False,0.0,False,False,False
vọi,nfc,2,▁v|ọi,1,False,1.0,True,False,False
vọi,nfd,2,▁vo|̣i,1.5,False,0.0,False,False,False
vọng,nfc,1,▁vọng,,True,1.0,False,False,False
vọng,nfd,2,▁vo|̣ng,1.5,False,0.0,False,False,False
vọp,nfc,3,▁v|ọ|p,1|2,False,1.0,True,False,False
vọp,nfd,3,▁vo|̣|p,1.5|2,False,0.5,False,True,False
vọt,nfc,2,▁v|ọt,1,False,1.0,True,False,False
vọt,nfd,2,▁vo|̣t,1.5,False,0.0,False,False,False
vỏ,nfc,1,▁vỏ,,True,1.0,False,False,False
vỏ,nfd,2,▁vo|̉,1.5,False,0.0,False,True,False
vỏn,nfc,2,▁vỏ|n,2,False,1.0,False,False,False
vỏn,nfd,3,▁vo|̉|n,1.5|2,False,0.5,False,True,False
vỏng,nfc,2,▁v|ỏng,1,False,1.0,True,False,False
vỏng,nfd,3,▁vo|̉|ng,1.5|2,False,0.5,False,True,False
vố,nfc,2,▁v|ố,1,False,1.0,True,False,False
vố,nfd,3,▁vo|̂|́,1.5|1.5,False,0.0,False,True,False
vốc,nfc,2,▁v|ốc,1,False,1.0,True,False,False
vốc,nfd,3,▁vo|̂|́c,1.5|1.5,False,0.0,False,False,False
vối,nfc,2,▁v|ối,1,False,1.0,True,False,False
vối,nfd,3,▁vo|̂|́i,1.5|1.5,False,0.0,False,False,False
vốn,nfc,1,▁vốn,,True,1.0,False,False,False
vốn,nfd,3,▁vo|̂|́n,1.5|1.5,False,0.0,False,False,False
vống,nfc,2,▁v|ống,1,False,1.0,True,False,False
vống,nfd,3,▁vo|̂|́ng,1.5|1.5,False,0.0,False,False,False
vồ,nfc,2,▁v|ồ,1,False,1.0,True,False,False
vồ,nfd,3,▁vo|̂|̀,1.5|1.5,False,0.0,False,True,False
vồi,nfc,2,▁v|ồi,1,False,1.0,True,False,False
vồi,nfd,3,▁vo|̂|̀i,1.5|1.5,False,0.0,False,False,False
vồn,nfc,2,▁v|ồn,1,False,1.0,True,False,False
vồn,nfd,3,▁vo|̂|̀n,1.5|1.5,False,0.0,False,False,False
vồng,nfc,2,▁v|ồng,1,False,1.0,True,False,False
vồng,nfd,3,▁vo|̂|̀ng,1.5|1.5,False,0.0,False,False,False
vổ,nfc,2,▁v|ổ,1,False,1.0,True,False,False
vổ,nfd,3,▁vo|̂|̉,1.5|1.5,False,0.0,False,True,False
vổng,nfc,2,▁v|ổng,1,False,1.0,True,False,False
vổng,nfd,4,▁vo|̂|̉|ng,1.5|1.5|2,False,0.3333333333333333,False,True,False
vỗ,nfc,2,▁v|ỗ,1,False,1.0,True,False,False
vỗ,nfd,3,▁vo|̂|̃,1.5|1.5,False,0.0,False,True,False
vội,nfc,2,▁v|ội,1,False,1.0,True,False,False
vội,nfd,4,▁vo|̣|̂|i,1.5|1.5|2,False,0.3333333333333333,False,True,False
vớ,nfc,2,▁v|ớ,1,False,1.0,True,False,False
vớ,nfd,3,▁vo|̛|́,1.5|1.5,False,0.0,False,True,False
với,nfc,1,▁với,,True,1.0,False,False,False
với,nfd,3,▁vo|̛|́i,1.5|1.5,False,0.0,False,False,False
vớt,nfc,2,▁v|ớt,1,False,1.0,True,False,False
vớt,nfd,3,▁vo|̛|́t,1.5|1.5,False,0.0,False,False,False
vờ,nfc,2,▁v|ờ,1,False,1.0,True,False,False
vờ,nfd,3,▁vo|̛|̀,1.5|1.5,False,0.0,False,True,False
vời,nfc,1,▁vời,,True,1.0,False,False,False
vời,nfd,3,▁vo|̛|̀i,1.5|1.5,False,0.0,False,False,False
vờn,nfc,3,▁v|ờ|n,1|2,False,1.0,True,False,False
vờn,nfd,3,▁vo|̛|̀n,1.5|1.5,False,0.0,False,False,False
vở,nfc,2,▁v|ở,1,False,1.0,True,False,False
vở,nfd,3,▁vo|̛|̉,1.5|1.5,False,0.0,False,True,False
vởn,nfc,3,▁v|ở|n,1|2,False,1.0,True,False,False
vởn,nfd,4,▁vo|̛|̉|n,1.5|1.5|2,False,0.3333333333333333,False,True,False
vỡ,nfc,1,▁vỡ,,True,1.0,False,False,False
vỡ,nfd,3,▁vo|̛|̃,1.5|1.5,False,0.0,False,True,False
vợ,nfc,1,▁vợ,,True,1.0,False,False,False
vợ,nfd,3,▁vo|̛|̣,1.5|1.5,False,0.0,False,True,False
vợi,nfc,2,▁v|ợi,1,False,1.0,True,False,False
vợi,nfd,3,▁vo|̛|̣i,1.5|1.5,False,0.0,False,False,False
vợt,nfc,2,▁vợ|t,2,False,1.0,False,False,False
vợt,nfd,3,▁vo|̛|̣t,1.5|1.5,False,0.0,False,False,False
vụ,nfc,1,▁vụ,,True,1.0,False,False,False
vụ,nfd,2,▁vu|̣,1.5,False,0.0,False,True,False
vục,nfc,2,▁v|ục,1,False,1.0,True,False,False
vục,nfd,2,▁vu|̣c,1.5,False,0.0,False,False,False
vụn,nfc,2,▁vụ|n,2,False,1.0,False,False,False
vụn,nfd,2,▁vu|̣n,1.5,False,0.0,False,False,False
vụng,nfc,2,▁vụ|ng,2,False,1.0,False,False,False
vụng,nfd,2,▁vu|̣ng,1.5,False,0.0,False,False,False
vụt,nfc,2,▁vụ|t,2,False,1.0,False,False,False
vụt,nfd,2,▁vu|̣t,1.5,False,0.0,False,False,False
vức,nfc,2,▁v|ức,1,False,1.0,True,False,False
vức,nfd,3,▁vu|̛|́c,1.5|1.5,False,0.0,False,False,False
vứt,nfc,2,▁v|ứt,1,False,1.0,True,False,False
vứt,nfd,3,▁vu|̛|́t,1.5|1.5,False,0.0,False,False,False
vừa,nfc,1,▁vừa,,True,1.0,False,False,False
vừa,nfd,4,▁vu|̛|̀|a,1.5|1.5|2,False,0.0,False,True,False
vừng,nfc,2,▁v|ừng,1,False,1.0,True,False,False
vừng,nfd,3,▁vu|̛|̀ng,1.5|1.5,False,0.0,False,False,False
vửng,nfc,3,▁v|ử|ng,1|2,False,1.0,True,False,False
vửng,nfd,4,▁vu|̛|̉|ng,1.5|1.5|2,False,0.3333333333333333,False,True,False
vữa,nfc,2,▁v|ữa,1,False,1.0,True,False,False
vữa,nfd,4,▁vu|̛|̃|a,1.5|1.5|2,False,0.0,False,True,False
vững,nfc,1,▁vững,,True,1.0,False,False,False
vững,nfd,4,▁vu|̛|̃|ng,1.5|1.5|2,False,0.3333333333333333,False,True,False
vựa,nfc,2,▁v|ựa,1,False,1.0,True,False,False
vựa,nfd,4,▁vu|̛|̣|a,1.5|1.5|2,False,0.0,False,True,False
vực,nfc,1,▁vực,,True,1.0,False,False,False
vực,nfd,3,▁vu|̛|̣c,1.5|1.5,False,0.0,False,False,False
vựng,nfc,2,▁v|ựng,1,False,1.0,True,False,False
vựng,nfd,3,▁vu|̛|̣ng,1.5|1.5,False,0.0,False,False,False
xa,nfc,1,▁xa,,True,1.0,False,False,False
xa,nfd,1,▁xa,,True,1.0,False,False,False
xam,nfc,2,▁x|am,1,False,1.0,True,False,False
xam,nfd,2,▁x|am,1,False,1.0,True,False,False
xan,nfc,1,▁xan,,True,1.0,False,False,False
xan,nfd,1,▁xan,,True,1.0,False,False,False
xang,nfc,2,▁x|ang,1,False,1.0,True,False,False
xang,nfd,2,▁x|ang,1,False,1.0,True,False,False
xanh,nfc,1,▁xanh,,True,1.0,False,False,False
xanh,nfd,1,▁xanh,,True,1.0,False,False,False
xao,nfc,2,▁x|ao,1,False,1.0,True,False,False
xao,nfd,2,▁x|ao,1,False,1.0,True,False,False
xay,nfc,1,▁xay,,True,1.0,False,False,False
xay,nfd,1,▁xay,,True,1.0,False,False,False
xe,nfc,1,▁xe,,True,1.0,False,False,False
xe,nfd,1,▁xe,,True,1.0,False,False,False
xem,nfc,1,▁xem,,True,1.0,False,False,False
xem,nfd,1,▁xem,,True,1.0,False,False,False
xen,nfc,1,▁xen,,True,1.0,False,False,False
xen,nfd,1,▁xen,,True,1.0,False,False,False
xeo,nfc,2,▁x|eo,1,False,1.0,True,False,False
xeo,nfd,2,▁x|eo,1,False,1.0,True,False,False
xi,nfc,1,▁xi,,True,1.0,False,False,False
xi,nfd,1,▁xi,,True,1.0,False,False,False
xia,nfc,1,▁xia,,True,1.0,False,False,False
xia,nfd,1,▁xia,,True,1.0,False,False,False
xim,nfc,2,▁x|im,1,False,1.0,True,False,False
xim,nfd,2,▁x|im,1,False,1.0,True,False,False
xin,nfc,1,▁xin,,True,1.0,False,False,False
xin,nfd,1,▁xin,,True,1.0,False,False,False
xinh,nfc,1,▁xinh,,True,1.0,False,False,False
xinh,nfd,1,▁xinh,,True,1.0,False,False,False
xit,nfc,2,▁x|it,1,False,1.0,True,False,False
xit,nfd,2,▁x|it,1,False,1.0,True,False,False
xiêm,nfc,2,▁xi|êm,2,False,0.0,False,False,False
xiêm,nfd,4,▁x|ie|̂|m,1|2.5|3,False,0.6666666666666666,True,False,False
xiên,nfc,2,▁xi|ên,2,False,0.0,False,False,False
xiên,nfd,4,▁x|ie|̂|n,1|2.5|3,False,0.6666666666666666,True,False,False
xiêu,nfc,2,▁xi|êu,2,False,0.0,False,False,False
xiêu,nfd,4,▁x|ie|̂|u,1|2.5|3,False,0.6666666666666666,True,False,False
xiếc,nfc,2,▁xi|ếc,2,False,0.0,False,False,False
xiếc,nfd,4,▁x|ie|̂|́c,1|2.5|2.5,False,0.3333333333333333,True,False,False
xiết,nfc,2,▁xi|ết,2,False,0.0,False,False,False
xiết,nfd,4,▁x|ie|̂|́t,1|2.5|2.5,False,0.3333333333333333,True,False,False
xiềng,nfc,3,▁xi|ề|ng,2|3,False,0.5,False,False,False
xiềng,nfd,4,▁x|ie|̂|̀ng,1|2.5|2.5,False,0.3333333333333333,True,False,False
xiểm,nfc,2,▁xi|ểm,2,False,0.0,False,False,False
xiểm,nfd,5,▁x|ie|̂|̉|m,1|2.5|2.5|3,False,0.5,True,True,False
xiển,nfc,2,▁xi|ển,2,False,0.0,False,False,False
xiển,nfd,5,▁x|ie|̂|̉|n,1|2.5|2.5|3,False,0.5,True,True,False
xiểng,nfc,3,▁xi|ể|ng,2|3,False,0.5,False,False,False
xiểng,nfd,5,▁x|ie|̂|̉|ng,1|2.5|2.5|3,False,0.5,True,True,False
xo,nfc,1,▁xo,,True,1.0,False,False,False
xo,nfd,1,▁xo,,True,1.0,False,False,False
xoa,nfc,2,▁x|oa,1,False,1.0,True,False,False
xoa,nfd,2,▁x|oa,1,False,1.0,True,False,False
xoan,nfc,2,▁xo|an,2,False,1.0,False,False,False
xoan,nfd,2,▁xo|an,2,False,1.0,False,False,False
xoang,nfc,2,▁xo|ang,2,False,1.0,False,False,False
xoang,nfd,2,▁xo|ang,2,False,1.0,False,False,False
xoay,nfc,1,▁xoay,,True,1.0,False,False,False
xoay,nfd,1,▁xoay,,True,1.0,False,False,False
xoe,nfc,2,▁x|oe,1,False,1.0,True,False,False
xoe,nfd,2,▁x|oe,1,False,1.0,True,False,False
xoen,nfc,2,▁xo|en,2,False,1.0,False,False,False
xoen,nfd,2,▁xo|en,2,False,1.0,False,False,False
xoi,nfc,2,▁x|oi,1,False,1.0,True,False,False
xoi,nfd,2,▁x|oi,1,False,1.0,True,False,False
xom,nfc,2,▁x|om,1,False,1.0,True,False,False
xom,nfd,2,▁x|om,1,False,1.0,True,False,False
xon,nfc,2,▁x|on,1,False,1.0,True,False,False
xon,nfd,2,▁x|on,1,False,1.0,True,False,False
xong,nfc,1,▁xong,,True,1.0,False,False,False
xong,nfd,1,▁xong,,True,1.0,False,False,False
xoong,nfc,2,▁xo|ong,2,False,0.0,False,False,False
xoong,nfd,2,▁xo|ong,2,False,0.0,False,False,False
xoà,nfc,2,▁xo|à,2,False,1.0,False,False,False
xoà,nfd,3,▁x|oa|̀,1|2.5,False,0.5,True,True,False
xoài,nfc,2,▁xo|ài,2,False,1.0,False,False,False
xoài,nfd,3,▁x|oa|̀i,1|2.5,False,0.5,True,False,False
xoàm,nfc,2,▁xo|àm,2,False,1.0,False,False,False
xoàm,nfd,4,▁x|oa|̀|m,1|2.5|3,False,0.6666666666666666,True,True,False
xoàn,nfc,2,▁xo|àn,2,False,1.0,False,False,False
xoàn,nfd,3,▁x|oa|̀n,1|2.5,False,0.5,True,False,False
xoàng,nfc,2,▁xo|àng,2,False,1.0,False,False,False
xoàng,nfd,3,▁x|oa|̀ng,1|2.5,False,0.5,True,False,False
xoành,nfc,2,▁xo|ành,2,False,1.0,False,False,False
xoành,nfd,3,▁x|oa|̀nh,1|2.5,False,0.5,True,False,False
xoá,nfc,2,▁xo|á,2,False,1.0,False,False,False
xoá,nfd,3,▁x|oa|́,1|2.5,False,0.5,True,True,False
xoác,nfc,2,▁xo|ác,2,False,1.0,False,False,False
xoác,nfd,3,▁x|oa|́c,1|2.5,False,0.5,True,False,False
xoát,nfc,2,▁xo|át,2,False,1.0,False,False,False
xoát,nfd,3,▁x|oa|́t,1|2.5,False,0.5,True,False,False
xoáy,nfc,2,▁xo|áy,2,False,1.0,False,False,False
xoáy,nfd,4,▁x|oa|́|y,1|2.5|3,False,0.6666666666666666,True,True,False
xoã,nfc,2,▁xo|ã,2,False,1.0,False,False,False
xoã,nfd,3,▁x|oa|̃,1|2.5,False,0.5,True,True,False
xoè,nfc,2,▁xo|è,2,False,1.0,False,False,False
xoè,nfd,3,▁x|oe|̀,1|2.5,False,0.5,True,True,False
xoèn,nfc,2,▁xo|èn,2,False,1.0,False,False,False
xoèn,nfd,3,▁x|oe|̀n,1|2.5,False,0.5,True,False,False
xoét,nfc,2,▁xo|ét,2,False,1.0,False,False,False
xoét,nfd,3,▁x|oe|́t,1|2.5,False,0.5,True,False,False
xoăn,nfc,2,▁xo|ăn,2,False,1.0,False,False,False
xoăn,nfd,4,▁x|oa|̆|n,1|2.5|3,False,0.6666666666666666,True,False,False
xoạc,nfc,2,▁xo|ạc,2,False,1.0,False,False,False
xoạc,nfd,3,▁x|oa|̣c,1|2.5,False,0.5,True,False,False
xoạch,nfc,2,▁xo|ạch,2,False,1.0,False,False,False
xoạch,nfd,4,▁x|oa|̣|ch,1|2.5|3,False,0.6666666666666666,True,True,False
xoạng,nfc,2,▁xo|ạng,2,False,1.0,False,False,False
xoạng,nfd,3,▁x|oa|̣ng,1|2.5,False,0.5,True,False,False
xoả,nfc,2,▁xo|ả,2,False,1.0,False,False,False
xoả,nfd,3,▁x|oa|̉,1|2.5,False,0.5,True,True,False
xoải,nfc,2,▁xo|ải,2,False,1.0,False,False,False
xoải,nfd,4,▁x|oa|̉|i,1|2.5|3,False,0.6666666666666666,True,True,False
xoảng,nfc,2,▁xo|ảng,2,False,1.0,False,False,False
xoảng,nfd,4,▁x|oa|̉|ng,1|2.5|3,False,0.6666666666666666,True,True,False
xoắn,nfc,2,▁xo|ắn,2,False,1.0,False,False,False
xoắn,nfd,4,▁x|oa|̆|́n,1|2.5|2.5,False,0.3333333333333333,True,False,False
xoẹ,nfc,2,▁xo|ẹ,2,False,1.0,False,False,False
xoẹ,nfd,3,▁x|oe|̣,1|2.5,False,0.5,True,True,False
xoẹt,nfc,3,▁xo|ẹ|t,2|3,False,1.0,False,False,False
xoẹt,nfd,3,▁x|oe|̣t,1|2.5,False,0.5,True,False,False
xu,nfc,1,▁xu,,True,1.0,False,False,False
xu,nfd,1,▁xu,,True,1.0,False,False,False
xua,nfc,2,▁x|ua,1,False,1.0,True,False,False
xua,nfd,2,▁x|ua,1,False,1.0,True,False,False
xui,nfc,2,▁x|ui,1,False,1.0,True,False,False
xui,nfd,2,▁x|ui,1,False,1.0,True,False,False
xum,nfc,2,▁x|um,1,False,1.0,True,False,False
xum,nfd,2,▁x|um,1,False,1.0,True,False,False
xung,nfc,1,▁xung,,True,1.0,False,False,False
xung,nfd,1,▁xung,,True,1.0,False,False,False
xuy,nfc,2,▁x|uy,1,False,1.0,True,False,False
xuy,nfd,2,▁x|uy,1,False,1.0,True,False,False
xuya,nfc,2,▁xu|ya,2,False,1.0,False,False,False
xuya,nfd,2,▁xu|ya,2,False,1.0,False,False,False
xuynh,nfc,2,▁xu|ynh,2,False,1.0,False,False,False
xuynh,nfd,2,▁xu|ynh,2,False,1.0,False,False,False
xuyên,nfc,1,▁xuyên,,True,1.0,False,False,False
xuyên,nfd,4,▁xu|ye|̂|n,2|3.5|4,False,0.6666666666666666,False,False,False
xuyến,nfc,3,▁x|uy|ến,1|3,False,0.5,True,False,False
xuyến,nfd,4,▁xu|ye|̂|́n,2|3.5|3.5,False,0.3333333333333333,False,False,False
xuyết,nfc,3,▁x|uy|ết,1|3,False,0.5,True,False,False
xuyết,nfd,4,▁xu|ye|̂|́t,2|3.5|3.5,False,0.3333333333333333,False,False,False
xuân,nfc,1,▁xuân,,True,1.0,False,False,False
xuân,nfd,4,▁x|ua|̂|n,1|2.5|3,False,0.6666666666666666,True,False,False
xuây,nfc,2,▁xu|ây,2,False,1.0,False,False,False
xuây,nfd,4,▁x|ua|̂|y,1|2.5|3,False,0.6666666666666666,True,False,False
xuê,nfc,2,▁xu|ê,2,False,1.0,False,False,False
xuê,nfd,3,▁x|ue|̂,1|2.5,False,0.5,True,False,False
xuôi,nfc,2,▁xu|ôi,2,False,0.0,False,False,False
xuôi,nfd,4,▁x|uo|̂|i,1|2.5|3,False,0.6666666666666666,True,False,False
xuý,nfc,2,▁xu|ý,2,False,1.0,False,False,False
xuý,nfd,3,▁x|uy|́,1|2.5,False,0.5,True,True,False
xuýt,nfc,2,▁xu|ýt,2,False,1.0,False,False,False
xuýt,nfd,3,▁x|uy|́t,1|2.5,False,0.5,True,False,False
xuất,nfc,1,▁xuất,,True,1.0,False,False,False
xuất,nfd,4,▁x|ua|̂|́t,1|2.5|2.5,False,0.3333333333333333,True,False,False
xuẩn,nfc,2,▁xu|ẩn,2,False,1.0,False,False,False
xuẩn,nfd,5,▁x|ua|̂|̉|n,1|2.5|2.5|3,False,0.5,True,True,False
xuề,nfc,2,▁xu|ề,2,False,1.0,False,False,False
xuề,nfd,4,▁x|ue|̂|̀,1|2.5|2.5,False,0.3333333333333333,True,True,False
xuềnh,nfc,3,▁xu|ề|nh,2|3,False,1.0,False,False,False
xuềnh,nfd,4,▁x|ue|̂|̀nh,1|2.5|2.5,False,0.3333333333333333,True,False,False
xuể,nfc,2,▁xu|ể,2,False,1.0,False,False,False
xuể,nfd,4,▁x|ue|̂|̉,1|2.5|2.5,False,0.3333333333333333,True,True,False
xuệch,nfc,3,▁xu|ệ|ch,2|3,False,1.0,False,False,False
xuệch,nfd,5,▁x|ue|̣|̂|ch,1|2.5|2.5|3,False,0.5,True,True,False
xuống,nfc,1,▁xuống,,True,1.0,False,False,False
xuống,nfd,4,▁x|uo|̂|́ng,1|2.5|2.5,False,0.3333333333333333,True,False,False
xuồng,nfc,2,▁xu|ồng,2,False,0.0,False,False,False
xuồng,nfd,4,▁x|uo|̂|̀ng,1|2.5|2.5,False,0.3333333333333333,True,False,False
xuổng,nfc,2,▁xu|ổng,2,False,0.0,False,False,False
xuổng,nfd,5,▁x|uo|̂|̉|ng,1|2.5|2.5|3,False,0.5,True,True,False
xuỳ,nfc,2,▁xu|ỳ,2,False,1.0,False,False,False
xuỳ,nfd,3,▁x|uy|̀,1|2.5,False,0.5,True,True,False
xuỵt,nfc,3,▁xu|ỵ|t,2|3,False,1.0,False,False,False
xuỵt,nfd,3,▁x|uy|̣t,1|2.5,False,0.5,True,False,False
xà,nfc,2,▁x|à,1,False,1.0,True,False,False
xà,nfd,2,▁xa|̀,1.5,False,0.0,False,True,False
xài,nfc,2,▁x|ài,1,False,1.0,True,False,False
xài,nfd,2,▁xa|̀i,1.5,False,0.0,False,False,False
xàm,nfc,2,▁x|àm,1,False,1.0,True,False,False
xàm,nfd,3,▁xa|̀|m,1.5|2,False,0.5,False,True,False
xàng,nfc,2,▁x|àng,1,False,1.0,True,False,False
xàng,nfd,2,▁xa|̀ng,1.5,False,0.0,False,False,False
xành,nfc,2,▁x|ành,1,False,1.0,True,False,False
xành,nfd,2,▁xa|̀nh,1.5,False,0.0,False,False,False
xào,nfc,1,▁xào,,True,1.0,False,False,False
xào,nfd,3,▁xa|̀|o,1.5|2,False,0.5,False,True,False
xàu,nfc,2,▁x|àu,1,False,1.0,True,False,False
xàu,nfd,2,▁xa|̀u,1.5,False,0.0,False,False,False
xá,nfc,2,▁x|á,1,False,1.0,True,False,False
xá,nfd,2,▁xa|́,1.5,False,0.0,False,True,False
xác,nfc,1,▁xác,,True,1.0,False,False,False
xác,nfd,2,▁xa|́c,1.5,False,0.0,False,False,False
xách,nfc,1,▁xách,,True,1.0,False,False,False
xách,nfd,3,▁xa|́|ch,1.5|2,False,0.5,False,True,False
xái,nfc,2,▁x|ái,1,False,1.0,True,False,False
xái,nfd,2,▁xa|́i,1.5,False,0.0,False,False,False
xám,nfc,1,▁xám,,True,1.0,False,False,False
xám,nfd,3,▁xa|́|m,1.5|2,False,0.5,False,True,False
xán,nfc,2,▁x|án,1,False,1.0,True,False,False
xán,nfd,2,▁xa|́n,1.5,False,0.0,False,False,False
xáo,nfc,2,▁x|áo,1,False,1.0,True,False,False
xáo,nfd,3,▁xa|́|o,1.5|2,False,0.5,False,True,False
xáp,nfc,2,▁x|áp,1,False,1.0,True,False,False
xáp,nfd,3,▁xa|́|p,1.5|2,False,0.5,False,True,False
xát,nfc,2,▁x|át,1,False,1.0,True,False,False
xát,nfd,2,▁xa|́t,1.5,False,0.0,False,False,False
xáy,nfc,2,▁x|áy,1,False,1.0,True,False,False
xáy,nfd,3,▁xa|́|y,1.5|2,False,0.5,False,True,False
xâm,nfc,2,▁x|âm,1,False,1.0,True,False,False
xâm,nfd,3,▁xa|̂|m,1.5|2,False,0.5,False,False,False
xâu,nfc,2,▁x|âu,1,False,1.0,True,False,False
xâu,nfd,3,▁xa|̂|u,1.5|2,False,0.5,False,False,False
xây,nfc,1,▁xây,,True,1.0,False,False,False
xây,nfd,3,▁xa|̂|y,1.5|2,False,0.5,False,False,False
xã,nfc,1,▁xã,,True,1.0,False,False,False
xã,nfd,2,▁xa|̃,1.5,False,0.0,False,True,False
xè,nfc,2,▁x|è,1,False,1.0,True,False,False
xè,nfd,2,▁xe|̀,1.5,False,0.0,False,True,False
xèn,nfc,2,▁x|èn,1,False,1.0,True,False,False
xèn,nfd,2,▁xe|̀n,1.5,False,0.0,False,False,False
xèng,nfc,3,▁x|è|ng,1|2,False,1.0,True,False,False
xèng,nfd,2,▁xe|̀ng,1.5,False,0.0,False,False,False
xèo,nfc,2,▁x|èo,1,False,1.0,True,False,False
xèo,nfd,3,▁xe|̀|o,1.5|2,False,0.5,False,True,False
xé,nfc,2,▁x|é,1,False,1.0,True,False,False
xé,nfd,2,▁xe|́,1.5,False,0.0,False,True,False
xéc,nfc,2,▁x|éc,1,False,1.0,True,False,False
xéc,nfd,2,▁xe|́c,1.5,False,0.0,False,False,False
xén,nfc,2,▁x|én,1,False,1.0,True,False,False
xén,nfd,2,▁xe|́n,1.5,False,0.0,False,False,False
xéo,nfc,2,▁x|éo,1,False,1.0,True,False,False
xéo,nfd,3,▁xe|́|o,1.5|2,False,0.5,False,True,False
xép,nfc,2,▁x|ép,1,False,1.0,True,False,False
xép,nfd,3,▁xe|́|p,1.5|2,False,0.5,False,True,False
xét,nfc,1,▁xét,,True,1.0,False,False,False
xét,nfd,2,▁xe|́t,1.5,False,0.0,False,False,False
xê,nfc,2,▁x|ê,1,False,1.0,True,False,False
xê,nfd,2,▁xe|̂,1.5,False,0.0,False,False,False
xên,nfc,2,▁x|ên,1,False,1.0,True,False,False
xên,nfd,3,▁xe|̂|n,1.5|2,False,0.5,False,False,False
xênh,nfc,3,▁x|ê|nh,1|2,False,1.0,True,False,False
xênh,nfd,3,▁xe|̂|nh,1.5|2,False,0.5,False,False,False
xêu,nfc,2,▁x|êu,1,False,1.0,True,False,False
xêu,nfd,3,▁xe|̂|u,1.5|2,False,0.5,False,False,False
xì,nfc,2,▁x|ì,1,False,1.0,True,False,False
xì,nfd,2,▁xi|̀,1.5,False,0.0,False,True,False
xình,nfc,2,▁x|ình,1,False,1.0,True,False,False
xình,nfd,2,▁xi|̀nh,1.5,False,0.0,False,False,False
xìu,nfc,3,▁x|ì|u,1|2,False,1.0,True,False,False
xìu,nfd,2,▁xi|̀u,1.5,False,0.0,False,False,False
xí,nfc,1,▁xí,,True,1.0,False,False,False
xí,nfd,2,▁xi|́,1.5,False,0.0,False,True,False
xía,nfc,2,▁x|ía,1,False,1.0,True,False,False
xía,nfd,3,▁xi|́|a,1.5|2,False,0.0,False,True,False
xích,nfc,2,▁x|ích,1,False,1.0,True,False,False
xích,nfd,3,▁xi|́|ch,1.5|2,False,0.5,False,True,False
xính,nfc,2,▁x|ính,1,False,1.0,True,False,False
xính,nfd,3,▁xi|́|nh,1.5|2,False,0.5,False,True,False
xít,nfc,2,▁x|ít,1,False,1.0,True,False,False
xít,nfd,2,▁xi|́t,1.5,False,0.0,False,False,False
xíu,nfc,2,▁xí|u,2,False,1.0,False,False,False
xíu,nfd,3,▁xi|́|u,1.5|2,False,0.5,False,True,False
xòm,nfc,2,▁x|òm,1,False,1.0,True,False,False
xòm,nfd,3,▁xo|̀|m,1.5|2,False,0.5,False,True,False
xòng,nfc,2,▁x|òng,1,False,1.0,True,False,False
xòng,nfd,2,▁xo|̀ng,1.5,False,0.0,False,False,False
xó,nfc,2,▁x|ó,1,False,1.0,True,False,False
xó,nfd,2,▁xo|́,1.5,False,0.0,False,True,False
xóc,nfc,2,▁x|óc,1,False,1.0,True,False,False
xóc,nfd,2,▁xo|́c,1.5,False,0.0,False,False,False
xói,nfc,2,▁x|ói,1,False,1.0,True,False,False
xói,nfd,2,▁xo|́i,1.5,False,0.0,False,False,False
xóm,nfc,2,▁x|óm,1,False,1.0,True,False,False
xóm,nfd,3,▁xo|́|m,1.5|2,False,0.5,False,True,False
xón,nfc,2,▁x|ón,1,False,1.0,True,False,False
xón,nfd,2,▁xo|́n,1.5,False,0.0,False,False,False
xóp,nfc,2,▁x|óp,1,False,1.0,True,False,False
xóp,nfd,3,▁xo|́|p,1.5|2,False,0.5,False,True,False
xót,nfc,2,▁x|ót,1,False,1.0,True,False,False
xót,nfd,2,▁xo|́t,1.5,False,0.0,False,False,False
xô,nfc,2,▁x|ô,1,False,1.0,True,False,False
xô,nfd,2,▁xo|̂,1.5,False,0.0,False,False,False
xôi,nfc,2,▁x|ôi,1,False,1.0,True,False,False
xôi,nfd,3,▁xo|̂|i,1.5|2,False,0.5,False,False,False
xôm,nfc,2,▁x|ôm,1,False,1.0,True,False,False
xôm,nfd,3,▁xo|̂|m,1.5|2,False,0.5,False,False,False
xôn,nfc,2,▁x|ôn,1,False,1.0,True,False,False
xôn,nfd,3,▁xo|̂|n,1.5|2,False,0.5,False,False,False
xông,nfc,2,▁x|ông,1,False,1.0,True,False,False
xông,nfd,3,▁xo|̂|ng,1.5|2,False,0.5,False,False,False
xõm,nfc,3,▁x|õ|m,1|2,False,1.0,True,False,False
xõm,nfd,3,▁xo|̃|m,1.5|2,False,0.5,False,True,False
xõng,nfc,3,▁x|õ|ng,1|2,False,1.0,True,False,False
xõng,nfd,3,▁xo|̃|ng,1.5|2,False,0.5,False,True,False
xù,nfc,2,▁x|ù,1,False,1.0,True,False,False
xù,nfd,2,▁xu|̀,1.5,False,0.0,False,True,False
xùi,nfc,2,▁x|ùi,1,False,1.0,True,False,False
xùi,nfd,2,▁xu|̀i,1.5,False,0.0,False,False,False
xùm,nfc,2,▁x|ùm,1,False,1.0,True,False,False
xùm,nfd,3,▁xu|̀|m,1.5|2,False,0.5,False,True,False
xùng,nfc,2,▁x|ùng,1,False,1.0,True,False,False
xùng,nfd,2,▁xu|̀ng,1.5,False,0.0,False,False,False
xú,nfc,2,▁x|ú,1,False,1.0,True,False,False
xú,nfd,2,▁xu|́,1.5,False,0.0,False,True,False
xúc,nfc,1,▁xúc,,True,1.0,False,False,False
xúc,nfd,2,▁xu|́c,1.5,False,0.0,False,False,False
xúi,nfc,2,▁x|úi,1,False,1.0,True,False,False
xúi,nfd,2,▁xu|́i,1.5,False,0.0,False,False,False
xúm,nfc,3,▁x|ú|m,1|2,False,1.0,True,False,False
xúm,nfd,3,▁xu|́|m,1.5|2,False,0.5,False,True,False
xúng,nfc,2,▁x|úng,1,False,1.0,True,False,False
xúng,nfd,2,▁xu|́ng,1.5,False,0.0,False,False,False
xúp,nfc,2,▁x|úp,1,False,1.0,True,False,False
xúp,nfd,3,▁xu|́|p,1.5|2,False,0.5,False,True,False
xút,nfc,2,▁x|út,1,False,1.0,True,False,False
xút,nfd,2,▁xu|́t,1.5,False,0.0,False,False,False
xăm,nfc,1,▁xăm,,True,1.0,False,False,False
xăm,nfd,3,▁xa|̆|m,1.5|2,False,0.5,False,False,False
xăn,nfc,2,▁x|ăn,1,False,1.0,True,False,False
xăn,nfd,3,▁xa|̆|n,1.5|2,False,0.5,False,False,False
xăng,nfc,2,▁x|ăng,1,False,1.0,True,False,False
xăng,nfd,3,▁xa|̆|ng,1.5|2,False,0.5,False,False,False
xĩnh,nfc,2,▁x|ĩnh,1,False,1.0,True,False,False
xĩnh,nfd,3,▁xi|̃|nh,1.5|2,False,0.5,False,True,False
xũ,nfc,2,▁x|ũ,1,False,1.0,True,False,False
xũ,nfd,2,▁xu|̃,1.5,False,0.0,False,True,False
xơ,nfc,2,▁x|ơ,1,False,1.0,True,False,False
xơ,nfd,2,▁xo|̛,1.5,False,0.0,False,False,False
xơi,nfc,2,▁x|ơi,1,False,1.0,True,False,False
xơi,nfd,3,▁xo|̛|i,1.5|2,False,0.5,False,False,False
xơm,nfc,2,▁x|ơm,1,False,1.0,True,False,False
xơm,nfd,3,▁xo|̛|m,1.5|2,False,0.5,False,False,False
xơn,nfc,2,▁x|ơn,1,False,1.0,True,False,False
xơn,nfd,3,▁xo|̛|n,1.5|2,False,0.5,False,False,False
xưa,nfc,1,▁xưa,,True,1.0,False,False,False
xưa,nfd,3,▁xu|̛|a,1.5|2,False,0.0,False,False,False
xưng,nfc,2,▁x|ưng,1,False,1.0,True,False,False
xưng,nfd,3,▁xu|̛|ng,1.5|2,False,0.5,False,False,False
xương,nfc,1,▁xương,,True,1.0,False,False,False
xương,nfd,5,▁xu|̛|o|̛|ng,1.5|2|2.5|3,False,0.25,False,False,False
xước,nfc,2,▁x|ước,1,False,1.0,True,False,False
xước,nfd,5,▁xu|̛|o|̛|́c,1.5|2|2.5|2.5,False,0.0,False,False,False
xướng,nfc,2,▁x|ướng,1,False,1.0,True,False,False
xướng,nfd,5,▁xu|̛|o|̛|́ng,1.5|2|2.5|2.5,False,0.0,False,False,False
xười,nfc,2,▁x|ười,1,False,1.0,True,False,False
xười,nfd,5,▁xu|̛|o|̛|̀i,1.5|2|2.5|2.5,False,0.0,False,False,False
xưởng,nfc,2,▁x|ưởng,1,False,1.0,True,False,False
xưởng,nfd,6,▁xu|̛|o|̛|̉|ng,1.5|2|2.5|2.5|3,False,0.2,False,True,False
xược,nfc,2,▁x|ược,1,False,1.0,True,False,False
xược,nfd,5,▁xu|̛|o|̛|̣c,1.5|2|2.5|2.5,False,0.0,False,False,False
xạ,nfc,2,▁x|ạ,1,False,1.0,True,False,False
xạ,nfd,2,▁xa|̣,1.5,False,0.0,False,True,False
xạc,nfc,2,▁x|ạc,1,False,1.0,True,False,False
xạc,nfd,2,▁xa|̣c,1.5,False,0.0,False,False,False
xạch,nfc,2,▁x|ạch,1,False,1.0,True,False,False
xạch,nfd,3,▁xa|̣|ch,1.5|2,False,0.5,False,True,False
xạo,nfc,2,▁x|ạo,1,False,1.0,True,False,False
xạo,nfd,3,▁xa|̣|o,1.5|2,False,0.5,False,True,False
xạp,nfc,2,▁x|ạp,1,False,1.0,True,False,False
xạp,nfd,3,▁xa|̣|p,1.5|2,False,0.5,False,True,False
xạu,nfc,3,▁x|ạ|u,1|2,False,1.0,True,False,False
xạu,nfd,3,▁xa|̣|u,1.5|2,False,0.5,False,True,False
xả,nfc,2,▁x|ả,1,False,1.0,True,False,False
xả,nfd,2,▁xa|̉,1.5,False,0.0,False,True,False
xảm,nfc,2,▁x|ảm,1,False,1.0,True,False,False
xảm,nfd,3,▁xa|̉|m,1.5|2,False,0.5,False,True,False
xảnh,nfc,2,▁x|ảnh,1,False,1.0,True,False,False
xảnh,nfd,3,▁xa|̉|nh,1.5|2,False,0.5,False,True,False
xảo,nfc,2,▁x|ảo,1,False,1.0,True,False,False
xảo,nfd,3,▁xa|̉|o,1.5|2,False,0.5,False,True,False
xảu,nfc,3,▁x|ả|u,1|2,False,1.0,True,False,False
xảu,nfd,3,▁xa|̉|u,1.5|2,False,0.5,False,True,False
xảy,nfc,1,▁xảy,,True,1.0,False,False,False
xảy,nfd,3,▁xa|̉|y,1.5|2,False,0.5,False,True,False
xấc,nfc,2,▁x|ấc,1,False,1.0,True,False,False
xấc,nfd,3,▁xa|̂|́c,1.5|1.5,False,0.0,False,False,False
xấp,nfc,2,▁x|ấp,1,False,1.0,True,False,False
xấp,nfd,4,▁xa|̂|́|p,1.5|1.5|2,False,0.3333333333333333,False,True,False
xấu,nfc,1,▁xấu,,True,1.0,False,False,False
xấu,nfd,4,▁xa|̂|́|u,1.5|1.5|2,False,0.3333333333333333,False,True,False
xầm,nfc,2,▁x|ầm,1,False,1.0,True,False,False
xầm,nfd,4,▁xa|̂|̀|m,1.5|1.5|2,False,0.3333333333333333,False,True,False
xẩm,nfc,2,▁x|ẩm,1,False,1.0,True,False,False
xẩm,nfd,4,▁xa|̂|̉|m,1.5|1.5|2,False,0.3333333333333333,False,True,False
xẩn,nfc,2,▁x|ẩn,1,False,1.0,True,False,False
xẩn,nfd,4,▁xa|̂|̉|n,1.5|1.5|2,False,0.3333333333333333,False,True,False
xẩu,nfc,2,▁x|ẩu,1,False,1.0,True,False,False
xẩu,nfd,4,▁xa|̂|̉|u,1.5|1.5|2,False,0.3333333333333333,False,True,False
xẩy,nfc,2,▁x|ẩy,1,False,1.0,True,False,False
xẩy,nfd,4,▁xa|̂|̉|y,1.5|1.5|2,False,0.3333333333333333,False,True,False
xập,nfc,2,▁x|ập,1,False,1.0,True,False,False
xập,nfd,4,▁xa|̣|̂|p,1.5|1.5|2,False,0.3333333333333333,False,True,False
xắc,nfc,2,▁x|ắc,1,False,1.0,True,False,False
xắc,nfd,3,▁xa|̆|́c,1.5|1.5,False,0.0,False,False,False
xắm,nfc,2,▁x|ắm,1,False,1.0,True,False,False
xắm,nfd,4,▁xa|̆|́|m,1.5|1.5|2,False,0.3333333333333333,False,True,False
xắn,nfc,2,▁x|ắn,1,False,1.0,True,False,False
xắn,nfd,3,▁xa|̆|́n,1.5|1.5,False,0.0,False,False,False
xắp,nfc,2,▁x|ắp,1,False,1.0,True,False,False
xắp,nfd,4,▁xa|̆|́|p,1.5|1.5|2,False,0.3333333333333333,False,True,False
xằng,nfc,2,▁x|ằng,1,False,1.0,True,False,False
xằng,nfd,3,▁xa|̆|̀ng,1.5|1.5,False,0.0,False,False,False
xẵng,nfc,2,▁x|ẵng,1,False,1.0,True,False,False
xẵng,nfd,4,▁xa|̆|̃|ng,1.5|1.5|2,False,0.3333333333333333,False,True,False
xẹc,nfc,3,▁x|ẹ|c,1|2,False,1.0,True,False,False
xẹc,nfd,2,▁xe|̣c,1.5,False,0.0,False,False,False
xẹo,nfc,2,▁x|ẹo,1,False,1.0,True,False,False
xẹo,nfd,3,▁xe|̣|o,1.5|2,False,0.5,False,True,False
xẹp,nfc,2,▁x|ẹp,1,False,1.0,True,False,False
xẹp,nfd,3,▁xe|̣|p,1.5|2,False,0.5,False,True,False
xẹt,nfc,3,▁x|ẹ|t,1|2,False,1.0,True,False,False
xẹt,nfd,2,▁xe|̣t,1.5,False,0.0,False,False,False
xẻ,nfc,2,▁x|ẻ,1,False,1.0,True,False,False
xẻ,nfd,2,▁xe|̉,1.5,False,0.0,False,True,False
xẻn,nfc,3,▁x|ẻ|n,1|2,False,1.0,True,False,False
xẻn,nfd,3,▁xe|̉|n,1.5|2,False,0.5,False,True,False
xẻng,nfc,3,▁x|ẻ|ng,1|2,False,1.0,True,False,False
xẻng,nfd,3,▁xe|̉|ng,1.5|2,False,0.5,False,True,False
xẻo,nfc,2,▁x|ẻo,1,False,1.0,True,False,False
xẻo,nfd,3,▁xe|̉|o,1.5|2,False,0.5,False,True,False
xẽo,nfc,3,▁x|ẽ|o,1|2,False,1.0,True,False,False
xẽo,nfd,2,▁xe|̃o,1.5,False,0.0,False,False,False
xế,nfc,2,▁x|ế,1,False,1.0,True,False,False
xế,nfd,3,▁xe|̂|́,1.5|1.5,False,0.0,False,True,False
xếch,nfc,3,▁x|ế|ch,1|2,False,1.0,True,False,False
xếch,nfd,4,▁xe|̂|́|ch,1.5|1.5|2,False,0.3333333333333333,False,True,False
xếp,nfc,1,▁xếp,,True,1.0,False,False,False
xếp,nfd,4,▁xe|̂|́|p,1.5|1.5|2,False,0.3333333333333333,False,True,False
xềm,nfc,2,▁x|ềm,1,False,1.0,True,False,False
xềm,nfd,4,▁xe|̂|̀|m,1.5|1.5|2,False,0.3333333333333333,False,True,False
xềnh,nfc,3,▁x|ề|nh,1|2,False,1.0,True,False,False
xềnh,nfd,3,▁xe|̂|̀nh,1.5|1.5,False,0.0,False,False,False
xều,nfc,2,▁x|ều,1,False,1.0,True,False,False
xều,nfd,3,▁xe|̂|̀u,1.5|1.5,False,0.0,False,False,False
xể,nfc,2,▁x|ể,1,False,1.0,True,False,False
xể,nfd,3,▁xe|̂|̉,1.5|1.5,False,0.0,False,True,False
xệ,nfc,2,▁x|ệ,1,False,1.0,True,False,False
xệ,nfd,3,▁xe|̣|̂,1.5|1.5,False,0.0,False,True,False
xệch,nfc,3,▁x|ệ|ch,1|2,False,1.0,True,False,False
xệch,nfd,4,▁xe|̣|̂|ch,1.5|1.5|2,False,0.3333333333333333,False,True,False
xệp,nfc,2,▁x|ệp,1,False,1.0,True,False,False
xệp,nfd,4,▁xe|̣|̂|p,1.5|1.5|2,False,0.3333333333333333,False,True,False
xệu,nfc,2,▁x|ệu,1,False,1.0,True,False,False
xệu,nfd,4,▁xe|̣|̂|u,1.5|1.5|2,False,0.3333333333333333,False,True,False
xỉ,nfc,2,▁x|ỉ,1,False,1.0,True,False,False
xỉ,nfd,2,▁xi|̉,1.5,False,0.0,False,True,False
xỉa,nfc,3,▁x|ỉ|a,1|2,False,0.5,True,False,False
xỉa,nfd,3,▁xi|̉|a,1.5|2,False,0.0,False,True,False
xỉn,nfc,3,▁x|ỉ|n,1|2,False,1.0,True,False,False
xỉn,nfd,3,▁xi|̉|n,1.5|2,False,0.5,False,True,False
xỉnh,nfc,2,▁x|ỉnh,1,False,1.0,True,False,False
xỉnh,nfd,3,▁xi|̉|nh,1.5|2,False,0.5,False,True,False
xỉu,nfc,3,▁x|ỉ|u,1|2,False,1.0,True,False,False
xỉu,nfd,3,▁xi|̉|u,1.5|2,False,0.5,False,True,False
xị,nfc,2,▁x|ị,1,False,1.0,True,False,False
xị,nfd,2,▁xi|̣,1.5,False,0.0,False,True,False
xịch,nfc,2,▁x|ịch,1,False,1.0,True,False,False
xịch,nfd,3,▁xi|̣|ch,1.5|2,False,0.5,False,True,False
xịt,nfc,2,▁x|ịt,1,False,1.0,True,False,False
xịt,nfd,2,▁xi|̣t,1.5,False,0.0,False,False,False
xịu,nfc,3,▁x|ị|u,1|2,False,1.0,True,False,False
xịu,nfd,3,▁xi|̣|u,1.5|2,False,0.5,False,True,False
xọ,nfc,2,▁x|ọ,1,False,1.0,True,False,False
xọ,nfd,2,▁xo|̣,1.5,False,0.0,False,True,False
xọc,nfc,2,▁x|ọc,1,False,1.0,True,False,False
xọc,nfd,2,▁xo|̣c,1.5,False,0.0,False,False,False
xọp,nfc,3,▁x|ọ|p,1|2,False,1.0,True,False,False
xọp,nfd,3,▁xo|̣|p,1.5|2,False,0.5,False,True,False
xỏ,nfc,2,▁x|ỏ,1,False,1.0,True,False,False
xỏ,nfd,2,▁xo|̉,1.5,False,0.0,False,True,False
xỏng,nfc,2,▁x|ỏng,1,False,1.0,True,False,False
xỏng,nfd,3,▁xo|̉|ng,1.5|2,False,0.5,False,True,False
xố,nfc,2,▁x|ố,1,False,1.0,True,False,False
xố,nfd,3,▁xo|̂|́,1.5|1.5,False,0.0,False,True,False
xốc,nfc,2,▁x|ốc,1,False,1.0,True,False,False
xốc,nfd,3,▁xo|̂|́c,1.5|1.5,False,0.0,False,False,False
xối,nfc,2,▁x|ối,1,False,1.0,True,False,False
xối,nfd,3,▁xo|̂|́i,1.5|1.5,False,0.0,False,False,False
xốn,nfc,2,▁x|ốn,1,False,1.0,True,False,False
xốn,nfd,3,▁xo|̂|́n,1.5|1.5,False,0.0,False,False,False
xống,nfc,2,▁x|ống,1,False,1.0,True,False,False
xống,nfd,3,▁xo|̂|́ng,1.5|1.5,False,0.0,False,False,False
xốp,nfc,2,▁x|ốp,1,False,1.0,True,False,False
xốp,nfd,4,▁xo|̂|́|p,1.5|1.5|2,False,0.3333333333333333,False,True,False
xốt,nfc,2,▁x|ốt,1,False,1.0,True,False,False
xốt,nfd,3,▁xo|̂|́t,1.5|1.5,False,0.0,False,False,False
xồ,nfc,2,▁x|ồ,1,False,1.0,True,False,False
xồ,nfd,3,▁xo|̂|̀,1.5|1.5,False,0.0,False,True,False
xồm,nfc,2,▁x|ồm,1,False,1.0,True,False,False
xồm,nfd,4,▁xo|̂|̀|m,1.5|1.5|2,False,0.3333333333333333,False,True,False
xồn,nfc,2,▁x|ồn,1,False,1.0,True,False,False
xồn,nfd,3,▁xo|̂|̀n,1.5|1.5,False,0.0,False,False,False
xồng,nfc,2,▁x|ồng,1,False,1.0,True,False,False
xồng,nfd,3,▁xo|̂|̀ng,1.5|1.5,False,0.0,False,False,False
xổ,nfc,2,▁x|ổ,1,False,1.0,True,False,False
xổ,nfd,3,▁xo|̂|̉,1.5|1.5,False,0.0,False,True,False
xổi,nfc,2,▁x|ổi,1,False,1.0,True,False,False
xổi,nfd,4,▁xo|̂|̉|i,1.5|1.5|2,False,0.3333333333333333,False,True,False
xổm,nfc,3,▁x|ổ|m,1|2,False,1.0,True,False,False
xổm,nfd,4,▁xo|̂|̉|m,1.5|1.5|2,False,0.3333333333333333,False,True,False
xổng,nfc,2,▁x|ổng,1,False,1.0,True,False,False
xổng,nfd,4,▁xo|̂|̉|ng,1.5|1.5|2,False,0.3333333333333333,False,True,False
xộc,nfc,2,▁x|ộc,1,False,1.0,True,False,False
xộc,nfd,4,▁xo|̣|̂|c,1.5|1.5|2,False,0.3333333333333333,False,True,False
xộn,nfc,2,▁x|ộn,1,False,1.0,True,False,False
xộn,nfd,4,▁xo|̣|̂|n,1.5|1.5|2,False,0.3333333333333333,False,True,False
xộp,nfc,2,▁x|ộp,1,False,1.0,True,False,False
xộp,nfd,4,▁xo|̣|̂|p,1.5|1.5|2,False,0.3333333333333333,False,True,False
xớ,nfc,2,▁x|ớ,1,False,1.0,True,False,False
xớ,nfd,3,▁xo|̛|́,1.5|1.5,False,0.0,False,True,False
xới,nfc,2,▁x|ới,1,False,1.0,True,False,False
xới,nfd,3,▁xo|̛|́i,1.5|1.5,False,0.0,False,False,False
xớp,nfc,2,▁x|ớp,1,False,1.0,True,False,False
xớp,nfd,4,▁xo|̛|́|p,1.5|1.5|2,False,0.3333333333333333,False,True,False
xớt,nfc,2,▁x|ớt,1,False,1.0,True,False,False
xớt,nfd,3,▁xo|̛|́t,1.5|1.5,False,0.0,False,False,False
xờ,nfc,2,▁x|ờ,1,False,1.0,True,False,False
xờ,nfd,3,▁xo|̛|̀,1.5|1.5,False,0.0,False,True,False
xờm,nfc,3,▁x|ờ|m,1|2,False,1.0,True,False,False
xờm,nfd,4,▁xo|̛|̀|m,1.5|1.5|2,False,0.3333333333333333,False,True,False
xở,nfc,2,▁x|ở,1,False,1.0,True,False,False
xở,nfd,3,▁xo|̛|̉,1.5|1.5,False,0.0,False,True,False
xởi,nfc,2,▁x|ởi,1,False,1.0,True,False,False
xởi,nfd,4,▁xo|̛|̉|i,1.5|1.5|2,False,0.3333333333333333,False,True,False
xởn,nfc,3,▁x|ở|n,1|2,False,1.0,True,False,False
xởn,nfd,4,▁xo|̛|̉|n,1.5|1.5|2,False,0.3333333333333333,False,True,False
xỡ,nfc,2,▁x|ỡ,1,False,1.0,True,False,False
xỡ,nfd,3,▁xo|̛|̃,1.5|1.5,False,0.0,False,True,False
xợp,nfc,2,▁x|ợp,1,False,1.0,True,False,False
xợp,nfd,4,▁xo|̛|̣|p,1.5|1.5|2,False,0.3333333333333333,False,True,False
xợt,nfc,2,▁x|ợt,1,False,1.0,True,False,False
xợt,nfd,3,▁xo|̛|̣t,1.5|1.5,False,0.0,False,False,False
xụ,nfc,2,▁x|ụ,1,False,1.0,True,False,False
xụ,nfd,2,▁xu|̣,1.5,False,0.0,False,True,False
xục,nfc,2,▁x|ục,1,False,1.0,True,False,False
xục,nfd,2,▁xu|̣c,1.5,False,0.0,False,False,False
xụi,nfc,3,▁x|ụ|i,1|2,False,1.0,True,False,False
xụi,nfd,2,▁xu|̣i,1.5,False,0.0,False,False,False
xụp,nfc,2,▁x|ụp,1,False,1.0,True,False,False
xụp,nfd,3,▁xu|̣|p,1.5|2,False,0.5,False,True,False
xủng,nfc,2,▁x|ủng,1,False,1.0,True,False,False
xủng,nfd,3,▁xu|̉|ng,1.5|2,False,0.5,False,True,False
xứ,nfc,1,▁xứ,,True,1.0,False,False,False
xứ,nfd,3,▁xu|̛|́,1.5|1.5,False,0.0,False,True,False
xức,nfc,2,▁x|ức,1,False,1.0,True,False,False
xức,nfd,3,▁xu|̛|́c,1.5|1.5,False,0.0,False,False,False
xứng,nfc,2,▁x|ứng,1,False,1.0,True,False,False
xứng,nfd,3,▁xu|̛|́ng,1.5|1.5,False,0.0,False,False,False
xừ,nfc,2,▁x|ừ,1,False,1.0,True,False,False
xừ,nfd,3,▁xu|̛|̀,1.5|1.5,False,0.0,False,True,False
xử,nfc,1,▁xử,,True,1.0,False,False,False
xử,nfd,3,▁xu|̛|̉,1.5|1.5,False,0.0,False,True,False
xửa,nfc,2,▁x|ửa,1,False,1.0,True,False,False
xửa,nfd,4,▁xu|̛|̉|a,1.5|1.5|2,False,0.0,False,True,False
xửng,nfc,2,▁xử|ng,2,False,1.0,False,False,False
xửng,nfd,4,▁xu|̛|̉|ng,1.5|1.5|2,False,0.3333333333333333,False,True,False
xực,nfc,2,▁x|ực,1,False,1.0,True,False,False
xực,nfd,3,▁xu|̛|̣c,1.5|1.5,False,0.0,False,False,False
y,nfc,1,▁y,,True,1.0,False,False,False
y,nfd,1,▁y,,True,1.0,False,False,False
yên,nfc,1,▁yên,,True,1.0,False,False,False
yên,nfd,3,▁ye|̂|n,1.5|2,False,0.5,False,False,False
yêng,nfc,2,▁y|êng,1,False,0.0,False,False,False
yêng,nfd,3,▁ye|̂|ng,1.5|2,False,0.5,False,False,False
yêu,nfc,1,▁yêu,,True,1.0,False,False,False
yêu,nfd,3,▁ye|̂|u,1.5|2,False,0.5,False,False,False
yếm,nfc,2,▁y|ếm,1,False,0.0,False,False,False
yếm,nfd,4,▁ye|̂|́|m,1.5|1.5|2,False,0.3333333333333333,False,True,False
yến,nfc,1,▁yến,,True,1.0,False,False,False
yến,nfd,3,▁ye|̂|́n,1.5|1.5,False,0.0,False,False,False
yết,nfc,2,▁y|ết,1,False,0.0,False,False,False
yết,nfd,3,▁ye|̂|́t,1.5|1.5,False,0.0,False,False,False
yếu,nfc,1,▁yếu,,True,1.0,False,False,False
yếu,nfd,4,▁ye|̂|́|u,1.5|1.5|2,False,0.3333333333333333,False,True,False
yểm,nfc,2,▁y|ểm,1,False,0.0,False,False,False
yểm,nfd,4,▁ye|̂|̉|m,1.5|1.5|2,False,0.3333333333333333,False,True,False
yểng,nfc,3,▁y|ể|ng,1|2,False,0.5,False,False,False
yểng,nfd,4,▁ye|̂|̉|ng,1.5|1.5|2,False,0.3333333333333333,False,True,False
yểu,nfc,2,▁y|ểu,1,False,0.0,False,False,False
yểu,nfd,4,▁ye|̂|̉|u,1.5|1.5|2,False,0.3333333333333333,False,True,False
à,nfc,1,▁à,,True,1.0,False,False,False
à,nfd,1,▁à,,True,1.0,False,False,False
ào,nfc,2,▁à|o,1,False,1.0,False,False,False
ào,nfd,2,▁à|o,1,False,1.0,False,False,False
á,nfc,1,▁á,,True,1.0,False,False,False
á,nfd,2,▁a|́,0.5,False,0.0,False,True,False
ác,nfc,1,▁ác,,True,1.0,False,False,False
ác,nfd,2,▁a|́c,0.5,False,0.0,False,False,False
ách,nfc,2,▁á|ch,1,False,1.0,False,False,False
ách,nfd,3,▁a|́|ch,0.5|1,False,0.5,False,True,False
ái,nfc,1,▁ái,,True,1.0,False,False,False
ái,nfd,2,▁a|́i,0.5,False,0.0,False,False,False
ám,nfc,1,▁ám,,True,1.0,False,False,False
ám,nfd,3,▁a|́|m,0.5|1,False,0.5,False,True,False
án,nfc,1,▁án,,True,1.0,False,False,False
án,nfd,2,▁a|́n,0.5,False,0.0,False,False,False
áng,nfc,1,▁áng,,True,1.0,False,False,False
áng,nfd,2,▁a|́ng,0.5,False,0.0,False,False,False
ánh,nfc,1,▁ánh,,True,1.0,False,False,False
ánh,nfd,3,▁a|́|nh,0.5|1,False,0.5,False,True,False
áo,nfc,1,▁áo,,True,1.0,False,False,False
áo,nfd,3,▁a|́|o,0.5|1,False,0.5,False,True,False
áp,nfc,1,▁áp,,True,1.0,False,False,False
áp,nfd,3,▁a|́|p,0.5|1,False,0.5,False,True,False
át,nfc,1,▁át,,True,1.0,False,False,False
át,nfd,2,▁a|́t,0.5,False,0.0,False,False,False
áy,nfc,2,▁á|y,1,False,1.0,False,False,False
áy,nfd,3,▁a|́|y,0.5|1,False,0.5,False,True,False
âm,nfc,1,▁âm,,True,1.0,False,False,False
âm,nfd,3,▁a|̂|m,0.5|1,False,0.5,False,False,False
ân,nfc,1,▁ân,,True,1.0,False,False,False
ân,nfd,3,▁a|̂|n,0.5|1,False,0.5,False,False,False
âu,nfc,1,▁âu,,True,1.0,False,False,False
âu,nfd,3,▁a|̂|u,0.5|1,False,0.5,False,False,False
ã,nfc,1,▁ã,,True,1.0,False,False,False
ã,nfd,2,▁a|̃,0.5,False,0.0,False,True,False
è,nfc,1,▁è,,True,1.0,False,False,False
è,nfd,2,▁e|̀,0.5,False,0.0,False,True,False
èo,nfc,2,▁è|o,1,False,1.0,False,False,False
èo,nfd,3,▁e|̀|o,0.5|1,False,0.5,False,True,False
é,nfc,1,▁é,,True,1.0,False,False,False
é,nfd,2,▁e|́,0.5,False,0.0,False,True,False
éc,nfc,1,▁éc,,True,1.0,False,False,False
éc,nfd,2,▁e|́c,0.5,False,0.0,False,False,False
ém,nfc,2,▁é|m,1,False,1.0,False,False,False
ém,nfd,3,▁e|́|m,0.5|1,False,0.5,False,True,False
én,nfc,1,▁én,,True,1.0,False,False,False
én,nfd,2,▁e|́n,0.5,False,0.0,False,False,False
éo,nfc,2,▁é|o,1,False,1.0,False,False,False
éo,nfd,3,▁e|́|o,0.5|1,False,0.5,False,True,False
ép,nfc,1,▁ép,,True,1.0,False,False,False
ép,nfd,3,▁e|́|p,0.5|1,False,0.5,False,True,False
ét,nfc,1,▁ét,,True,1.0,False,False,False
ét,nfd,2,▁e|́t,0.5,False,0.0,False,False,False
ê,nfc,1,▁ê,,True,1.0,False,False,False
ê,nfd,2,▁e|̂,0.5,False,0.0,False,False,False
êm,nfc,1,êm,,True,1.0,False,False,False
êm,nfd,3,▁e|̂|m,0.5|1,False,0.5,False,False,False
êu,nfc,1,êu,,True,1.0,False,False,False
êu,nfd,3,▁e|̂|u,0.5|1,False,0.5,False,False,False
ì,nfc,1,▁ì,,True,1.0,False,False,False
ì,nfd,2,▁i|̀,0.5,False,0.0,False,True,False
ìn,nfc,1,ìn,,True,1.0,False,False,False
ìn,nfd,2,▁i|̀n,0.5,False,0.0,False,False,False
ình,nfc,1,ình,,True,1.0,False,False,False
ình,nfd,2,▁i|̀nh,0.5,False,0.0,False,False,False
í,nfc,1,▁í,,True,1.0,False,False,False
í,nfd,2,▁i|́,0.5,False,0.0,False,True,False
ích,nfc,1,▁ích,,True,1.0,False,False,False
ích,nfd,3,▁i|́|ch,0.5|1,False,0.5,False,True,False
ín,nfc,1,▁ín,,True,1.0,False,False,False
ín,nfd,2,▁i|́n,0.5,False,0.0,False,False,False
ít,nfc,1,▁ít,,True,1.0,False,False,False
ít,nfd,2,▁i|́t,0.5,False,0.0,False,False,False
ò,nfc,1,▁ò,,True,1.0,False,False,False
ò,nfd,2,▁o|̀,0.5,False,0.0,False,True,False
òi,nfc,2,▁ò|i,1,False,1.0,False,False,False
òi,nfd,2,▁o|̀i,0.5,False,0.0,False,False,False
òm,nfc,2,▁ò|m,1,False,1.0,False,False,False
òm,nfd,3,▁o|̀|m,0.5|1,False,0.5,False,True,False
òng,nfc,1,òng,,True,1.0,False,False,False
òng,nfd,2,▁o|̀ng,0.5,False,0.0,False,False,False
ó,nfc,1,▁ó,,True,1.0,False,False,False
ó,nfd,2,▁o|́,0.5,False,0.0,False,True,False
óc,nfc,2,▁ó|c,1,False,1.0,False,False,False
óc,nfd,2,▁o|́c,0.5,False,0.0,False,False,False
ói,nfc,2,▁ó|i,1,False,1.0,False,False,False
ói,nfd,2,▁o|́i,0.5,False,0.0,False,False,False
óng,nfc,2,▁ó|ng,1,False,1.0,False,False,False
óng,nfd,2,▁o|́ng,0.5,False,0.0,False,False,False
óp,nfc,1,▁óp,,True,1.0,False,False,False
óp,nfd,3,▁o|́|p,0.5|1,False,0.5,False,True,False
ót,nfc,2,▁ó|t,1,False,1.0,False,False,False
ót,nfd,2,▁o|́t,0.5,False,0.0,False,False,False
ô,nfc,1,▁ô,,True,1.0,False,False,False
ô,nfd,2,▁o|̂,0.5,False,0.0,False,False,False
ôi,nfc,1,ôi,,True,1.0,False,False,False
ôi,nfd,3,▁o|̂|i,0.5|1,False,0.5,False,False,False
ôm,nfc,1,▁ôm,,True,1.0,False,False,False
ôm,nfd,3,▁o|̂|m,0.5|1,False,0.5,False,False,False
ôn,nfc,1,ôn,,True,1.0,False,False,False
ôn,nfd,3,▁o|̂|n,0.5|1,False,0.5,False,False,False
ông,nfc,1,▁ông,,True,1.0,False,False,False
ông,nfd,3,▁o|̂|ng,0.5|1,False,0.5,False,False,False
ù,nfc,1,▁ù,,True,1.0,False,False,False
ù,nfd,2,▁u|̀,0.5,False,0.0,False,True,False
ùa,nfc,1,ùa,,True,1.0,False,False,False
ùa,nfd,3,▁u|̀|a,0.5|1,False,0.0,False,True,False
ùm,nfc,1,ùm,,True,1.0,False,False,False
ùm,nfd,3,▁u|̀|m,0.5|1,False,0.5,False,True,False
ùn,nfc,2,▁ù|n,1,False,1.0,False,False,False
ùn,nfd,2,▁u|̀n,0.5,False,0.0,False,False,False
ùng,nfc,1,ùng,,True,1.0,False,False,False
ùng,nfd,2,▁u|̀ng,0.5,False,0.0,False,False,False
ú,nfc,1,▁ú,,True,1.0,False,False,False
ú,nfd,2,▁u|́,0.5,False,0.0,False,True,False
úa,nfc,2,▁ú|a,1,False,0.0,False,False,False
úa,nfd,3,▁u|́|a,0.5|1,False,0.0,False,True,False
úi,nfc,2,▁ú|i,1,False,1.0,False,False,False
úi,nfd,2,▁u|́i,0.5,False,0.0,False,False,False
úm,nfc,2,▁ú|m,1,False,1.0,False,False,False
úm,nfd,3,▁u|́|m,0.5|1,False,0.5,False,True,False
úng,nfc,2,▁ú|ng,1,False,1.0,False,False,False
úng,nfd,2,▁u|́ng,0.5,False,0.0,False,False,False
úp,nfc,2,▁ú|p,1,False,1.0,False,False,False
úp,nfd,3,▁u|́|p,0.5|1,False,0.5,False,True,False
út,nfc,1,▁út,,True,1.0,False,False,False
út,nfd,2,▁u|́t,0.5,False,0.0,False,False,False
ý,nfc,1,▁ý,,True,1.0,False,False,False
ý,nfd,2,▁y|́,0.5,False,0.0,False,True,False
ăm,nfc,1,ăm,,True,1.0,False,False,False
ăm,nfd,3,▁a|̆|m,0.5|1,False,0.5,False,False,False
ăn,nfc,1,▁ăn,,True,1.0,False,False,False
ăn,nfd,3,▁a|̆|n,0.5|1,False,0.5,False,False,False
ăng,nfc,1,ăng,,True,1.0,False,False,False
ăng,nfd,3,▁a|̆|ng,0.5|1,False,0.5,False,False,False
đa,nfc,1,▁đa,,True,1.0,False,False,False
đa,nfd,1,▁đa,,True,1.0,False,False,False
đai,nfc,2,▁đ|ai,1,False,1.0,True,False,False
đai,nfd,2,▁đ|ai,1,False,1.0,True,False,False
đam,nfc,2,▁đ|am,1,False,1.0,True,False,False
đam,nfd,2,▁đ|am,1,False,1.0,True,False,False
đan,nfc,2,▁đ|an,1,False,1.0,True,False,False
đan,nfd,2,▁đ|an,1,False,1.0,True,False,False
đang,nfc,1,▁đang,,True,1.0,False,False,False
đang,nfd,1,▁đang,,True,1.0,False,False,False
đanh,nfc,2,▁đ|anh,1,False,1.0,True,False,False
đanh,nfd,2,▁đ|anh,1,False,1.0,True,False,False
đao,nfc,2,▁đ|ao,1,False,1.0,True,False,False
đao,nfd,2,▁đ|ao,1,False,1.0,True,False,False
đau,nfc,1,▁đau,,True,1.0,False,False,False
đau,nfd,1,▁đau,,True,1.0,False,False,False
đay,nfc,2,▁đ|ay,1,False,1.0,True,False,False
đay,nfd,2,▁đ|ay,1,False,1.0,True,False,False
đe,nfc,2,▁đ|e,1,False,1.0,True,False,False
đe,nfd,2,▁đ|e,1,False,1.0,True,False,False
đem,nfc,1,▁đem,,True,1.0,False,False,False
đem,nfd,1,▁đem,,True,1.0,False,False,False
đen,nfc,1,▁đen,,True,1.0,False,False,False
đen,nfd,1,▁đen,,True,1.0,False,False,False
đeo,nfc,1,▁đeo,,True,1.0,False,False,False
đeo,nfd,1,▁đeo,,True,1.0,False,False,False
đi,nfc,1,▁đi,,True,1.0,False,False,False
đi,nfd,1,▁đi,,True,1.0,False,False,False
đin,nfc,2,▁đ|in,1,False,1.0,True,False,False
đin,nfd,2,▁đ|in,1,False,1.0,True,False,False
đinh,nfc,2,▁đ|inh,1,False,1.0,True,False,False
đinh,nfd,2,▁đ|inh,1,False,1.0,True,False,False
điên,nfc,2,▁đi|ên,2,False,0.0,False,False,False
điên,nfd,4,▁đ|ie|̂|n,1|2.5|3,False,0.6666666666666666,True,False,False
điêu,nfc,2,▁đi|êu,2,False,0.0,False,False,False
điêu,nfd,4,▁đ|ie|̂|u,1|2.5|3,False,0.6666666666666666,True,False,False
điếc,nfc,2,▁đi|ếc,2,False,0.0,False,False,False
điếc,nfd,4,▁đ|ie|̂|́c,1|2.5|2.5,False,0.3333333333333333,True,False,False
điếm,nfc,2,▁đi|ếm,2,False,0.0,False,False,False
điếm,nfd,5,▁đ|ie|̂|́|m,1|2.5|2.5|3,False,0.5,True,True,False
điếng,nfc,2,▁đi|ếng,2,False,0.0,False,False,False
điếng,nfd,4,▁đ|ie|̂|́ng,1|2.5|2.5,False,0.3333333333333333,True,False,False
điếu,nfc,2,▁đi|ếu,2,False,0.0,False,False,False
điếu,nfd,5,▁đ|ie|̂|́|u,1|2.5|2.5|3,False,0.5,True,True,False
điền,nfc,2,▁đi|ền,2,False,0.0,False,False,False
điền,nfd,4,▁đ|ie|̂|̀n,1|2.5|2.5,False,0.3333333333333333,True,False,False
điều,nfc,1,▁điều,,True,1.0,False,False,False
điều,nfd,4,▁đ|ie|̂|̀u,1|2.5|2.5,False,0.3333333333333333,True,False,False
điểm,nfc,1,▁điểm,,True,1.0,False,False,False
điểm,nfd,5,▁đ|ie|̂|̉|m,1|2.5|2.5|3,False,0.5,True,True,False
điển,nfc,1,▁điển,,True,1.0,False,False,False
điển,nfd,5,▁đ|ie|̂|̉|n,1|2.5|2.5|3,False,0.5,True,True,False
điểu,nfc,2,▁đi|ểu,2,False,0.0,False,False,False
điểu,nfd,5,▁đ|ie|̂|̉|u,1|2.5|2.5|3,False,0.5,True,True,False
điệm,nfc,2,▁đi|ệm,2,False,0.0,False,False,False
điệm,nfd,5,▁đ|ie|̣|̂|m,1|2.5|2.5|3,False,0.5,True,True,False
điện,nfc,1,▁điện,,True,1.0,False,False,False
điện,nfd,5,▁đ|ie|̣|̂|n,1|2.5|2.5|3,False,0.5,True,True,False
điệp,nfc,2,▁đi|ệp,2,False,0.0,False,False,False
điệp,nfd,5,▁đ|ie|̣|̂|p,1|2.5|2.5|3,False,0.5,True,True,False
điệu,nfc,1,▁điệu,,True,1.0,False,False,False
điệu,nfd,5,▁đ|ie|̣|̂|u,1|2.5|2.5|3,False,0.5,True,True,False
đo,nfc,1,▁đo,,True,1.0,False,False,False
đo,nfd,1,▁đo,,True,1.0,False,False,False
đoan,nfc,2,▁đo|an,2,False,1.0,False,False,False
đoan,nfd,2,▁đo|an,2,False,1.0,False,False,False
đoi,nfc,2,▁đ|oi,1,False,1.0,True,False,False
đoi,nfd,2,▁đ|oi,1,False,1.0,True,False,False
đom,nfc,2,▁đ|om,1,False,1.0,True,False,False
đom,nfd,2,▁đ|om,1,False,1.0,True,False,False
đon,nfc,2,▁đ|on,1,False,1.0,True,False,False
đon,nfd,2,▁đ|on,1,False,1.0,True,False,False
đong,nfc,2,▁đ|ong,1,False,1.0,True,False,False
đong,nfd,2,▁đ|ong,1,False,1.0,True,False,False
đoài,nfc,2,▁đo|ài,2,False,1.0,False,False,False
đoài,nfd,3,▁đ|oa|̀i,1|2.5,False,0.5,True,False,False
đoàn,nfc,1,▁đoàn,,True,1.0,False,False,False
đoàn,nfd,3,▁đ|oa|̀n,1|2.5,False,0.5,True,False,False
đoàng,nfc,2,▁đo|àng,2,False,1.0,False,False,False
đoàng,nfd,3,▁đ|oa|̀ng,1|2.5,False,0.5,True,False,False
đoành,nfc,2,▁đo|ành,2,False,1.0,False,False,False
đoành,nfd,3,▁đ|oa|̀nh,1|2.5,False,0.5,True,False,False
đoá,nfc,2,▁đo|á,2,False,1.0,False,False,False
đoá,nfd,3,▁đ|oa|́,1|2.5,False,0.5,True,True,False
đoái,nfc,2,▁đo|ái,2,False,1.0,False,False,False
đoái,nfd,3,▁đ|oa|́i,1|2.5,False,0.5,True,False,False
đoán,nfc,1,▁đoán,,True,1.0,False,False,False
đoán,nfd,3,▁đ|oa|́n,1|2.5,False,0.5,True,False,False
đoãng,nfc,2,▁đo|ãng,2,False,1.0,False,False,False
đoãng,nfd,4,▁đ|oa|̃|ng,1|2.5|3,False,0.6666666666666666,True,True,False
đoạ,nfc,2,▁đo|ạ,2,False,1.0,False,False,False
đoạ,nfd,3,▁đ|oa|̣,1|2.5,False,0.5,True,True,False
đoạn,nfc,1,▁đoạn,,True,1.0,False,False,False
đoạn,nfd,3,▁đ|oa|̣n,1|2.5,False,0.5,True,False,False
đoạt,nfc,2,▁đo|ạt,2,False,1.0,False,False,False
đoạt,nfd,3,▁đ|oa|̣t,1|2.5,False,0.5,True,False,False
đoản,nfc,2,▁đo|ản,2,False,1.0,False,False,False
đoản,nfd,4,▁đ|oa|̉|n,1|2.5|3,False,0.6666666666666666,True,True,False
đoảng,nfc,2,▁đo|ảng,2,False,1.0,False,False,False
đoảng,nfd,4,▁đ|oa|̉|ng,1|2.5|3,False,0.6666666666666666,True,True,False
đu,nfc,1,▁đu,,True,1.0,False,False,False
đu,nfd,1,▁đu,,True,1.0,False,False,False
đua,nfc,1,▁đua,,True,1.0,False,False,False
đua,nfd,1,▁đua,,True,1.0,False,False,False
đui,nfc,2,▁đ|ui,1,False,1.0,True,False,False
đui,nfd,2,▁đ|ui,1,False,1.0,True,False,False
đum,nfc,2,▁đ|um,1,False,1.0,True,False,False
đum,nfd,2,▁đ|um,1,False,1.0,True,False,False
đun,nfc,2,▁đ|un,1,False,1.0,True,False,False
đun,nfd,2,▁đ|un,1,False,1.0,True,False,False
đung,nfc,2,▁đ|ung,1,False,1.0,True,False,False
đung,nfd,2,▁đ|ung,1,False,1.0,True,False,False
đuôi,nfc,1,▁đuôi,,True,1.0,False,False,False
đuôi,nfd,4,▁đ|uo|̂|i,1|2.5|3,False,0.6666666666666666,True,False,False
đuốc,nfc,2,▁đu|ốc,2,False,0.0,False,False,False
đuốc,nfd,4,▁đ|uo|̂|́c,1|2.5|2.5,False,0.3333333333333333,True,False,False
đuối,nfc,2,▁đu|ối,2,False,0.0,False,False,False
đuối,nfd,4,▁đ|uo|̂|́i,1|2.5|2.5,False,0.3333333333333333,True,False,False
đuổi,nfc,2,▁đu|ổi,2,False,0.0,False,False,False
đuổi,nfd,5,▁đ|uo|̂|̉|i,1|2.5|2.5|3,False,0.5,True,True,False
đuỗn,nfc,3,▁đu|ỗ|n,2|3,False,0.5,False,False,False
đuỗn,nfd,5,▁đ|uo|̂|̃|n,1|2.5|2.5|3,False,0.5,True,True,False
đuột,nfc,2,▁đu|ột,2,False,0.0,False,False,False
đuột,nfd,5,▁đ|uo|̣|̂|t,1|2.5|2.5|3,False,0.5,True,True,False
đà,nfc,1,▁đà,,True,1.0,False,False,False
đà,nfd,2,▁đa|̀,1.5,False,0.0,False,True,False
đài,nfc,1,▁đài,,True,1.0,False,False,False
đài,nfd,2,▁đa|̀i,1.5,False,0.0,False,False,False
đàm,nfc,2,▁đ|àm,1,False,1.0,True,False,False
đàm,nfd,3,▁đa|̀|m,1.5|2,False,0.5,False,True,False
đàn,nfc,1,▁đàn,,True,1.0,False,False,False
đàn,nfd,2,▁đa|̀n,1.5,False,0.0,False,False,False
đàng,nfc,2,▁đ|àng,1,False,1.0,True,False,False
đàng,nfd,2,▁đa|̀ng,1.5,False,0.0,False,False,False
đành,nfc,2,▁đ|ành,1,False,1.0,True,False,False
đành,nfd,2,▁đa|̀nh,1.5,False,0.0,False,False,False
đào,nfc,1,▁đào,,True,1.0,False,False,False
đào,nfd,3,▁đa|̀|o,1.5|2,False,0.5,False,True,False
đày,nfc,2,▁đ|ày,1,False,1.0,True,False,False
đày,nfd,3,▁đa|̀|y,1.5|2,False,0.5,False,True,False
đá,nfc,1,▁đá,,True,1.0,False,False,False
đá,nfd,2,▁đa|́,1.5,False,0.0,False,True,False
đác,nfc,2,▁đ|ác,1,False,1.0,True,False,False
đác,nfd,2,▁đa|́c,1.5,False,0.0,False,False,False
đách,nfc,2,▁đ|ách,1,False,1.0,True,False,False
đách,nfd,3,▁đa|́|ch,1.5|2,False,0.5,False,True,False
đái,nfc,2,▁đ|ái,1,False,1.0,True,False,False
đái,nfd,2,▁đa|́i,1.5,False,0.0,False,False,False
đám,nfc,1,▁đám,,True,1.0,False,False,False
đám,nfd,3,▁đa|́|m,1.5|2,False,0.5,False,True,False
đán,nfc,2,▁đ|án,1,False,1.0,True,False,False
đán,nfd,2,▁đa|́n,1.5,False,0.0,False,False,False
đáng,nfc,1,▁đáng,,True,1.0,False,False,False
đáng,nfd,2,▁đa|́ng,1.5,False,0.0,False,False,False
đánh,nfc,1,▁đánh,,True,1.0,False,False,False
đánh,nfd,3,▁đa|́|nh,1.5|2,False,0.5,False,True,False
đáo,nfc,1,▁đáo,,True,1.0,False,False,False
đáo,nfd,3,▁đa|́|o,1.5|2,False,0.5,False,True,False
đáp,nfc,1,▁đáp,,True,1.0,False,False,False
đáp,nfd,3,▁đa|́|p,1.5|2,False,0.5,False,True,False
đát,nfc,2,▁đ|át,1,False,1.0,True,False,False
đát,nfd,2,▁đa|́t,1.5,False,0.0,False,False,False
đáy,nfc,2,▁đá|y,2,False,1.0,False,False,False
đáy,nfd,3,▁đa|́|y,1.5|2,False,0.5,False,True,False
đâm,nfc,2,▁đ|âm,1,False,1.0,True,False,False
đâm,nfd,3,▁đa|̂|m,1.5|2,False,0.5,False,False,False
đâu,nfc,1,▁đâu,,True,1.0,False,False,False
đâu,nfd,3,▁đa|̂|u,1.5|2,False,0.5,False,False,False
đây,nfc,1,▁đây,,True,1.0,False,False,False
đây,nfd,3,▁đa|̂|y,1.5|2,False,0.5,False,False,False
đã,nfc,1,▁đã,,True,1.0,False,False,False
đã,nfd,2,▁đa|̃,1.5,False,0.0,False,True,False
đãi,nfc,1,▁đãi,,True,1.0,False,False,False
đãi,nfd,3,▁đa|̃|i,1.5|2,False,0.5,False,True,False
đãng,nfc,2,▁đã|ng,2,False,1.0,False,False,False
đãng,nfd,3,▁đa|̃|ng,1.5|2,False,0.5,False,True,False
đãy,nfc,2,▁đã|y,2,False,1.0,False,False,False
đãy,nfd,3,▁đa|̃|y,1.5|2,False,0.5,False,True,False
đè,nfc,2,▁đ|è,1,False,1.0,True,False,False
đè,nfd,3,▁đ|e|̀,1|1.5,False,0.5,True,True,False
đèm,nfc,2,▁đ|èm,1,False,1.0,True,False,False
đèm,nfd,4,▁đ|e|̀|m,1|1.5|2,False,0.6666666666666666,True,True,False
đèn,nfc,1,▁đèn,,True,1.0,False,False,False
đèn,nfd,3,▁đ|e|̀n,1|1.5,False,0.5,True,False,False
đèo,nfc,2,▁đ|èo,1,False,1.0,True,False,False
đèo,nfd,4,▁đ|e|̀|o,1|1.5|2,False,0.6666666666666666,True,True,False
đéc,nfc,2,▁đ|éc,1,False,1.0,True,False,False
đéc,nfd,3,▁đ|e|́c,1|1.5,False,0.5,True,False,False
đéo,nfc,2,▁đ|éo,1,False,1.0,True,False,False
đéo,nfd,4,▁đ|e|́|o,1|1.5|2,False,0.6666666666666666,True,True,False
đét,nfc,2,▁đ|ét,1,False,1.0,True,False,False
đét,nfd,3,▁đ|e|́t,1|1.5,False,0.5,True,False,False
đê,nfc,2,▁đ|ê,1,False,1.0,True,False,False
đê,nfd,3,▁đ|e|̂,1|1.5,False,0.5,True,False,False
đêm,nfc,1,▁đêm,,True,1.0,False,False,False
đêm,nfd,4,▁đ|e|̂|m,1|1.5|2,False,0.6666666666666666,True,False,False
đên,nfc,2,▁đ|ên,1,False,1.0,True,False,False
đên,nfd,4,▁đ|e|̂|n,1|1.5|2,False,0.6666666666666666,True,False,False
đênh,nfc,3,▁đ|ê|nh,1|2,False,1.0,True,False,False
đênh,nfd,4,▁đ|e|̂|nh,1|1.5|2,False,0.6666666666666666,True,False,False
đêu,nfc,2,▁đ|êu,1,False,1.0,True,False,False
đêu,nfd,4,▁đ|e|̂|u,1|1.5|2,False,0.6666666666666666,True,False,False
đì,nfc,2,▁đ|ì,1,False,1.0,True,False,False
đì,nfd,2,▁đi|̀,1.5,False,0.0,False,True,False
đìa,nfc,2,▁đ|ìa,1,False,1.0,True,False,False
đìa,nfd,3,▁đi|̀|a,1.5|2,False,0.0,False,True,False
đình,nfc,1,▁đình,,True,1.0,False,False,False
đình,nfd,2,▁đi|̀nh,1.5,False,0.0,False,False,False
đìu,nfc,3,▁đ|ì|u,1|2,False,1.0,True,False,False
đìu,nfd,2,▁đi|̀u,1.5,False,0.0,False,False,False
đía,nfc,2,▁đ|ía,1,False,1.0,True,False,False
đía,nfd,3,▁đi|́|a,1.5|2,False,0.0,False,True,False
đích,nfc,1,▁đích,,True,1.0,False,False,False
đích,nfd,3,▁đi|́|ch,1.5|2,False,0.5,False,True,False
đính,nfc,1,▁đính,,True,1.0,False,False,False
đính,nfd,3,▁đi|́|nh,1.5|2,False,0.5,False,True,False
đít,nfc,2,▁đ|ít,1,False,1.0,True,False,False
đít,nfd,2,▁đi|́t,1.5,False,0.0,False,False,False
đò,nfc,2,▁đ|ò,1,False,1.0,True,False,False
đò,nfd,2,▁đo|̀,1.5,False,0.0,False,True,False
đòi,nfc,2,▁đ|òi,1,False,1.0,True,False,False
đòi,nfd,2,▁đo|̀i,1.5,False,0.0,False,False,False
đòm,nfc,2,▁đ|òm,1,False,1.0,True,False,False
đòm,nfd,3,▁đo|̀|m,1.5|2,False,0.5,False,True,False
đòn,nfc,2,▁đ|òn,1,False,1.0,True,False,False
đòn,nfd,2,▁đo|̀n,1.5,False,0.0,False,False,False
đòng,nfc,2,▁đ|òng,1,False,1.0,True,False,False
đòng,nfd,2,▁đo|̀ng,1.5,False,0.0,False,False,False
đó,nfc,1,▁đó,,True,1.0,False,False,False
đó,nfd,2,▁đo|́,1.5,False,0.0,False,True,False
đóc,nfc,2,▁đó|c,2,False,1.0,False,False,False
đóc,nfd,2,▁đo|́c,1.5,False,0.0,False,False,False
đói,nfc,2,▁đó|i,2,False,1.0,False,False,False
đói,nfd,2,▁đo|́i,1.5,False,0.0,False,False,False
đóm,nfc,2,▁đó|m,2,False,1.0,False,False,False
đóm,nfd,3,▁đo|́|m,1.5|2,False,0.5,False,True,False
đón,nfc,1,▁đón,,True,1.0,False,False,False
đón,nfd,2,▁đo|́n,1.5,False,0.0,False,False,False
đóng,nfc,1,▁đóng,,True,1.0,False,False,False
đóng,nfd,2,▁đo|́ng,1.5,False,0.0,False,False,False
đót,nfc,2,▁đó|t,2,False,1.0,False,False,False
đót,nfd,2,▁đo|́t,1.5,False,0.0,False,False,False
đô,nfc,1,▁đô,,True,1.0,False,False,False
đô,nfd,2,▁đo|̂,1.5,False,0.0,False,False,False
đôi,nfc,1,▁đôi,,True,1.0,False,False,False
đôi,nfd,3,▁đo|̂|i,1.5|2,False,0.5,False,False,False
đôm,nfc,2,▁đ|ôm,1,False,1.0,True,False,False
đôm,nfd,3,▁đo|̂|m,1.5|2,False,0.5,False,False,False
đôn,nfc,2,▁đ|ôn,1,False,1.0,True,False,False
đôn,nfd,3,▁đo|̂|n,1.5|2,False,0.5,False,False,False
đông,nfc,1,▁đông,,True,1.0,False,False,False
đông,nfd,3,▁đo|̂|ng,1.5|2,False,0.5,False,False,False
đõ,nfc,2,▁đ|õ,1,False,1.0,True,False,False
đõ,nfd,2,▁đo|̃,1.5,False,0.0,False,True,False
đù,nfc,2,▁đ|ù,1,False,1.0,True,False,False
đù,nfd,2,▁đu|̀,1.5,False,0.0,False,True,False
đùa,nfc,2,▁đ|ùa,1,False,1.0,True,False,False
đùa,nfd,3,▁đu|̀|a,1.5|2,False,0.0,False,True,False
đùi,nfc,2,▁đ|ùi,1,False,1.0,True,False,False
đùi,nfd,2,▁đu|̀i,1.5,False,0.0,False,False,False
đùm,nfc,2,▁đ|ùm,1,False,1.0,True,False,False
đùm,nfd,3,▁đu|̀|m,1.5|2,False,0.5,False,True,False
đùn,nfc,2,▁đ|ùn,1,False,1.0,True,False,False
đùn,nfd,2,▁đu|̀n,1.5,False,0.0,False,False,False
đùng,nfc,2,▁đ|ùng,1,False,1.0,True,False,False
đùng,nfd,2,▁đu|̀ng,1.5,False,0.0,False,False,False
đú,nfc,2,▁đ|ú,1,False,1.0,True,False,False
đú,nfd,2,▁đu|́,1.5,False,0.0,False,True,False
đúc,nfc,2,▁đ|úc,1,False,1.0,True,False,False
đúc,nfd,2,▁đu|́c,1.5,False,0.0,False,False,False
đúm,nfc,3,▁đ|ú|m,1|2,False,1.0,True,False,False
đúm,nfd,3,▁đu|́|m,1.5|2,False,0.5,False,True,False
đún,nfc,2,▁đ|ún,1,False,1.0,True,False,False
đún,nfd,2,▁đu|́n,1.5,False,0.0,False,False,False
đúng,nfc,1,▁đúng,,True,1.0,False,False,False
đúng,nfd,2,▁đu|́ng,1.5,False,0.0,False,False,False
đúp,nfc,2,▁đ|úp,1,False,1.0,True,False,False
đúp,nfd,3,▁đu|́|p,1.5|2,False,0.5,False,True,False
đút,nfc,2,▁đ|út,1,False,1.0,True,False,False
đút,nfd,2,▁đu|́t,1.5,False,0.0,False,False,False
đăm,nfc,2,▁đ|ăm,1,False,1.0,True,False,False
đăm,nfd,3,▁đa|̆|m,1.5|2,False,0.5,False,False,False
đăng,nfc,1,▁đăng,,True,1.0,False,False,False
đăng,nfd,3,▁đa|̆|ng,1.5|2,False,0.5,False,False,False
đĩ,nfc,2,▁đ|ĩ,1,False,1.0,True,False,False
đĩ,nfd,2,▁đi|̃,1.5,False,0.0,False,True,False
đĩa,nfc,1,▁đĩa,,True,1.0,False,False,False
đĩa,nfd,3,▁đi|̃|a,1.5|2,False,0.0,False,True,False
đĩnh,nfc,2,▁đ|ĩnh,1,False,1.0,True,False,False
đĩnh,nfd,3,▁đi|̃|nh,1.5|2,False,0.5,False,True,False
đũa,nfc,3,▁đ|ũ|a,1|2,False,0.5,True,False,False
đũa,nfd,3,▁đu|̃|a,1.5|2,False,0.0,False,True,False
đũng,nfc,2,▁đ|ũng,1,False,1.0,True,False,False
đũng,nfd,3,▁đu|̃|ng,1.5|2,False,0.5,False,True,False
đơ,nfc,2,▁đ|ơ,1,False,1.0,True,False,False
đơ,nfd,2,▁đo|̛,1.5,False,0.0,False,False,False
đơm,nfc,2,▁đ|ơm,1,False,1.0,True,False,False
đơm,nfd,3,▁đo|̛|m,1.5|2,False,0.5,False,False,False
đơn,nfc,1,▁đơn,,True,1.0,False,False,False
đơn,nfd,3,▁đo|̛|n,1.5|2,False,0.5,False,False,False
đưa,nfc,1,▁đưa,,True,1.0,False,False,False
đưa,nfd,3,▁đu|̛|a,1.5|2,False,0.0,False,False,False
đưng,nfc,2,▁đ|ưng,1,False,1.0,True,False,False
đưng,nfd,3,▁đu|̛|ng,1.5|2,False,0.5,False,False,False
đương,nfc,1,▁đương,,True,1.0,False,False,False
đương,nfd,5,▁đu|̛|o|̛|ng,1.5|2|2.5|3,False,0.25,False,False,False
đước,nfc,2,▁đ|ước,1,False,1.0,True,False,False
đước,nfd,5,▁đu|̛|o|̛|́c,1.5|2|2.5|2.5,False,0.0,False,False,False
đười,nfc,2,▁đ|ười,1,False,1.0,True,False,False
đười,nfd,5,▁đu|̛|o|̛|̀i,1.5|2|2.5|2.5,False,0.0,False,False,False
đườn,nfc,2,▁đ|ườn,1,False,1.0,True,False,False
đườn,nfd,5,▁đu|̛|o|̛|̀n,1.5|2|2.5|2.5,False,0.0,False,False,False
đường,nfc,1,▁đường,,True,1.0,False,False,False
đường,nfd,5,▁đu|̛|o|̛|̀ng,1.5|2|2.5|2.5,False,0.0,False,False,False
đưỡn,nfc,4,▁đ|ư|ỡ|n,1|2|3,False,0.6666666666666666,True,False,False
đưỡn,nfd,6,▁đu|̛|o|̛|̃|n,1.5|2|2.5|2.5|3,False,0.2,False,True,False
được,nfc,1,▁được,,True,1.0,False,False,False
được,nfd,5,▁đu|̛|o|̛|̣c,1.5|2|2.5|2.5,False,0.0,False,False,False
đượm,nfc,3,▁đ|ượ|m,1|3,False,1.0,True,False,False
đượm,nfd,6,▁đu|̛|o|̛|̣|m,1.5|2|2.5|2.5|3,False,0.2,False,True,False
đạc,nfc,2,▁đ|ạc,1,False,1.0,True,False,False
đạc,nfd,2,▁đa|̣c,1.5,False,0.0,False,False,False
đạch,nfc,2,▁đ|ạch,1,False,1.0,True,False,False
đạch,nfd,3,▁đa|̣|ch,1.5|2,False,0.5,False,True,False
đại,nfc,1,▁đại,,True,1.0,False,False,False
đại,nfd,2,▁đa|̣i,1.5,False,0.0,False,False,False
đạm,nfc,2,▁đ|ạm,1,False,1.0,True,False,False
đạm,nfd,3,▁đa|̣|m,1.5|2,False,0.5,False,True,False
đạn,nfc,2,▁đ|ạn,1,False,1.0,True,False,False
đạn,nfd,2,▁đa|̣n,1.5,False,0.0,False,False,False
đạo,nfc,1,▁đạo,,True,1.0,False,False,False
đạo,nfd,3,▁đa|̣|o,1.5|2,False,0.5,False,True,False
đạp,nfc,1,▁đạp,,True,1.0,False,False,False
đạp,nfd,3,▁đa|̣|p,1.5|2,False,0.5,False,True,False
đạt,nfc,1,▁đạt,,True,1.0,False,False,False
đạt,nfd,2,▁đa|̣t,1.5,False,0.0,False,False,False
đả,nfc,2,▁đ|ả,1,False,1.0,True,False,False
đả,nfd,2,▁đa|̉,1.5,False,0.0,False,True,False
đảm,nfc,1,▁đảm,,True,1.0,False,False,False
đảm,nfd,3,▁đa|̉|m,1.5|2,False,0.5,False,True,False
đản,nfc,2,▁đ|ản,1,False,1.0,True,False,False
đản,nfd,3,▁đa|̉|n,1.5|2,False,0.5,False,True,False
đảng,nfc,2,▁đ|ảng,1,False,1.0,True,False,False
đảng,nfd,3,▁đa|̉|ng,1.5|2,False,0.5,False,True,False
đảo,nfc,1,▁đảo,,True,1.0,False,False,False
đảo,nfd,3,▁đa|̉|o,1.5|2,False,0.5,False,True,False
đảy,nfc,2,▁đ|ảy,1,False,1.0,True,False,False
đảy,nfd,3,▁đa|̉|y,1.5|2,False,0.5,False,True,False
đấm,nfc,2,▁đ|ấm,1,False,1.0,True,False,False
đấm,nfd,4,▁đa|̂|́|m,1.5|1.5|2,False,0.3333333333333333,False,True,False
đấng,nfc,3,▁đ|ấ|ng,1|2,False,1.0,True,False,False
đấng,nfd,3,▁đa|̂|́ng,1.5|1.5,False,0.0,False,False,False
đất,nfc,1,▁đất,,True,1.0,False,False,False
đất,nfd,3,▁đa|̂|́t,1.5|1.5,False,0.0,False,False,False
đấu,nfc,1,▁đấu,,True,1.0,False,False,False
đấu,nfd,4,▁đa|̂|́|u,1.5|1.5|2,False,0.3333333333333333,False,True,False
đấy,nfc,1,▁đấy,,True,1.0,False,False,False
đấy,nfd,4,▁đa|̂|́|y,1.5|1.5|2,False,0.3333333333333333,False,True,False
đầm,nfc,1,▁đầm,,True,1.0,False,False,False
đầm,nfd,4,▁đa|̂|̀|m,1.5|1.5|2,False,0.3333333333333333,False,True,False
đần,nfc,2,▁đ|ần,1,False,1.0,True,False,False
đần,nfd,3,▁đa|̂|̀n,1.5|1.5,False,0.0,False,False,False
đầu,nfc,1,▁đầu,,True,1.0,False,False,False
đầu,nfd,3,▁đa|̂|̀u,1.5|1.5,False,0.0,False,False,False
đầy,nfc,1,▁đầy,,True,1.0,False,False,False
đầy,nfd,4,▁đa|̂|̀|y,1.5|1.5|2,False,0.3333333333333333,False,True,False
đẩu,nfc,2,▁đ|ẩu,1,False,1.0,True,False,False
đẩu,nfd,4,▁đa|̂|̉|u,1.5|1.5|2,False,0.3333333333333333,False,True,False
đẩy,nfc,1,▁đẩy,,True,1.0,False,False,False
đẩy,nfd,4,▁đa|̂|̉|y,1.5|1.5|2,False,0.3333333333333333,False,True,False
đẫm,nfc,3,▁đ|ẫ|m,1|2,False,1.0,True,False,False
đẫm,nfd,4,▁đa|̂|̃|m,1.5|1.5|2,False,0.3333333333333333,False,True,False
đẫn,nfc,2,▁đ|ẫn,1,False,1.0,True,False,False
đẫn,nfd,4,▁đa|̂|̃|n,1.5|1.5|2,False,0.3333333333333333,False,True,False
đẫy,nfc,2,▁đ|ẫy,1,False,1.0,True,False,False
đẫy,nfd,4,▁đa|̂|̃|y,1.5|1.5|2,False,0.3333333333333333,False,True,False
đậm,nfc,1,▁đậm,,True,1.0,False,False,False
đậm,nfd,4,▁đa|̣|̂|m,1.5|1.5|2,False,0.3333333333333333,False,True,False
đận,nfc,2,▁đ|ận,1,False,1.0,True,False,False
đận,nfd,4,▁đa|̣|̂|n,1.5|1.5|2,False,0.3333333333333333,False,True,False
đập,nfc,2,▁đ|ập,1,False,1.0,True,False,False
đập,nfd,4,▁đa|̣|̂|p,1.5|1.5|2,False,0.3333333333333333,False,True,False
đật,nfc,2,▁đ|ật,1,False,1.0,True,False,False
đật,nfd,4,▁đa|̣|̂|t,1.5|1.5|2,False,0.3333333333333333,False,True,False
đậu,nfc,1,▁đậu,,True,1.0,False,False,False
đậu,nfd,4,▁đa|̣|̂|u,1.5|1.5|2,False,0.3333333333333333,False,True,False
đậy,nfc,2,▁đ|ậy,1,False,1.0,True,False,False
đậy,nfd,4,▁đa|̣|̂|y,1.5|1.5|2,False,0.3333333333333333,False,True,False
đắc,nfc,2,▁đ|ắc,1,False,1.0,True,False,False
đắc,nfd,3,▁đa|̆|́c,1.5|1.5,False,0.0,False,False,False
đắm,nfc,2,▁đ|ắm,1,False,1.0,True,False,False
đắm,nfd,4,▁đa|̆|́|m,1.5|1.5|2,False,0.3333333333333333,False,True,False
đắn,nfc,2,▁đ|ắn,1,False,1.0,True,False,False
đắn,nfd,3,▁đa|̆|́n,1.5|1.5,False,0.0,False,False,False
đắng,nfc,2,▁đ|ắng,1,False,1.0,True,False,False
đắng,nfd,3,▁đa|̆|́ng,1.5|1.5,False,0.0,False,False,False
đắp,nfc,2,▁đ|ắp,1,False,1.0,True,False,False
đắp,nfd,4,▁đa|̆|́|p,1.5|1.5|2,False,0.3333333333333333,False,True,False
đắt,nfc,2,▁đ|ắt,1,False,1.0,True,False,False
đắt,nfd,3,▁đa|̆|́t,1.5|1.5,False,0.0,False,False,False
đằm,nfc,2,▁đ|ằm,1,False,1.0,True,False,False
đằm,nfd,4,▁đa|̆|̀|m,1.5|1.5|2,False,0.3333333333333333,False,True,False
đằn,nfc,3,▁đ|ằ|n,1|2,False,1.0,True,False,False
đằn,nfd,3,▁đa|̆|̀n,1.5|1.5,False,0.0,False,False,False
đằng,nfc,2,▁đ|ằng,1,False,1.0,True,False,False
đằng,nfd,3,▁đa|̆|̀ng,1.5|1.5,False,0.0,False,False,False
đẳng,nfc,1,▁đẳng,,True,1.0,False,False,False
đẳng,nfd,4,▁đa|̆|̉|ng,1.5|1.5|2,False,0.3333333333333333,False,True,False
đẵm,nfc,3,▁đ|ẵ|m,1|2,False,1.0,True,False,False
đẵm,nfd,4,▁đa|̆|̃|m,1.5|1.5|2,False,0.3333333333333333,False,True,False
đẵn,nfc,2,▁đ|ẵn,1,False,1.0,True,False,False
đẵn,nfd,4,▁đa|̆|̃|n,1.5|1.5|2,False,0.3333333333333333,False,True,False
đẵng,nfc,2,▁đ|ẵng,1,False,1.0,True,False,False
đẵng,nfd,4,▁đa|̆|̃|ng,1.5|1.5|2,False,0.3333333333333333,False,True,False
đặc,nfc,1,▁đặc,,True,1.0,False,False,False
đặc,nfd,4,▁đa|̣|̆|c,1.5|1.5|2,False,0.3333333333333333,False,True,False
đặn,nfc,2,▁đ|ặn,1,False,1.0,True,False,False
đặn,nfd,4,▁đa|̣|̆|n,1.5|1.5|2,False,0.3333333333333333,False,True,False
đặng,nfc,2,▁đ|ặng,1,False,1.0,True,False,False
đặng,nfd,4,▁đa|̣|̆|ng,1.5|1.5|2,False,0.3333333333333333,False,True,False
đặt,nfc,1,▁đặt,,True,1.0,False,False,False
đặt,nfd,4,▁đa|̣|̆|t,1.5|1.5|2,False,0.3333333333333333,False,True,False
đẹn,nfc,2,▁đ|ẹn,1,False,1.0,True,False,False
đẹn,nfd,3,▁đ|e|̣n,1|1.5,False,0.5,True,False,False
đẹp,nfc,1,▁đẹp,,True,1.0,False,False,False
đẹp,nfd,4,▁đ|e|̣|p,1|1.5|2,False,0.6666666666666666,True,True,False
đẹt,nfc,3,▁đ|ẹ|t,1|2,False,1.0,True,False,False
đẹt,nfd,3,▁đ|e|̣t,1|1.5,False,0.5,True,False,False
đẻ,nfc,2,▁đ|ẻ,1,False,1.0,True,False,False
đẻ,nfd,3,▁đ|e|̉,1|1.5,False,0.5,True,True,False
đẽ,nfc,2,▁đ|ẽ,1,False,1.0,True,False,False
đẽ,nfd,3,▁đ|e|̃,1|1.5,False,0.5,True,True,False
đẽo,nfc,3,▁đ|ẽ|o,1|2,False,1.0,True,False,False
đẽo,nfd,3,▁đ|e|̃o,1|1.5,False,0.5,True,False,False
đế,nfc,1,▁đế,,True,1.0,False,False,False
đế,nfd,4,▁đ|e|̂|́,1|1.5|1.5,False,0.3333333333333333,True,True,False
đếch,nfc,2,▁đế|ch,2,False,1.0,False,False,False
đếch,nfd,5,▁đ|e|̂|́|ch,1|1.5|1.5|2,False,0.5,True,True,False
đếm,nfc,2,▁đ|ếm,1,False,1.0,True,False,False
đếm,nfd,5,▁đ|e|̂|́|m,1|1.5|1.5|2,False,0.5,True,True,False
đến,nfc,1,▁đến,,True,1.0,False,False,False
đến,nfd,4,▁đ|e|̂|́n,1|1.5|1.5,False,0.3333333333333333,True,False,False
đề,nfc,1,▁đề,,True,1.0,False,False,False
đề,nfd,4,▁đ|e|̂|̀,1|1.5|1.5,False,0.3333333333333333,True,True,False
đềm,nfc,2,▁đề|m,2,False,1.0,False,False,False
đềm,nfd,5,▁đ|e|̂|̀|m,1|1.5|1.5|2,False,0.5,True,True,False
đền,nfc,2,▁đ|ền,1,False,1.0,True,False,False
đền,nfd,4,▁đ|e|̂|̀n,1|1.5|1.5,False,0.3333333333333333,True,False,False
đềnh,nfc,2,▁đề|nh,2,False,1.0,False,False,False
đềnh,nfd,4,▁đ|e|̂|̀nh,1|1.5|1.5,False,0.3333333333333333,True,False,False
đều,nfc,1,▁đều,,True,1.0,False,False,False
đều,nfd,4,▁đ|e|̂|̀u,1|1.5|1.5,False,0.3333333333333333,True,False,False
để,nfc,1,▁để,,True,1.0,False,False,False
để,nfd,4,▁đ|e|̂|̉,1|1.5|1.5,False,0.3333333333333333,True,True,False
đểnh,nfc,2,▁để|nh,2,False,1.0,False,False,False
đểnh,nfd,5,▁đ|e|̂|̉|nh,1|1.5|1.5|2,False,0.5,True,True,False
đểu,nfc,2,▁để|u,2,False,1.0,False,False,False
đểu,nfd,5,▁đ|e|̂|̉|u,1|1.5|1.5|2,False,0.5,True,True,False
đễ,nfc,2,▁đ|ễ,1,False,1.0,True,False,False
đễ,nfd,4,▁đ|e|̂|̃,1|1.5|1.5,False,0.3333333333333333,True,True,False
đễnh,nfc,3,▁đ|ễ|nh,1|2,False,1.0,True,False,False
đễnh,nfd,5,▁đ|e|̂|̃|nh,1|1.5|1.5|2,False,0.5,True,True,False
đệ,nfc,2,▁đ|ệ,1,False,1.0,True,False,False
đệ,nfd,4,▁đ|e|̣|̂,1|1.5|1.5,False,0.3333333333333333,True,True,False
đệm,nfc,2,▁đ|ệm,1,False,1.0,True,False,False
đệm,nfd,5,▁đ|e|̣|̂|m,1|1.5|1.5|2,False,0.5,True,True,False
đệp,nfc,2,▁đ|ệp,1,False,1.0,True,False,False
đệp,nfd,5,▁đ|e|̣|̂|p,1|1.5|1.5|2,False,0.5,True,True,False
đỉa,nfc,3,▁đ|ỉ|a,1|2,False,0.5,True,False,False
đỉa,nfd,3,▁đi|̉|a,1.5|2,False,0.0,False,True,False
đỉnh,nfc,1,▁đỉnh,,True,1.0,False,False,False
đỉnh,nfd,3,▁đi|̉|nh,1.5|2,False,0.5,False,True,False
địa,nfc,1,▁địa,,True,1.0,False,False,False
địa,nfd,3,▁đi|̣|a,1.5|2,False,0.0,False,True,False
địch,nfc,1,▁địch,,True,1.0,False,False,False
địch,nfd,3,▁đi|̣|ch,1.5|2,False,0.5,False,True,False
định,nfc,1,▁định,,True,1.0,False,False,False
định,nfd,3,▁đi|̣|nh,1.5|2,False,0.5,False,True,False
địt,nfc,2,▁đị|t,2,False,1.0,False,False,False
địt,nfd,2,▁đi|̣t,1.5,False,0.0,False,False,False
địu,nfc,2,▁đị|u,2,False,1.0,False,False,False
địu,nfd,3,▁đi|̣|u,1.5|2,False,0.5,False,True,False
đọ,nfc,2,▁đ|ọ,1,False,1.0,True,False,False
đọ,nfd,2,▁đo|̣,1.5,False,0.0,False,True,False
đọc,nfc,1,▁đọc,,True,1.0,False,False,False
đọc,nfd,2,▁đo|̣c,1.5,False,0.0,False,False,False
đọi,nfc,2,▁đ|ọi,1,False,1.0,True,False,False
đọi,nfd,2,▁đo|̣i,1.5,False,0.0,False,False,False
đọn,nfc,2,▁đ|ọn,1,False,1.0,True,False,False
đọn,nfd,2,▁đo|̣n,1.5,False,0.0,False,False,False
đọng,nfc,2,▁đ|ọng,1,False,1.0,True,False,False
đọng,nfd,2,▁đo|̣ng,1.5,False,0.0,False,False,False
đọp,nfc,3,▁đ|ọ|p,1|2,False,1.0,True,False,False
đọp,nfd,3,▁đo|̣|p,1.5|2,False,0.5,False,True,False
đọt,nfc,2,▁đ|ọt,1,False,1.0,True,False,False
đọt,nfd,2,▁đo|̣t,1.5,False,0.0,False,False,False
đỏ,nfc,1,▁đỏ,,True,1.0,False,False,False
đỏ,nfd,2,▁đo|̉,1.5,False,0.0,False,True,False
đỏi,nfc,2,▁đ|ỏi,1,False,1.0,True,False,False
đỏi,nfd,3,▁đo|̉|i,1.5|2,False,0.5,False,True,False
đỏm,nfc,2,▁đỏ|m,2,False,1.0,False,False,False
đỏm,nfd,3,▁đo|̉|m,1.5|2,False,0.5,False,True,False
đố,nfc,2,▁đ|ố,1,False,1.0,True,False,False
đố,nfd,3,▁đo|̂|́,1.5|1.5,False,0.0,False,True,False
đốc,nfc,1,▁đốc,,True,1.0,False,False,False
đốc,nfd,3,▁đo|̂|́c,1.5|1.5,False,0.0,False,False,False
đối,nfc,1,▁đối,,True,1.0,False,False,False
đối,nfd,3,▁đo|̂|́i,1.5|1.5,False,0.0,False,False,False
đốm,nfc,2,▁đ|ốm,1,False,1.0,True,False,False
đốm,nfd,4,▁đo|̂|́|m,1.5|1.5|2,False,0.3333333333333333,False,True,False
đốn,nfc,2,▁đ|ốn,1,False,1.0,True,False,False
đốn,nfd,3,▁đo|̂|́n,1.5|1.5,False,0.0,False,False,False
đống,nfc,2,▁đ|ống,1,False,1.0,True,False,False
đống,nfd,3,▁đo|̂|́ng,1.5|1.5,False,0.0,False,False,False
đốp,nfc,2,▁đ|ốp,1,False,1.0,True,False,False
đốp,nfd,4,▁đo|̂|́|p,1.5|1.5|2,False,0.3333333333333333,False,True,False
đốt,nfc,2,▁đ|ốt,1,False,1.0,True,False,False
đốt,nfd,3,▁đo|̂|́t,1.5|1.5,False,0.0,False,False,False
đồ,nfc,1,▁đồ,,True,1.0,False,False,False
đồ,nfd,3,▁đo|̂|̀,1.5|1.5,False,0.0,False,True,False
đồi,nfc,2,▁đ|ồi,1,False,1.0,True,False,False
đồi,nfd,3,▁đo|̂|̀i,1.5|1.5,False,0.0,False,False,False
đồm,nfc,2,▁đồ|m,2,False,1.0,False,False,False
đồm,nfd,4,▁đo|̂|̀|m,1.5|1.5|2,False,0.3333333333333333,False,True,False
đồn,nfc,2,▁đ|ồn,1,False,1.0,True,False,False
đồn,nfd,3,▁đo|̂|̀n,1.5|1.5,False,0.0,False,False,False
đồng,nfc,1,▁đồng,,True,1.0,False,False,False
đồng,nfd,3,▁đo|̂|̀ng,1.5|1.5,False,0.0,False,False,False
đổ,nfc,1,▁đổ,,True,1.0,False,False,False
đổ,nfd,3,▁đo|̂|̉,1.5|1.5,False,0.0,False,True,False
đổi,nfc,1,▁đổi,,True,1.0,False,False,False
đổi,nfd,4,▁đo|̂|̉|i,1.5|1.5|2,False,0.3333333333333333,False,True,False
đổng,nfc,2,▁đ|ổng,1,False,1.0,True,False,False
đổng,nfd,4,▁đo|̂|̉|ng,1.5|1.5|2,False,0.3333333333333333,False,True,False
đỗ,nfc,2,▁đ|ỗ,1,False,1.0,True,False,False
đỗ,nfd,3,▁đo|̂|̃,1.5|1.5,False,0.0,False,True,False
đỗi,nfc,2,▁đ|ỗi,1,False,1.0,True,False,False
đỗi,nfd,4,▁đo|̂|̃|i,1.5|1.5|2,False,0.3333333333333333,False,True,False
độ,nfc,1,▁độ,,True,1.0,False,False,False
độ,nfd,3,▁đo|̣|̂,1.5|1.5,False,0.0,False,True,False
độc,nfc,1,▁độc,,True,1.0,False,False,False
độc,nfd,4,▁đo|̣|̂|c,1.5|1.5|2,False,0.3333333333333333,False,True,False
đội,nfc,1,▁đội,,True,1.0,False,False,False
đội,nfd,4,▁đo|̣|̂|i,1.5|1.5|2,False,0.3333333333333333,False,True,False
độn,nfc,2,▁độ|n,2,False,1.0,False,False,False
độn,nfd,4,▁đo|̣|̂|n,1.5|1.5|2,False,0.3333333333333333,False,True,False
động,nfc,1,▁động,,True,1.0,False,False,False
động,nfd,4,▁đo|̣|̂|ng,1.5|1.5|2,False,0.3333333333333333,False,True,False
độp,nfc,2,▁độ|p,2,False,1.0,False,False,False
độp,nfd,4,▁đo|̣|̂|p,1.5|1.5|2,False,0.3333333333333333,False,True,False
đột,nfc,1,▁đột,,True,1.0,False,False,False
đột,nfd,4,▁đo|̣|̂|t,1.5|1.5|2,False,0.3333333333333333,False,True,False
đớ,nfc,2,▁đ|ớ,1,False,1.0,True,False,False
đớ,nfd,3,▁đo|̛|́,1.5|1.5,False,0.0,False,True,False
đới,nfc,2,▁đ|ới,1,False,1.0,True,False,False
đới,nfd,3,▁đo|̛|́i,1.5|1.5,False,0.0,False,False,False
đớn,nfc,3,▁đ|ớ|n,1|2,False,1.0,True,False,False
đớn,nfd,3,▁đo|̛|́n,1.5|1.5,False,0.0,False,False,False
đớp,nfc,2,▁đ|ớp,1,False,1.0,True,False,False
đớp,nfd,4,▁đo|̛|́|p,1.5|1.5|2,False,0.3333333333333333,False,True,False
đớt,nfc,2,▁đ|ớt,1,False,1.0,True,False,False
đớt,nfd,3,▁đo|̛|́t,1.5|1.5,False,0.0,False,False,False
đờ,nfc,2,▁đ|ờ,1,False,1.0,True,False,False
đờ,nfd,3,▁đo|̛|̀,1.5|1.5,False,0.0,False,True,False
đời,nfc,1,▁đời,,True,1.0,False,False,False
đời,nfd,3,▁đo|̛|̀i,1.5|1.5,False,0.0,False,False,False
đờm,nfc,3,▁đ|ờ|m,1|2,False,1.0,True,False,False
đờm,nfd,4,▁đo|̛|̀|m,1.5|1.5|2,False,0.3333333333333333,False,True,False
đờn,nfc,3,▁đ|ờ|n,1|2,False,1.0,True,False,False
đờn,nfd,3,▁đo|̛|̀n,1.5|1.5,False,0.0,False,False,False
đởm,nfc,3,▁đ|ở|m,1|2,False,1.0,True,False,False
đởm,nfd,4,▁đo|̛|̉|m,1.5|1.5|2,False,0.3333333333333333,False,True,False
đởn,nfc,3,▁đ|ở|n,1|2,False,1.0,True,False,False
đởn,nfd,4,▁đo|̛|̉|n,1.5|1.5|2,False,0.3333333333333333,False,True,False
đỡ,nfc,1,▁đỡ,,True,1.0,False,False,False
đỡ,nfd,3,▁đo|̛|̃,1.5|1.5,False,0.0,False,True,False
đợ,nfc,2,▁đ|ợ,1,False,1.0,True,False,False
đợ,nfd,3,▁đo|̛|̣,1.5|1.5,False,0.0,False,True,False
đợi,nfc,1,▁đợi,,True,1.0,False,False,False
đợi,nfd,3,▁đo|̛|̣i,1.5|1.5,False,0.0,False,False,False
đợp,nfc,2,▁đ|ợp,1,False,1.0,True,False,False
đợp,nfd,4,▁đo|̛|̣|p,1.5|1.5|2,False,0.3333333333333333,False,True,False
đợt,nfc,2,▁đ|ợt,1,False,1.0,True,False,False
đợt,nfd,3,▁đo|̛|̣t,1.5|1.5,False,0.0,False,False,False
đụ,nfc,2,▁đ|ụ,1,False,1.0,True,False,False
đụ,nfd,2,▁đu|̣,1.5,False,0.0,False,True,False
đục,nfc,2,▁đ|ục,1,False,1.0,True,False,False
đục,nfd,2,▁đu|̣c,1.5,False,0.0,False,False,False
đụn,nfc,2,▁đ|ụn,1,False,1.0,True,False,False
đụn,nfd,2,▁đu|̣n,1.5,False,0.0,False,False,False
đụng,nfc,2,▁đ|ụng,1,False,1.0,True,False,False
đụng,nfd,2,▁đu|̣ng,1.5,False,0.0,False,False,False
đụp,nfc,2,▁đ|ụp,1,False,1.0,True,False,False
đụp,nfd,3,▁đu|̣|p,1.5|2,False,0.5,False,True,False
đụt,nfc,3,▁đ|ụ|t,1|2,False,1.0,True,False,False
đụt,nfd,2,▁đu|̣t,1.5,False,0.0,False,False,False
đủ,nfc,1,▁đủ,,True,1.0,False,False,False
đủ,nfd,2,▁đu|̉,1.5,False,0.0,False,True,False
đủi,nfc,2,▁đủ|i,2,False,1.0,False,False,False
đủi,nfd,3,▁đu|̉|i,1.5|2,False,0.5,False,True,False
đủng,nfc,2,▁đủ|ng,2,False,1.0,False,False,False
đủng,nfd,3,▁đu|̉|ng,1.5|2,False,0.5,False,True,False
đứ,nfc,2,▁đ|ứ,1,False,1.0,True,False,False
đứ,nfd,3,▁đu|̛|́,1.5|1.5,False,0.0,False,True,False
đứa,nfc,1,▁đứa,,True,1.0,False,False,False
đứa,nfd,4,▁đu|̛|́|a,1.5|1.5|2,False,0.0,False,True,False
đức,nfc,1,▁đức,,True,1.0,False,False,False
đức,nfd,3,▁đu|̛|́c,1.5|1.5,False,0.0,False,False,False
đứng,nfc,1,▁đứng,,True,1.0,False,False,False
đứng,nfd,3,▁đu|̛|́ng,1.5|1.5,False,0.0,False,False,False
đứt,nfc,2,▁đ|ứt,1,False,1.0,True,False,False
đứt,nfd,3,▁đu|̛|́t,1.5|1.5,False,0.0,False,False,False
đừ,nfc,2,▁đ|ừ,1,False,1.0,True,False,False
đừ,nfd,3,▁đu|̛|̀,1.5|1.5,False,0.0,False,True,False
đừa,nfc,2,▁đ|ừa,1,False,1.0,True,False,False
đừa,nfd,4,▁đu|̛|̀|a,1.5|1.5|2,False,0.0,False,True,False
đừng,nfc,1,▁đừng,,True,1.0,False,False,False
đừng,nfd,3,▁đu|̛|̀ng,1.5|1.5,False,0.0,False,False,False
đử,nfc,2,▁đ|ử,1,False,1.0,True,False,False
đử,nfd,3,▁đu|̛|̉,1.5|1.5,False,0.0,False,True,False
đực,nfc,2,▁đ|ực,1,False,1.0,True,False,False
đực,nfd,3,▁đu|̛|̣c,1.5|1.5,False,0.0,False,False,False
đựng,nfc,1,▁đựng,,True,1.0,False,False,False
đựng,nfd,3,▁đu|̛|̣ng,1.5|1.5,False,0.0,False,False,False
ĩ,nfc,1,ĩ,,True,1.0,False,False,False
ĩ,nfd,2,▁i|̃,0.5,False,0.0,False,True,False
ĩnh,nfc,1,ĩnh,,True,1.0,False,False,False
ĩnh,nfd,3,▁i|̃|nh,0.5|1,False,0.5,False,True,False
ơ,nfc,1,ơ,,True,1.0,False,False,False
ơ,nfd,2,▁o|̛,0.5,False,0.0,False,False,False
ơi,nfc,1,▁ơi,,True,1.0,False,False,False
ơi,nfd,3,▁o|̛|i,0.5|1,False,0.5,False,False,False
ơn,nfc,1,▁ơn,,True,1.0,False,False,False
ơn,nfd,3,▁o|̛|n,0.5|1,False,0.5,False,False,False
ư,nfc,1,ư,,True,1.0,False,False,False
ư,nfd,2,▁u|̛,0.5,False,0.0,False,False,False
ưa,nfc,1,ưa,,True,1.0,False,False,False
ưa,nfd,3,▁u|̛|a,0.5|1,False,0.0,False,False,False
ưng,nfc,1,ưng,,True,1.0,False,False,False
ưng,nfd,3,▁u|̛|ng,0.5|1,False,0.5,False,False,False
ưu,nfc,1,▁ưu,,True,1.0,False,False,False
ưu,nfd,3,▁u|̛|u,0.5|1,False,0.5,False,False,False
ươi,nfc,1,ươi,,True,1.0,False,False,False
ươi,nfd,5,▁u|̛|o|̛|i,0.5|1|1.5|2,False,0.25,False,False,False
ươm,nfc,2,ươ|m,2,False,1.0,False,False,False
ươm,nfd,5,▁u|̛|o|̛|m,0.5|1|1.5|2,False,0.25,False,False,False
ươn,nfc,2,ươ|n,2,False,1.0,False,False,False
ươn,nfd,5,▁u|̛|o|̛|n,0.5|1|1.5|2,False,0.25,False,False,False
ương,nfc,1,ương,,True,1.0,False,False,False
ương,nfd,5,▁u|̛|o|̛|ng,0.5|1|1.5|2,False,0.25,False,False,False
ước,nfc,1,▁ước,,True,1.0,False,False,False
ước,nfd,5,▁u|̛|o|̛|́c,0.5|1|1.5|1.5,False,0.0,False,False,False
ướm,nfc,2,ướ|m,2,False,1.0,False,False,False
ướm,nfd,6,▁u|̛|o|̛|́|m,0.5|1|1.5|1.5|2,False,0.2,False,True,False
ướp,nfc,1,ướp,,True,1.0,False,False,False
ướp,nfd,6,▁u|̛|o|̛|́|p,0.5|1|1.5|1.5|2,False,0.2,False,True,False
ướt,nfc,1,ướt,,True,1.0,False,False,False
ướt,nfd,5,▁u|̛|o|̛|́t,0.5|1|1.5|1.5,False,0.0,False,False,False
ườn,nfc,1,ườn,,True,1.0,False,False,False
ườn,nfd,5,▁u|̛|o|̛|̀n,0.5|1|1.5|1.5,False,0.0,False,False,False
ưỡn,nfc,3,ư|ỡ|n,1|2,False,0.5,False,False,False
ưỡn,nfd,6,▁u|̛|o|̛|̃|n,0.5|1|1.5|1.5|2,False,0.2,False,True,False
ạ,nfc,1,▁ạ,,True,1.0,False,False,False
ạ,nfd,2,▁a|̣,0.5,False,0.0,False,True,False
ạch,nfc,1,ạch,,True,1.0,False,False,False
ạch,nfd,3,▁a|̣|ch,0.5|1,False,0.5,False,True,False
ạnh,nfc,1,ạnh,,True,1.0,False,False,False
ạnh,nfd,3,▁a|̣|nh,0.5|1,False,0.5,False,True,False
ạo,nfc,1,ạo,,True,1.0,False,False,False
ạo,nfd,3,▁a|̣|o,0.5|1,False,0.5,False,True,False
ạt,nfc,1,ạt,,True,1.0,False,False,False
ạt,nfd,2,▁a|̣t,0.5,False,0.0,False,False,False
ả,nfc,1,ả,,True,1.0,False,False,False
ả,nfd,2,▁a|̉,0.5,False,0.0,False,True,False
ải,nfc,1,ải,,True,1.0,False,False,False
ải,nfd,3,▁a|̉|i,0.5|1,False,0.5,False,True,False
ảm,nfc,1,ảm,,True,1.0,False,False,False
ảm,nfd,3,▁a|̉|m,0.5|1,False,0.5,False,True,False
ảng,nfc,1,ảng,,True,1.0,False,False,False
ảng,nfd,3,▁a|̉|ng,0.5|1,False,0.5,False,True,False
ảnh,nfc,1,▁ảnh,,True,1.0,False,False,False
ảnh,nfd,3,▁a|̉|nh,0.5|1,False,0.5,False,True,False
ảo,nfc,1,▁ảo,,True,1.0,False,False,False
ảo,nfd,3,▁a|̉|o,0.5|1,False,0.5,False,True,False
ấm,nfc,1,▁ấm,,True,1.0,False,False,False
ấm,nfd,4,▁a|̂|́|m,0.5|0.5|1,False,0.3333333333333333,False,True,False
ấn,nfc,1,▁ấn,,True,1.0,False,False,False
ấn,nfd,3,▁a|̂|́n,0.5|0.5,False,0.0,False,False,False
ấp,nfc,1,ấp,,True,1.0,False,False,False
ấp,nfd,4,▁a|̂|́|p,0.5|0.5|1,False,0.3333333333333333,False,True,False
ất,nfc,1,ất,,True,1.0,False,False,False
ất,nfd,3,▁a|̂|́t,0.5|0.5,False,0.0,False,False,False
ấu,nfc,1,ấu,,True,1.0,False,False,False
ấu,nfd,4,▁a|̂|́|u,0.5|0.5|1,False,0.3333333333333333,False,True,False
ấy,nfc,1,▁ấy,,True,1.0,False,False,False
ấy,nfd,4,▁a|̂|́|y,0.5|0.5|1,False,0.3333333333333333,False,True,False
ầm,nfc,1,ầm,,True,1.0,False,False,False
ầm,nfd,4,▁a|̂|̀|m,0.5|0.5|1,False,0.3333333333333333,False,True,False
ầy,nfc,1,ầy,,True,1.0,False,False,False
ầy,nfd,4,▁a|̂|̀|y,0.5|0.5|1,False,0.3333333333333333,False,True,False
ẩm,nfc,1,▁ẩm,,True,1.0,False,False,False
ẩm,nfd,4,▁a|̂|̉|m,0.5|0.5|1,False,0.3333333333333333,False,True,False
ẩn,nfc,1,▁ẩn,,True,1.0,False,False,False
ẩn,nfd,4,▁a|̂|̉|n,0.5|0.5|1,False,0.3333333333333333,False,True,False
ẩu,nfc,1,ẩu,,True,1.0,False,False,False
ẩu,nfd,4,▁a|̂|̉|u,0.5|0.5|1,False,0.3333333333333333,False,True,False
ẩy,nfc,1,ẩy,,True,1.0,False,False,False
ẩy,nfd,4,▁a|̂|̉|y,0.5|0.5|1,False,0.3333333333333333,False,True,False
ậc,nfc,1,ậc,,True,1.0,False,False,False
ậc,nfd,4,▁a|̣|̂|c,0.5|0.5|1,False,0.3333333333333333,False,True,False
ậm,nfc,1,ậm,,True,1.0,False,False,False
ậm,nfd,4,▁a|̣|̂|m,0.5|0.5|1,False,0.3333333333333333,False,True,False
ập,nfc,1,ập,,True,1.0,False,False,False
ập,nfd,4,▁a|̣|̂|p,0.5|0.5|1,False,0.3333333333333333,False,True,False
ắc,nfc,1,ắc,,True,1.0,False,False,False
ắc,nfd,3,▁a|̆|́c,0.5|0.5,False,0.0,False,False,False
ắng,nfc,1,ắng,,True,1.0,False,False,False
ắng,nfd,3,▁a|̆|́ng,0.5|0.5,False,0.0,False,False,False
ắp,nfc,1,ắp,,True,1.0,False,False,False
ắp,nfd,4,▁a|̆|́|p,0.5|0.5|1,False,0.3333333333333333,False,True,False
ắt,nfc,1,ắt,,True,1.0,False,False,False
ắt,nfd,3,▁a|̆|́t,0.5|0.5,False,0.0,False,False,False
ằng,nfc,1,ằng,,True,1.0,False,False,False
ằng,nfd,3,▁a|̆|̀ng,0.5|0.5,False,0.0,False,False,False
ẳng,nfc,1,ẳng,,True,1.0,False,False,False
ẳng,nfd,4,▁a|̆|̉|ng,0.5|0.5|1,False,0.3333333333333333,False,True,False
ẵm,nfc,2,ẵ|m,1,False,1.0,False,False,False
ẵm,nfd,4,▁a|̆|̃|m,0.5|0.5|1,False,0.3333333333333333,False,True,False
ặc,nfc,1,ặc,,True,1.0,False,False,False
ặc,nfd,4,▁a|̣|̆|c,0.5|0.5|1,False,0.3333333333333333,False,True,False
ặp,nfc,1,ặp,,True,1.0,False,False,False
ặp,nfd,4,▁a|̣|̆|p,0.5|0.5|1,False,0.3333333333333333,False,True,False
ẹ,nfc,1,ẹ,,True,1.0,False,False,False
ẹ,nfd,2,▁e|̣,0.5,False,0.0,False,True,False
ẹo,nfc,1,ẹo,,True,1.0,False,False,False
ẹo,nfd,3,▁e|̣|o,0.5|1,False,0.5,False,True,False
ẹp,nfc,1,ẹp,,True,1.0,False,False,False
ẹp,nfd,3,▁e|̣|p,0.5|1,False,0.5,False,True,False
ẹt,nfc,2,ẹ|t,1,False,1.0,False,False,False
ẹt,nfd,2,▁e|̣t,0.5,False,0.0,False,False,False
ẻn,nfc,2,ẻ|n,1,False,1.0,False,False,False
ẻn,nfd,3,▁e|̉|n,0.5|1,False,0.5,False,True,False
ẻo,nfc,1,ẻo,,True,1.0,False,False,False
ẻo,nfd,3,▁e|̉|o,0.5|1,False,0.5,False,True,False
ẽo,nfc,2,ẽ|o,1,False,1.0,False,False,False
ẽo,nfd,2,▁e|̃o,0.5,False,0.0,False,False,False
ế,nfc,1,ế,,True,1.0,False,False,False
ế,nfd,3,▁e|̂|́,0.5|0.5,False,0.0,False,True,False
ếch,nfc,2,ế|ch,1,False,1.0,False,False,False
ếch,nfd,4,▁e|̂|́|ch,0.5|0.5|1,False,0.3333333333333333,False,True,False
ếm,nfc,1,ếm,,True,1.0,False,False,False
ếm,nfd,4,▁e|̂|́|m,0.5|0.5|1,False,0.3333333333333333,False,True,False
ề,nfc,1,ề,,True,1.0,False,False,False
ề,nfd,3,▁e|̂|̀,0.5|0.5,False,0.0,False,True,False
ềnh,nfc,2,ề|nh,1,False,1.0,False,False,False
ềnh,nfd,3,▁e|̂|̀nh,0.5|0.5,False,0.0,False,False,False
ễnh,nfc,2,ễ|nh,1,False,1.0,False,False,False
ễnh,nfd,4,▁e|̂|̃|nh,0.5|0.5|1,False,0.3333333333333333,False,True,False
ệ,nfc,1,ệ,,True,1.0,False,False,False
ệ,nfd,3,▁e|̣|̂,0.5|0.5,False,0.0,False,True,False
ệch,nfc,2,ệ|ch,1,False,1.0,False,False,False
ệch,nfd,4,▁e|̣|̂|ch,0.5|0.5|1,False,0.3333333333333333,False,True,False
ện,nfc,1,ện,,True,1.0,False,False,False
ện,nfd,4,▁e|̣|̂|n,0.5|0.5|1,False,0.3333333333333333,False,True,False
ệnh,nfc,1,ệnh,,True,1.0,False,False,False
ệnh,nfd,4,▁e|̣|̂|nh,0.5|0.5|1,False,0.3333333333333333,False,True,False
ỉ,nfc,1,ỉ,,True,1.0,False,False,False
ỉ,nfd,2,▁i|̉,0.5,False,0.0,False,True,False
ỉa,nfc,2,ỉ|a,1,False,0.0,False,False,False
ỉa,nfd,3,▁i|̉|a,0.5|1,False,0.0,False,True,False
ỉm,nfc,2,ỉ|m,1,False,1.0,False,False,False
ỉm,nfd,3,▁i|̉|m,0.5|1,False,0.5,False,True,False
ỉn,nfc,2,ỉ|n,1,False,1.0,False,False,False
ỉn,nfd,3,▁i|̉|n,0.5|1,False,0.5,False,True,False
ỉu,nfc,2,ỉ|u,1,False,1.0,False,False,False
ỉu,nfd,3,▁i|̉|u,0.5|1,False,0.5,False,True,False
ị,nfc,1,ị,,True,1.0,False,False,False
ị,nfd,2,▁i|̣,0.5,False,0.0,False,True,False
ịch,nfc,1,ịch,,True,1.0,False,False,False
ịch,nfd,3,▁i|̣|ch,0.5|1,False,0.5,False,True,False
ịt,nfc,1,ịt,,True,1.0,False,False,False
ịt,nfd,2,▁i|̣t,0.5,False,0.0,False,False,False
ọ,nfc,1,▁ọ,,True,1.0,False,False,False
ọ,nfd,2,▁o|̣,0.5,False,0.0,False,True,False
ọc,nfc,1,ọc,,True,1.0,False,False,False
ọc,nfd,2,▁o|̣c,0.5,False,0.0,False,False,False
ọi,nfc,1,ọi,,True,1.0,False,False,False
ọi,nfd,2,▁o|̣i,0.5,False,0.0,False,False,False
ọp,nfc,2,▁ọ|p,1,False,1.0,False,False,False
ọp,nfd,3,▁o|̣|p,0.5|1,False,0.5,False,True,False
ọt,nfc,1,ọt,,True,1.0,False,False,False
ọt,nfd,2,▁o|̣t,0.5,False,0.0,False,False,False
ỏi,nfc,1,ỏi,,True,1.0,False,False,False
ỏi,nfd,3,▁o|̉|i,0.5|1,False,0.5,False,True,False
ỏm,nfc,2,ỏ|m,1,False,1.0,False,False,False
ỏm,nfd,3,▁o|̉|m,0.5|1,False,0.5,False,True,False
ỏn,nfc,2,ỏ|n,1,False,1.0,False,False,False
ỏn,nfd,3,▁o|̉|n,0.5|1,False,0.5,False,True,False
ỏng,nfc,1,ỏng,,True,1.0,False,False,False
ỏng,nfd,3,▁o|̉|ng,0.5|1,False,0.5,False,True,False
ố,nfc,1,ố,,True,1.0,False,False,False
ố,nfd,3,▁o|̂|́,0.5|0.5,False,0.0,False,True,False
ốc,nfc,1,▁ốc,,True,1.0,False,False,False
ốc,nfd,3,▁o|̂|́c,0.5|0.5,False,0.0,False,False,False
ối,nfc,1,ối,,True,1.0,False,False,False
ối,nfd,3,▁o|̂|́i,0.5|0.5,False,0.0,False,False,False
ốm,nfc,1,ốm,,True,1.0,False,False,False
ốm,nfd,4,▁o|̂|́|m,0.5|0.5|1,False,0.3333333333333333,False,True,False
ống,nfc,1,▁ống,,True,1.0,False,False,False
ống,nfd,3,▁o|̂|́ng,0.5|0.5,False,0.0,False,False,False
ốp,nfc,1,▁ốp,,True,1.0,False,False,False
ốp,nfd,4,▁o|̂|́|p,0.5|0.5|1,False,0.3333333333333333,False,True,False
ốt,nfc,1,ốt,,True,1.0,False,False,False
ốt,nfd,3,▁o|̂|́t,0.5|0.5,False,0.0,False,False,False
ồ,nfc,1,ồ,,True,1.0,False,False,False
ồ,nfd,3,▁o|̂|̀,0.5|0.5,False,0.0,False,True,False
ồm,nfc,1,ồm,,True,1.0,False,False,False
ồm,nfd,4,▁o|̂|̀|m,0.5|0.5|1,False,0.3333333333333333,False,True,False
ồn,nfc,1,ồn,,True,1.0,False,False,False
ồn,nfd,3,▁o|̂|̀n,0.5|0.5,False,0.0,False,False,False
ồng,nfc,1,ồng,,True,1.0,False,False,False
ồng,nfd,3,▁o|̂|̀ng,0.5|0.5,False,0.0,False,False,False
ổ,nfc,1,▁ổ,,True,1.0,False,False,False
ổ,nfd,3,▁o|̂|̉,0.5|0.5,False,0.0,False,True,False
ổi,nfc,1,ổi,,True,1.0,False,False,False
ổi,nfd,4,▁o|̂|̉|i,0.5|0.5|1,False,0.3333333333333333,False,True,False
ổn,nfc,1,▁ổn,,True,1.0,False,False,False
ổn,nfd,4,▁o|̂|̉|n,0.5|0.5|1,False,0.3333333333333333,False,True,False
ổng,nfc,1,ổng,,True,1.0,False,False,False
ổng,nfd,4,▁o|̂|̉|ng,0.5|0.5|1,False,0.3333333333333333,False,True,False
ộ,nfc,1,ộ,,True,1.0,False,False,False
ộ,nfd,3,▁o|̣|̂,0.5|0.5,False,0.0,False,True,False
ộc,nfc,1,ộc,,True,1.0,False,False,False
ộc,nfd,4,▁o|̣|̂|c,0.5|0.5|1,False,0.3333333333333333,False,True,False
ộn,nfc,1,ộn,,True,1.0,False,False,False
ộn,nfd,4,▁o|̣|̂|n,0.5|0.5|1,False,0.3333333333333333,False,True,False
ộp,nfc,1,ộp,,True,1.0,False,False,False
ộp,nfd,4,▁o|̣|̂|p,0.5|0.5|1,False,0.3333333333333333,False,True,False
ớ,nfc,1,ớ,,True,1.0,False,False,False
ớ,nfd,3,▁o|̛|́,0.5|0.5,False,0.0,False,True,False
ới,nfc,1,ới,,True,1.0,False,False,False
ới,nfd,3,▁o|̛|́i,0.5|0.5,False,0.0,False,False,False
ớm,nfc,1,ớm,,True,1.0,False,False,False
ớm,nfd,4,▁o|̛|́|m,0.5|0.5|1,False,0.3333333333333333,False,True,False
ớn,nfc,2,ớ|n,1,False,1.0,False,False,False
ớn,nfd,3,▁o|̛|́n,0.5|0.5,False,0.0,False,False,False
ớt,nfc,1,▁ớt,,True,1.0,False,False,False
ớt,nfd,3,▁o|̛|́t,0.5|0.5,False,0.0,False,False,False
ờ,nfc,1,ờ,,True,1.0,False,False,False
ờ,nfd,3,▁o|̛|̀,0.5|0.5,False,0.0,False,True,False
ờn,nfc,2,ờ|n,1,False,1.0,False,False,False
ờn,nfd,3,▁o|̛|̀n,0.5|0.5,False,0.0,False,False,False
ở,nfc,1,▁ở,,True,1.0,False,False,False
ở,nfd,3,▁o|̛|̉,0.5|0.5,False,0.0,False,True,False
ỡm,nfc,2,ỡ|m,1,False,1.0,False,False,False
ỡm,nfd,4,▁o|̛|̃|m,0.5|0.5|1,False,0.3333333333333333,False,True,False
ợ,nfc,1,ợ,,True,1.0,False,False,False
ợ,nfd,3,▁o|̛|̣,0.5|0.5,False,0.0,False,True,False
ợt,nfc,1,ợt,,True,1.0,False,False,False
ợt,nfd,3,▁o|̛|̣t,0.5|0.5,False,0.0,False,False,False
ụ,nfc,1,ụ,,True,1.0,False,False,False
ụ,nfd,2,▁u|̣,0.5,False,0.0,False,True,False
ụa,nfc,2,ụ|a,1,False,0.0,False,False,False
ụa,nfd,3,▁u|̣|a,0.5|1,False,0.0,False,True,False
ục,nfc,1,ục,,True,1.0,False,False,False
ục,nfd,2,▁u|̣c,0.5,False,0.0,False,False,False
ụp,nfc,1,ụp,,True,1.0,False,False,False
ụp,nfd,3,▁u|̣|p,0.5|1,False,0.5,False,True,False
ụt,nfc,2,ụ|t,1,False,1.0,False,False,False
ụt,nfd,2,▁u|̣t,0.5,False,0.0,False,False,False
ủ,nfc,1,ủ,,True,1.0,False,False,False
ủ,nfd,2,▁u|̉,0.5,False,0.0,False,True,False
ủa,nfc,1,ủa,,True,1.0,False,False,False
ủa,nfd,3,▁u|̉|a,0.5|1,False,0.0,False,True,False
ủi,nfc,1,ủi,,True,1.0,False,False,False
ủi,nfd,3,▁u|̉|i,0.5|1,False,0.5,False,True,False
ủn,nfc,2,ủ|n,1,False,1.0,False,False,False
ủn,nfd,3,▁u|̉|n,0.5|1,False,0.5,False,True,False
ủng,nfc,1,ủng,,True,1.0,False,False,False
ủng,nfd,3,▁u|̉|ng,0.5|1,False,0.5,False,True,False
ứ,nfc,1,ứ,,True,1.0,False,False,False
ứ,nfd,3,▁u|̛|́,0.5|0.5,False,0.0,False,True,False
ứa,nfc,1,ứa,,True,1.0,False,False,False
ứa,nfd,4,▁u|̛|́|a,0.5|0.5|1,False,0.0,False,True,False
ức,nfc,1,ức,,True,1.0,False,False,False
ức,nfd,3,▁u|̛|́c,0.5|0.5,False,0.0,False,False,False
ứng,nfc,1,▁ứng,,True,1.0,False,False,False
ứng,nfd,3,▁u|̛|́ng,0.5|0.5,False,0.0,False,False,False
ừ,nfc,1,ừ,,True,1.0,False,False,False
ừ,nfd,3,▁u|̛|̀,0.5|0.5,False,0.0,False,True,False
ừng,nfc,1,ừng,,True,1.0,False,False,False
ừng,nfd,3,▁u|̛|̀ng,0.5|0.5,False,0.0,False,False,False
ửng,nfc,2,ử|ng,1,False,1.0,False,False,False
ửng,nfd,4,▁u|̛|̉|ng,0.5|0.5|1,False,0.3333333333333333,False,True,False
ựa,nfc,1,ựa,,True,1.0,False,False,False
ựa,nfd,4,▁u|̛|̣|a,0.5|0.5|1,False,0.0,False,True,False
ực,nfc,1,ực,,True,1.0,False,False,False
ực,nfd,3,▁u|̛|̣c,0.5|0.5,False,0.0,False,False,False
ỷ,nfc,1,ỷ,,True,1.0,False,False,False
ỷ,nfd,2,▁y|̉,0.5,False,0.0,False,True,False
